[2026-01-04 17:15:50] VideoclubLogger.info: Socio incluido: Juan {"cliente":1,"nombre":"Juan","username":"juan"}
[2026-01-04 17:15:50] VideoclubLogger.info: Producto incluido: Avatar {"producto":1,"titulo":"Avatar","precio":3.5}
[2026-01-04 17:15:50] VideoclubLogger.info: Soporte no alquilado: Avatar {"soporte":1}
[2026-01-04 17:15:50] VideoclubLogger.info: Alquiler realizado {"cliente":1,"producto":1,"titulo":"Avatar"}
[2026-01-04T17:30:10.651837+00:00] VideoclubLogger.INFO: Soporte no alquilado: Avatar {"soporte":1} []
[2026-01-04T17:30:10.653330+00:00] VideoclubLogger.INFO: Soporte ya alquilado: Avatar {"soporte":1} []
[2026-01-04T17:30:10.656390+00:00] VideoclubLogger.INFO: Soporte no alquilado: Avatar {"soporte":1} []
[2026-01-04T17:30:10.656558+00:00] VideoclubLogger.INFO: Soporte ya alquilado: Avatar {"soporte":1} []
[2026-01-04T17:30:10.656620+00:00] VideoclubLogger.WARNING: Intento de alquiler de soporte ya alquilado: Avatar {"soporte":1,"cliente":1} []
[2026-01-04T17:30:10.658047+00:00] VideoclubLogger.INFO: Soporte no alquilado: Avatar {"soporte":1} []
[2026-01-04T17:30:10.658207+00:00] VideoclubLogger.INFO: Soporte no alquilado: Inception {"soporte":4} []
[2026-01-04T17:30:10.658272+00:00] VideoclubLogger.INFO: Soporte no alquilado: Elden Ring {"soporte":7} []
[2026-01-04T17:30:10.658324+00:00] VideoclubLogger.WARNING: Cupo superado al intentar alquilar: max 2 {"cliente":1} []
[2026-01-04T17:30:10.658873+00:00] VideoclubLogger.INFO: Soporte no alquilado: Avatar {"soporte":1} []
[2026-01-04T17:30:10.659050+00:00] VideoclubLogger.INFO: Soporte no alquilado: Avatar {"soporte":1} []
[2026-01-04T17:30:10.659448+00:00] VideoclubLogger.WARNING: Intento de devolver soporte no alquilado: 1 {"cliente":1} []
[2026-01-04T17:30:10.660085+00:00] VideoclubLogger.INFO: Soporte no alquilado: Avatar {"soporte":1} []
[2026-01-04T17:30:10.660237+00:00] VideoclubLogger.WARNING: Intento de devolver soporte no alquilado: 999 {"cliente":1} []
[2026-01-04T17:30:10.660663+00:00] VideoclubLogger.INFO: Soporte no alquilado: Película 0 {"soporte":100} []
[2026-01-04T17:30:10.661353+00:00] VideoclubLogger.INFO: Soporte no alquilado: Película 0 {"soporte":100} []
[2026-01-04T17:30:10.661507+00:00] VideoclubLogger.INFO: Soporte no alquilado: Película 1 {"soporte":101} []
[2026-01-04T17:30:10.661806+00:00] VideoclubLogger.INFO: Soporte no alquilado: Película 0 {"soporte":100} []
[2026-01-04T17:30:10.662005+00:00] VideoclubLogger.INFO: Soporte no alquilado: Película 1 {"soporte":101} []
[2026-01-04T17:30:10.662070+00:00] VideoclubLogger.INFO: Soporte no alquilado: Película 2 {"soporte":102} []
[2026-01-04T17:30:10.662366+00:00] VideoclubLogger.INFO: Soporte no alquilado: Película 0 {"soporte":100} []
[2026-01-04T17:30:10.662518+00:00] VideoclubLogger.INFO: Soporte no alquilado: Película 1 {"soporte":101} []
[2026-01-04T17:30:10.662578+00:00] VideoclubLogger.INFO: Soporte no alquilado: Película 2 {"soporte":102} []
[2026-01-04T17:30:10.662630+00:00] VideoclubLogger.INFO: Soporte no alquilado: Película 3 {"soporte":103} []
[2026-01-04T17:30:10.662679+00:00] VideoclubLogger.INFO: Soporte no alquilado: Película 4 {"soporte":104} []
[2026-01-04T17:30:10.662982+00:00] VideoclubLogger.INFO: Soporte no alquilado: Película 0 {"soporte":100} []
[2026-01-04T17:30:10.663136+00:00] VideoclubLogger.INFO: Soporte no alquilado: Película 1 {"soporte":101} []
[2026-01-04T17:30:10.663208+00:00] VideoclubLogger.INFO: Soporte no alquilado: Película 2 {"soporte":102} []
[2026-01-04T17:30:10.663260+00:00] VideoclubLogger.INFO: Soporte no alquilado: Película 3 {"soporte":103} []
[2026-01-04T17:30:10.663309+00:00] VideoclubLogger.INFO: Soporte no alquilado: Película 4 {"soporte":104} []
[2026-01-04T17:30:10.663357+00:00] VideoclubLogger.INFO: Soporte no alquilado: Película 5 {"soporte":105} []
[2026-01-04T17:30:10.663406+00:00] VideoclubLogger.INFO: Soporte no alquilado: Película 6 {"soporte":106} []
[2026-01-04T17:30:10.663454+00:00] VideoclubLogger.INFO: Soporte no alquilado: Película 7 {"soporte":107} []
[2026-01-04T17:30:10.663502+00:00] VideoclubLogger.INFO: Soporte no alquilado: Película 8 {"soporte":108} []
[2026-01-04T17:30:10.663583+00:00] VideoclubLogger.INFO: Soporte no alquilado: Película 9 {"soporte":109} []
[2026-01-04T17:30:10.663965+00:00] VideoclubLogger.INFO: Soporte no alquilado: Película 0 {"soporte":200} []
[2026-01-04T17:30:10.664124+00:00] VideoclubLogger.INFO: Soporte no alquilado: Película Extra 1 {"soporte":301} []
[2026-01-04T17:30:10.664180+00:00] VideoclubLogger.WARNING: Cupo superado al intentar alquilar: max 1 {"cliente":98} []
[2026-01-04T17:30:10.664607+00:00] VideoclubLogger.INFO: Soporte no alquilado: Película 0 {"soporte":200} []
[2026-01-04T17:30:10.664759+00:00] VideoclubLogger.INFO: Soporte no alquilado: Película 1 {"soporte":201} []
[2026-01-04T17:30:10.664823+00:00] VideoclubLogger.INFO: Soporte no alquilado: Película Extra 2 {"soporte":302} []
[2026-01-04T17:30:10.664872+00:00] VideoclubLogger.WARNING: Cupo superado al intentar alquilar: max 2 {"cliente":98} []
[2026-01-04T17:30:10.665290+00:00] VideoclubLogger.INFO: Soporte no alquilado: Película 0 {"soporte":200} []
[2026-01-04T17:30:10.665440+00:00] VideoclubLogger.INFO: Soporte no alquilado: Película 1 {"soporte":201} []
[2026-01-04T17:30:10.665498+00:00] VideoclubLogger.INFO: Soporte no alquilado: Película 2 {"soporte":202} []
[2026-01-04T17:30:10.665554+00:00] VideoclubLogger.INFO: Soporte no alquilado: Película Extra 3 {"soporte":303} []
[2026-01-04T17:30:10.665602+00:00] VideoclubLogger.WARNING: Cupo superado al intentar alquilar: max 3 {"cliente":98} []
[2026-01-04T17:30:10.666094+00:00] VideoclubLogger.INFO: Soporte no alquilado: Avatar {"soporte":50} []
[2026-01-04T17:30:10.666250+00:00] VideoclubLogger.INFO: Soporte ya alquilado: Avatar {"soporte":50} []
[2026-01-04T17:30:10.666573+00:00] VideoclubLogger.INFO: Soporte no alquilado: Inception {"soporte":51} []
[2026-01-04T17:30:10.666726+00:00] VideoclubLogger.INFO: Soporte ya alquilado: Inception {"soporte":51} []
[2026-01-04T17:30:10.667030+00:00] VideoclubLogger.INFO: Soporte no alquilado: Elden Ring {"soporte":52} []
[2026-01-04T17:30:10.667181+00:00] VideoclubLogger.INFO: Soporte ya alquilado: Elden Ring {"soporte":52} []
[2026-01-04T17:30:10.667525+00:00] VideoclubLogger.INFO: Soporte no alquilado: Avatar {"soporte":1} []
[2026-01-04T17:30:10.667673+00:00] VideoclubLogger.INFO: Soporte no alquilado: Inception {"soporte":4} []
[2026-01-04T17:30:10.667731+00:00] VideoclubLogger.INFO: Soporte no alquilado: Elden Ring {"soporte":7} []
[2026-01-04T17:30:10.667791+00:00] VideoclubLogger.INFO: Soporte no alquilado: Avatar {"soporte":1} []
[2026-01-04T17:30:10.667849+00:00] VideoclubLogger.INFO: Soporte no alquilado: Inception {"soporte":4} []
[2026-01-04T17:30:10.667902+00:00] VideoclubLogger.INFO: Soporte no alquilado: Titanic {"soporte":2} []
[2026-01-04T17:30:10.667963+00:00] VideoclubLogger.INFO: Soporte no alquilado: Interstellar {"soporte":5} []
[2026-01-04T17:30:10.668461+00:00] VideoclubLogger.INFO: Soporte no alquilado: Avatar {"soporte":1} []
[2026-01-04T17:30:10.669492+00:00] VideoclubLogger.INFO: Soporte no alquilado: Avatar {"soporte":1} []
[2026-01-04T17:30:10.670091+00:00] VideoclubLogger.INFO: Soporte no alquilado: Avatar {"soporte":1} []
[2026-01-04T17:30:10.670494+00:00] VideoclubLogger.INFO: Soporte no alquilado: Avatar {"soporte":1} []
[2026-01-04T17:30:10.670641+00:00] VideoclubLogger.INFO: Soporte ya alquilado: Avatar {"soporte":1} []
[2026-01-04T17:30:10.670703+00:00] VideoclubLogger.INFO: Soporte no alquilado: Avatar {"soporte":1} []
[2026-01-04T17:30:24.398196+00:00] VideoclubLogger.INFO: Soporte no alquilado: Avatar {"soporte":1} []
[2026-01-04T17:30:24.399244+00:00] VideoclubLogger.WARNING: Intento de devolver soporte no alquilado: 999 {"cliente":1} []
[2026-01-04T17:30:24.403663+00:00] VideoclubLogger.INFO: Soporte no alquilado: Película 0 {"soporte":100} []
[2026-01-04T17:30:24.404361+00:00] VideoclubLogger.INFO: Soporte no alquilado: Película 0 {"soporte":100} []
[2026-01-04T17:30:24.404526+00:00] VideoclubLogger.INFO: Soporte no alquilado: Película 1 {"soporte":101} []
[2026-01-04T17:30:24.404859+00:00] VideoclubLogger.INFO: Soporte no alquilado: Película 0 {"soporte":100} []
[2026-01-04T17:30:24.405019+00:00] VideoclubLogger.INFO: Soporte no alquilado: Película 1 {"soporte":101} []
[2026-01-04T17:30:24.405084+00:00] VideoclubLogger.INFO: Soporte no alquilado: Película 2 {"soporte":102} []
[2026-01-04T17:30:24.405374+00:00] VideoclubLogger.INFO: Soporte no alquilado: Película 0 {"soporte":100} []
[2026-01-04T17:30:24.405528+00:00] VideoclubLogger.INFO: Soporte no alquilado: Película 1 {"soporte":101} []
[2026-01-04T17:30:24.405587+00:00] VideoclubLogger.INFO: Soporte no alquilado: Película 2 {"soporte":102} []
[2026-01-04T17:30:24.405639+00:00] VideoclubLogger.INFO: Soporte no alquilado: Película 3 {"soporte":103} []
[2026-01-04T17:30:24.405702+00:00] VideoclubLogger.INFO: Soporte no alquilado: Película 4 {"soporte":104} []
[2026-01-04T17:30:24.406019+00:00] VideoclubLogger.INFO: Soporte no alquilado: Película 0 {"soporte":100} []
[2026-01-04T17:30:24.406188+00:00] VideoclubLogger.INFO: Soporte no alquilado: Película 1 {"soporte":101} []
[2026-01-04T17:30:24.406248+00:00] VideoclubLogger.INFO: Soporte no alquilado: Película 2 {"soporte":102} []
[2026-01-04T17:30:24.406300+00:00] VideoclubLogger.INFO: Soporte no alquilado: Película 3 {"soporte":103} []
[2026-01-04T17:30:24.406349+00:00] VideoclubLogger.INFO: Soporte no alquilado: Película 4 {"soporte":104} []
[2026-01-04T17:30:24.406397+00:00] VideoclubLogger.INFO: Soporte no alquilado: Película 5 {"soporte":105} []
[2026-01-04T17:30:24.406446+00:00] VideoclubLogger.INFO: Soporte no alquilado: Película 6 {"soporte":106} []
[2026-01-04T17:30:24.406494+00:00] VideoclubLogger.INFO: Soporte no alquilado: Película 7 {"soporte":107} []
[2026-01-04T17:30:24.406543+00:00] VideoclubLogger.INFO: Soporte no alquilado: Película 8 {"soporte":108} []
[2026-01-04T17:30:24.406591+00:00] VideoclubLogger.INFO: Soporte no alquilado: Película 9 {"soporte":109} []
[2026-01-04T17:30:24.406958+00:00] VideoclubLogger.INFO: Soporte no alquilado: Película 0 {"soporte":200} []
[2026-01-04T17:30:24.407154+00:00] VideoclubLogger.INFO: Soporte no alquilado: Película Extra 1 {"soporte":301} []
[2026-01-04T17:30:24.407248+00:00] VideoclubLogger.WARNING: Cupo superado al intentar alquilar: max 1 {"cliente":98} []
[2026-01-04T17:30:24.407952+00:00] VideoclubLogger.INFO: Soporte no alquilado: Película 0 {"soporte":200} []
[2026-01-04T17:30:24.408115+00:00] VideoclubLogger.INFO: Soporte no alquilado: Película 1 {"soporte":201} []
[2026-01-04T17:30:24.408182+00:00] VideoclubLogger.INFO: Soporte no alquilado: Película Extra 2 {"soporte":302} []
[2026-01-04T17:30:24.408233+00:00] VideoclubLogger.WARNING: Cupo superado al intentar alquilar: max 2 {"cliente":98} []
[2026-01-04T17:30:24.408657+00:00] VideoclubLogger.INFO: Soporte no alquilado: Película 0 {"soporte":200} []
[2026-01-04T17:30:24.408812+00:00] VideoclubLogger.INFO: Soporte no alquilado: Película 1 {"soporte":201} []
[2026-01-04T17:30:24.408873+00:00] VideoclubLogger.INFO: Soporte no alquilado: Película 2 {"soporte":202} []
[2026-01-04T17:30:24.408930+00:00] VideoclubLogger.INFO: Soporte no alquilado: Película Extra 3 {"soporte":303} []
[2026-01-04T17:30:24.408978+00:00] VideoclubLogger.WARNING: Cupo superado al intentar alquilar: max 3 {"cliente":98} []
[2026-01-04T17:30:24.409488+00:00] VideoclubLogger.INFO: Soporte no alquilado: Avatar {"soporte":50} []
[2026-01-04T17:30:24.409648+00:00] VideoclubLogger.INFO: Soporte ya alquilado: Avatar {"soporte":50} []
[2026-01-04T17:30:24.410156+00:00] VideoclubLogger.INFO: Soporte no alquilado: Inception {"soporte":51} []
[2026-01-04T17:30:24.410316+00:00] VideoclubLogger.INFO: Soporte ya alquilado: Inception {"soporte":51} []
[2026-01-04T17:30:24.410616+00:00] VideoclubLogger.INFO: Soporte no alquilado: Elden Ring {"soporte":52} []
[2026-01-04T17:30:24.410774+00:00] VideoclubLogger.INFO: Soporte ya alquilado: Elden Ring {"soporte":52} []
[2026-01-04T17:30:24.411349+00:00] VideoclubLogger.INFO: Soporte no alquilado: Avatar {"soporte":1} []
[2026-01-04T17:30:24.411945+00:00] VideoclubLogger.INFO: Soporte no alquilado: Avatar {"soporte":1} []
[2026-01-04T17:30:24.412133+00:00] VideoclubLogger.INFO: Soporte no alquilado: Inception {"soporte":4} []
[2026-01-04T17:30:24.412200+00:00] VideoclubLogger.INFO: Soporte no alquilado: Elden Ring {"soporte":7} []
[2026-01-04T17:30:24.412254+00:00] VideoclubLogger.WARNING: Cupo superado al intentar alquilar: max 2 {"cliente":1} []
[2026-01-04T17:30:24.412822+00:00] VideoclubLogger.INFO: Soporte no alquilado: Avatar {"soporte":1} []
[2026-01-04T17:30:24.412993+00:00] VideoclubLogger.INFO: Soporte no alquilado: Avatar {"soporte":1} []
[2026-01-04T17:30:24.413405+00:00] VideoclubLogger.WARNING: Intento de devolver soporte no alquilado: 1 {"cliente":1} []
[2026-01-04T17:30:24.413927+00:00] VideoclubLogger.INFO: Soporte no alquilado: Avatar {"soporte":1} []
[2026-01-04T17:30:24.414085+00:00] VideoclubLogger.INFO: Soporte no alquilado: Inception {"soporte":4} []
[2026-01-04T17:30:24.414146+00:00] VideoclubLogger.INFO: Soporte no alquilado: Elden Ring {"soporte":7} []
[2026-01-04T17:30:24.414207+00:00] VideoclubLogger.INFO: Soporte no alquilado: Avatar {"soporte":1} []
[2026-01-04T17:30:24.414266+00:00] VideoclubLogger.INFO: Soporte no alquilado: Inception {"soporte":4} []
[2026-01-04T17:30:24.414320+00:00] VideoclubLogger.INFO: Soporte no alquilado: Titanic {"soporte":2} []
[2026-01-04T17:30:24.414369+00:00] VideoclubLogger.INFO: Soporte no alquilado: Interstellar {"soporte":5} []
[2026-01-04T17:30:24.414882+00:00] VideoclubLogger.INFO: Soporte no alquilado: Avatar {"soporte":1} []
[2026-01-04T17:30:24.415493+00:00] VideoclubLogger.INFO: Soporte no alquilado: Avatar {"soporte":1} []
[2026-01-04T17:30:24.415905+00:00] VideoclubLogger.INFO: Soporte no alquilado: Avatar {"soporte":1} []
[2026-01-04T17:30:24.416060+00:00] VideoclubLogger.INFO: Soporte ya alquilado: Avatar {"soporte":1} []
[2026-01-04T17:30:24.416124+00:00] VideoclubLogger.INFO: Soporte no alquilado: Avatar {"soporte":1} []
[2026-01-04T17:30:24.416535+00:00] VideoclubLogger.INFO: Soporte no alquilado: Avatar {"soporte":1} []
[2026-01-04T17:30:24.416687+00:00] VideoclubLogger.INFO: Soporte ya alquilado: Avatar {"soporte":1} []
[2026-01-04T17:30:24.416745+00:00] VideoclubLogger.WARNING: Intento de alquiler de soporte ya alquilado: Avatar {"soporte":1,"cliente":1} []
[2026-01-04T17:30:24.417301+00:00] VideoclubLogger.INFO: Soporte no alquilado: Avatar {"soporte":1} []
[2026-01-04T17:30:24.417460+00:00] VideoclubLogger.INFO: Soporte ya alquilado: Avatar {"soporte":1} []
[2026-01-04T17:30:28.581510+00:00] VideoclubLogger.INFO: Soporte no alquilado: Avatar {"soporte":1} []
[2026-01-04T17:30:28.582563+00:00] VideoclubLogger.INFO: Soporte ya alquilado: Avatar {"soporte":1} []
[2026-01-04T17:30:28.583019+00:00] VideoclubLogger.WARNING: Intento de devolver soporte no alquilado: 1 {"cliente":1} []
[2026-01-04T17:30:28.584528+00:00] VideoclubLogger.INFO: Soporte no alquilado: Película 0 {"soporte":100} []
[2026-01-04T17:30:28.585230+00:00] VideoclubLogger.INFO: Soporte no alquilado: Película 0 {"soporte":100} []
[2026-01-04T17:30:28.585387+00:00] VideoclubLogger.INFO: Soporte no alquilado: Película 1 {"soporte":101} []
[2026-01-04T17:30:28.585689+00:00] VideoclubLogger.INFO: Soporte no alquilado: Película 0 {"soporte":100} []
[2026-01-04T17:30:28.585843+00:00] VideoclubLogger.INFO: Soporte no alquilado: Película 1 {"soporte":101} []
[2026-01-04T17:30:28.585904+00:00] VideoclubLogger.INFO: Soporte no alquilado: Película 2 {"soporte":102} []
[2026-01-04T17:30:28.586200+00:00] VideoclubLogger.INFO: Soporte no alquilado: Película 0 {"soporte":100} []
[2026-01-04T17:30:28.586353+00:00] VideoclubLogger.INFO: Soporte no alquilado: Película 1 {"soporte":101} []
[2026-01-04T17:30:28.586412+00:00] VideoclubLogger.INFO: Soporte no alquilado: Película 2 {"soporte":102} []
[2026-01-04T17:30:28.586466+00:00] VideoclubLogger.INFO: Soporte no alquilado: Película 3 {"soporte":103} []
[2026-01-04T17:30:28.586516+00:00] VideoclubLogger.INFO: Soporte no alquilado: Película 4 {"soporte":104} []
[2026-01-04T17:30:28.586832+00:00] VideoclubLogger.INFO: Soporte no alquilado: Película 0 {"soporte":100} []
[2026-01-04T17:30:28.586986+00:00] VideoclubLogger.INFO: Soporte no alquilado: Película 1 {"soporte":101} []
[2026-01-04T17:30:28.587051+00:00] VideoclubLogger.INFO: Soporte no alquilado: Película 2 {"soporte":102} []
[2026-01-04T17:30:28.587104+00:00] VideoclubLogger.INFO: Soporte no alquilado: Película 3 {"soporte":103} []
[2026-01-04T17:30:28.587154+00:00] VideoclubLogger.INFO: Soporte no alquilado: Película 4 {"soporte":104} []
[2026-01-04T17:30:28.587203+00:00] VideoclubLogger.INFO: Soporte no alquilado: Película 5 {"soporte":105} []
[2026-01-04T17:30:28.587252+00:00] VideoclubLogger.INFO: Soporte no alquilado: Película 6 {"soporte":106} []
[2026-01-04T17:30:28.587300+00:00] VideoclubLogger.INFO: Soporte no alquilado: Película 7 {"soporte":107} []
[2026-01-04T17:30:28.587348+00:00] VideoclubLogger.INFO: Soporte no alquilado: Película 8 {"soporte":108} []
[2026-01-04T17:30:28.587396+00:00] VideoclubLogger.INFO: Soporte no alquilado: Película 9 {"soporte":109} []
[2026-01-04T17:30:28.587756+00:00] VideoclubLogger.INFO: Soporte no alquilado: Película 0 {"soporte":200} []
[2026-01-04T17:30:28.587916+00:00] VideoclubLogger.INFO: Soporte no alquilado: Película Extra 1 {"soporte":301} []
[2026-01-04T17:30:28.587972+00:00] VideoclubLogger.WARNING: Cupo superado al intentar alquilar: max 1 {"cliente":98} []
[2026-01-04T17:30:28.588584+00:00] VideoclubLogger.INFO: Soporte no alquilado: Película 0 {"soporte":200} []
[2026-01-04T17:30:28.588743+00:00] VideoclubLogger.INFO: Soporte no alquilado: Película 1 {"soporte":201} []
[2026-01-04T17:30:28.588812+00:00] VideoclubLogger.INFO: Soporte no alquilado: Película Extra 2 {"soporte":302} []
[2026-01-04T17:30:28.588865+00:00] VideoclubLogger.WARNING: Cupo superado al intentar alquilar: max 2 {"cliente":98} []
[2026-01-04T17:30:28.589309+00:00] VideoclubLogger.INFO: Soporte no alquilado: Película 0 {"soporte":200} []
[2026-01-04T17:30:28.589462+00:00] VideoclubLogger.INFO: Soporte no alquilado: Película 1 {"soporte":201} []
[2026-01-04T17:30:28.589522+00:00] VideoclubLogger.INFO: Soporte no alquilado: Película 2 {"soporte":202} []
[2026-01-04T17:30:28.589579+00:00] VideoclubLogger.INFO: Soporte no alquilado: Película Extra 3 {"soporte":303} []
[2026-01-04T17:30:28.589626+00:00] VideoclubLogger.WARNING: Cupo superado al intentar alquilar: max 3 {"cliente":98} []
[2026-01-04T17:30:28.590126+00:00] VideoclubLogger.INFO: Soporte no alquilado: Elden Ring {"soporte":52} []
[2026-01-04T17:30:28.590287+00:00] VideoclubLogger.INFO: Soporte ya alquilado: Elden Ring {"soporte":52} []
[2026-01-04T17:30:28.590616+00:00] VideoclubLogger.INFO: Soporte no alquilado: Inception {"soporte":51} []
[2026-01-04T17:30:28.590772+00:00] VideoclubLogger.INFO: Soporte ya alquilado: Inception {"soporte":51} []
[2026-01-04T17:30:28.591095+00:00] VideoclubLogger.INFO: Soporte no alquilado: Avatar {"soporte":50} []
[2026-01-04T17:30:28.591253+00:00] VideoclubLogger.INFO: Soporte ya alquilado: Avatar {"soporte":50} []
[2026-01-04T17:30:28.591810+00:00] VideoclubLogger.INFO: Soporte no alquilado: Avatar {"soporte":1} []
[2026-01-04T17:30:28.592376+00:00] VideoclubLogger.INFO: Soporte no alquilado: Avatar {"soporte":1} []
[2026-01-04T17:30:28.592535+00:00] VideoclubLogger.INFO: Soporte ya alquilado: Avatar {"soporte":1} []
[2026-01-04T17:30:28.592595+00:00] VideoclubLogger.WARNING: Intento de alquiler de soporte ya alquilado: Avatar {"soporte":1,"cliente":1} []
[2026-01-04T17:30:28.593196+00:00] VideoclubLogger.INFO: Soporte no alquilado: Avatar {"soporte":1} []
[2026-01-04T17:30:28.593352+00:00] VideoclubLogger.INFO: Soporte no alquilado: Inception {"soporte":4} []
[2026-01-04T17:30:28.593414+00:00] VideoclubLogger.INFO: Soporte no alquilado: Elden Ring {"soporte":7} []
[2026-01-04T17:30:28.593466+00:00] VideoclubLogger.WARNING: Cupo superado al intentar alquilar: max 2 {"cliente":1} []
[2026-01-04T17:30:28.593873+00:00] VideoclubLogger.INFO: Soporte no alquilado: Avatar {"soporte":1} []
[2026-01-04T17:30:28.594063+00:00] VideoclubLogger.INFO: Soporte no alquilado: Avatar {"soporte":1} []
[2026-01-04T17:30:28.594489+00:00] VideoclubLogger.INFO: Soporte no alquilado: Avatar {"soporte":1} []
[2026-01-04T17:30:28.594659+00:00] VideoclubLogger.INFO: Soporte no alquilado: Inception {"soporte":4} []
[2026-01-04T17:30:28.594722+00:00] VideoclubLogger.INFO: Soporte no alquilado: Elden Ring {"soporte":7} []
[2026-01-04T17:30:28.594785+00:00] VideoclubLogger.INFO: Soporte no alquilado: Avatar {"soporte":1} []
[2026-01-04T17:30:28.594844+00:00] VideoclubLogger.INFO: Soporte no alquilado: Inception {"soporte":4} []
[2026-01-04T17:30:28.594896+00:00] VideoclubLogger.INFO: Soporte no alquilado: Titanic {"soporte":2} []
[2026-01-04T17:30:28.594945+00:00] VideoclubLogger.INFO: Soporte no alquilado: Interstellar {"soporte":5} []
[2026-01-04T17:30:28.595474+00:00] VideoclubLogger.INFO: Soporte no alquilado: Avatar {"soporte":1} []
[2026-01-04T17:30:28.596078+00:00] VideoclubLogger.INFO: Soporte no alquilado: Avatar {"soporte":1} []
[2026-01-04T17:30:28.596487+00:00] VideoclubLogger.INFO: Soporte no alquilado: Avatar {"soporte":1} []
[2026-01-04T17:30:28.596636+00:00] VideoclubLogger.INFO: Soporte ya alquilado: Avatar {"soporte":1} []
[2026-01-04T17:30:28.596699+00:00] VideoclubLogger.INFO: Soporte no alquilado: Avatar {"soporte":1} []
[2026-01-04T17:30:28.597112+00:00] VideoclubLogger.INFO: Soporte no alquilado: Avatar {"soporte":1} []
[2026-01-04T17:30:28.597268+00:00] VideoclubLogger.WARNING: Intento de devolver soporte no alquilado: 999 {"cliente":1} []
[2026-01-04T17:30:33.744561+00:00] VideoclubLogger.INFO: Soporte no alquilado: Película 0 {"soporte":200} []
[2026-01-04T17:30:33.746049+00:00] VideoclubLogger.INFO: Soporte no alquilado: Película Extra 1 {"soporte":301} []
[2026-01-04T17:30:33.746115+00:00] VideoclubLogger.WARNING: Cupo superado al intentar alquilar: max 1 {"cliente":98} []
[2026-01-04T17:30:33.750177+00:00] VideoclubLogger.INFO: Soporte no alquilado: Película 0 {"soporte":200} []
[2026-01-04T17:30:33.750379+00:00] VideoclubLogger.INFO: Soporte no alquilado: Película 1 {"soporte":201} []
[2026-01-04T17:30:33.750450+00:00] VideoclubLogger.INFO: Soporte no alquilado: Película Extra 2 {"soporte":302} []
[2026-01-04T17:30:33.750502+00:00] VideoclubLogger.WARNING: Cupo superado al intentar alquilar: max 2 {"cliente":98} []
[2026-01-04T17:30:33.750966+00:00] VideoclubLogger.INFO: Soporte no alquilado: Película 0 {"soporte":200} []
[2026-01-04T17:30:33.751162+00:00] VideoclubLogger.INFO: Soporte no alquilado: Película 1 {"soporte":201} []
[2026-01-04T17:30:33.751224+00:00] VideoclubLogger.INFO: Soporte no alquilado: Película 2 {"soporte":202} []
[2026-01-04T17:30:33.751283+00:00] VideoclubLogger.INFO: Soporte no alquilado: Película Extra 3 {"soporte":303} []
[2026-01-04T17:30:33.751331+00:00] VideoclubLogger.WARNING: Cupo superado al intentar alquilar: max 3 {"cliente":98} []
[2026-01-04T17:30:33.751853+00:00] VideoclubLogger.INFO: Soporte no alquilado: Película 0 {"soporte":100} []
[2026-01-04T17:30:33.752270+00:00] VideoclubLogger.INFO: Soporte no alquilado: Película 0 {"soporte":100} []
[2026-01-04T17:30:33.752433+00:00] VideoclubLogger.INFO: Soporte no alquilado: Película 1 {"soporte":101} []
[2026-01-04T17:30:33.752736+00:00] VideoclubLogger.INFO: Soporte no alquilado: Película 0 {"soporte":100} []
[2026-01-04T17:30:33.752898+00:00] VideoclubLogger.INFO: Soporte no alquilado: Película 1 {"soporte":101} []
[2026-01-04T17:30:33.752958+00:00] VideoclubLogger.INFO: Soporte no alquilado: Película 2 {"soporte":102} []
[2026-01-04T17:30:33.753284+00:00] VideoclubLogger.INFO: Soporte no alquilado: Película 0 {"soporte":100} []
[2026-01-04T17:30:33.753446+00:00] VideoclubLogger.INFO: Soporte no alquilado: Película 1 {"soporte":101} []
[2026-01-04T17:30:33.753506+00:00] VideoclubLogger.INFO: Soporte no alquilado: Película 2 {"soporte":102} []
[2026-01-04T17:30:33.753594+00:00] VideoclubLogger.INFO: Soporte no alquilado: Película 3 {"soporte":103} []
[2026-01-04T17:30:33.753694+00:00] VideoclubLogger.INFO: Soporte no alquilado: Película 4 {"soporte":104} []
[2026-01-04T17:30:33.754130+00:00] VideoclubLogger.INFO: Soporte no alquilado: Película 0 {"soporte":100} []
[2026-01-04T17:30:33.754300+00:00] VideoclubLogger.INFO: Soporte no alquilado: Película 1 {"soporte":101} []
[2026-01-04T17:30:33.754360+00:00] VideoclubLogger.INFO: Soporte no alquilado: Película 2 {"soporte":102} []
[2026-01-04T17:30:33.754412+00:00] VideoclubLogger.INFO: Soporte no alquilado: Película 3 {"soporte":103} []
[2026-01-04T17:30:33.754462+00:00] VideoclubLogger.INFO: Soporte no alquilado: Película 4 {"soporte":104} []
[2026-01-04T17:30:33.754511+00:00] VideoclubLogger.INFO: Soporte no alquilado: Película 5 {"soporte":105} []
[2026-01-04T17:30:33.754559+00:00] VideoclubLogger.INFO: Soporte no alquilado: Película 6 {"soporte":106} []
[2026-01-04T17:30:33.754607+00:00] VideoclubLogger.INFO: Soporte no alquilado: Película 7 {"soporte":107} []
[2026-01-04T17:30:33.754655+00:00] VideoclubLogger.INFO: Soporte no alquilado: Película 8 {"soporte":108} []
[2026-01-04T17:30:33.754703+00:00] VideoclubLogger.INFO: Soporte no alquilado: Película 9 {"soporte":109} []
[2026-01-04T17:30:33.755079+00:00] VideoclubLogger.INFO: Soporte no alquilado: Avatar {"soporte":50} []
[2026-01-04T17:30:33.755247+00:00] VideoclubLogger.INFO: Soporte ya alquilado: Avatar {"soporte":50} []
[2026-01-04T17:30:33.755763+00:00] VideoclubLogger.INFO: Soporte no alquilado: Inception {"soporte":51} []
[2026-01-04T17:30:33.755930+00:00] VideoclubLogger.INFO: Soporte ya alquilado: Inception {"soporte":51} []
[2026-01-04T17:30:33.756242+00:00] VideoclubLogger.INFO: Soporte no alquilado: Elden Ring {"soporte":52} []
[2026-01-04T17:30:33.756409+00:00] VideoclubLogger.INFO: Soporte ya alquilado: Elden Ring {"soporte":52} []
[2026-01-04T17:30:33.756993+00:00] VideoclubLogger.INFO: Soporte no alquilado: Avatar {"soporte":1} []
[2026-01-04T17:30:33.757565+00:00] VideoclubLogger.INFO: Soporte no alquilado: Avatar {"soporte":1} []
[2026-01-04T17:30:33.757936+00:00] VideoclubLogger.INFO: Soporte no alquilado: Avatar {"soporte":1} []
[2026-01-04T17:30:33.758092+00:00] VideoclubLogger.INFO: Soporte ya alquilado: Avatar {"soporte":1} []
[2026-01-04T17:30:33.758150+00:00] VideoclubLogger.WARNING: Intento de alquiler de soporte ya alquilado: Avatar {"soporte":1,"cliente":1} []
[2026-01-04T17:30:33.758888+00:00] VideoclubLogger.INFO: Soporte no alquilado: Avatar {"soporte":1} []
[2026-01-04T17:30:33.759045+00:00] VideoclubLogger.INFO: Soporte no alquilado: Inception {"soporte":4} []
[2026-01-04T17:30:33.759106+00:00] VideoclubLogger.INFO: Soporte no alquilado: Elden Ring {"soporte":7} []
[2026-01-04T17:30:33.759156+00:00] VideoclubLogger.WARNING: Cupo superado al intentar alquilar: max 2 {"cliente":1} []
[2026-01-04T17:30:33.759563+00:00] VideoclubLogger.INFO: Soporte no alquilado: Avatar {"soporte":1} []
[2026-01-04T17:30:33.759734+00:00] VideoclubLogger.INFO: Soporte no alquilado: Avatar {"soporte":1} []
[2026-01-04T17:30:33.760168+00:00] VideoclubLogger.WARNING: Intento de devolver soporte no alquilado: 1 {"cliente":1} []
[2026-01-04T17:30:33.760842+00:00] VideoclubLogger.INFO: Soporte no alquilado: Avatar {"soporte":1} []
[2026-01-04T17:30:33.760996+00:00] VideoclubLogger.WARNING: Intento de devolver soporte no alquilado: 999 {"cliente":1} []
[2026-01-04T17:30:33.761424+00:00] VideoclubLogger.INFO: Soporte no alquilado: Avatar {"soporte":1} []
[2026-01-04T17:30:33.761574+00:00] VideoclubLogger.INFO: Soporte no alquilado: Inception {"soporte":4} []
[2026-01-04T17:30:33.761633+00:00] VideoclubLogger.INFO: Soporte no alquilado: Elden Ring {"soporte":7} []
[2026-01-04T17:30:33.761694+00:00] VideoclubLogger.INFO: Soporte no alquilado: Avatar {"soporte":1} []
[2026-01-04T17:30:33.761752+00:00] VideoclubLogger.INFO: Soporte no alquilado: Inception {"soporte":4} []
[2026-01-04T17:30:33.761804+00:00] VideoclubLogger.INFO: Soporte no alquilado: Titanic {"soporte":2} []
[2026-01-04T17:30:33.761851+00:00] VideoclubLogger.INFO: Soporte no alquilado: Interstellar {"soporte":5} []
[2026-01-04T17:30:33.762372+00:00] VideoclubLogger.INFO: Soporte no alquilado: Avatar {"soporte":1} []
[2026-01-04T17:30:33.763044+00:00] VideoclubLogger.INFO: Soporte no alquilado: Avatar {"soporte":1} []
[2026-01-04T17:30:33.763202+00:00] VideoclubLogger.INFO: Soporte ya alquilado: Avatar {"soporte":1} []
[2026-01-04T17:30:33.763270+00:00] VideoclubLogger.INFO: Soporte no alquilado: Avatar {"soporte":1} []
[2026-01-04T17:30:33.763684+00:00] VideoclubLogger.INFO: Soporte no alquilado: Avatar {"soporte":1} []
[2026-01-04T17:30:33.763838+00:00] VideoclubLogger.INFO: Soporte ya alquilado: Avatar {"soporte":1} []
[2026-01-04T17:34:19.144809+00:00] VideoclubLogger.INFO: Producto incluido: Avatar {"producto":1,"titulo":"Avatar","precio":3.5} []
[2026-01-04T17:34:19.145881+00:00] VideoclubLogger.INFO: Producto incluido: Titanic {"producto":2,"titulo":"Titanic","precio":2.5} []
[2026-01-04T17:34:19.145955+00:00] VideoclubLogger.INFO: Producto incluido: Jaws {"producto":3,"titulo":"Jaws","precio":2.0} []
[2026-01-04T17:34:19.146973+00:00] VideoclubLogger.INFO: Socio incluido: Juan {"cliente":1,"nombre":"Juan","username":""} []
[2026-01-04T17:34:19.148313+00:00] VideoclubLogger.INFO: Producto incluido: Avatar {"producto":1,"titulo":"Avatar","precio":3.5} []
[2026-01-04T17:34:19.148486+00:00] VideoclubLogger.WARNING: Socio no encontrado {"cliente":999} []
[2026-01-04T17:34:19.148968+00:00] VideoclubLogger.INFO: Error cliente no encontrado al devolver {"cliente":999,"error":"Socio con número 999 no encontrado."} []
[2026-01-04T17:34:19.149546+00:00] VideoclubLogger.INFO: Producto incluido: Avatar {"producto":1,"titulo":"Avatar","precio":3.5} []
[2026-01-04T17:34:19.149716+00:00] VideoclubLogger.WARNING: Socio no encontrado {"cliente":999} []
[2026-01-04T17:34:19.149879+00:00] VideoclubLogger.INFO: Error cliente no encontrado al alquilar {"cliente":999,"error":"Socio con número 999 no encontrado."} []
[2026-01-04T17:34:19.150167+00:00] VideoclubLogger.INFO: Producto incluido: Avatar {"producto":1,"titulo":"Avatar","precio":3.5} []
[2026-01-04T17:34:19.150335+00:00] VideoclubLogger.INFO: Producto incluido: Titanic {"producto":2,"titulo":"Titanic","precio":2.5} []
[2026-01-04T17:34:19.150401+00:00] VideoclubLogger.INFO: Producto incluido: Jaws {"producto":3,"titulo":"Jaws","precio":2.0} []
[2026-01-04T17:34:19.150478+00:00] VideoclubLogger.INFO: Socio incluido: Juan {"cliente":1,"nombre":"Juan","username":""} []
[2026-01-04T17:34:19.150548+00:00] VideoclubLogger.INFO: Socio incluido: Maria {"cliente":2,"nombre":"Maria","username":""} []
[2026-01-04T17:34:19.150605+00:00] VideoclubLogger.INFO: Soporte no alquilado: Avatar {"soporte":1} []
[2026-01-04T17:34:19.150751+00:00] VideoclubLogger.INFO: Alquiler realizado {"cliente":2,"producto":1,"titulo":"Avatar"} []
[2026-01-04T17:34:19.150813+00:00] VideoclubLogger.WARNING: Intento de alquiler de soporte ya alquilado {"soporte":1,"titulo":"Avatar","cliente":1} []
[2026-01-04T17:34:19.151150+00:00] VideoclubLogger.WARNING: Soporte ya alquilado al intentar alquilar varios {"soportes":[1,2,3],"cliente":1,"error":"El soporte Avatar ya está alquilado."} []
[2026-01-04T17:34:19.151613+00:00] VideoclubLogger.INFO: Producto incluido: Avatar {"producto":1,"titulo":"Avatar","precio":3.5} []
[2026-01-04T17:34:19.151799+00:00] VideoclubLogger.INFO: Socio incluido: Juan {"cliente":1,"nombre":"Juan","username":""} []
[2026-01-04T17:34:19.151863+00:00] VideoclubLogger.INFO: Soporte no alquilado: Avatar {"soporte":1} []
[2026-01-04T17:34:19.152007+00:00] VideoclubLogger.INFO: Alquiler realizado {"cliente":1,"producto":1,"titulo":"Avatar"} []
[2026-01-04T17:34:19.152074+00:00] VideoclubLogger.INFO: Devolución realizada {"cliente":1,"producto":1,"titulo":"Avatar"} []
[2026-01-04T17:34:19.152363+00:00] VideoclubLogger.INFO: Socio incluido: Juan {"cliente":1,"nombre":"Juan","username":""} []
[2026-01-04T17:34:19.152537+00:00] VideoclubLogger.INFO: Socio incluido: Maria {"cliente":2,"nombre":"Maria","username":""} []
[2026-01-04T17:34:19.152872+00:00] VideoclubLogger.INFO: Socio incluido: Cliente {"cliente":1,"nombre":"Cliente","username":""} []
[2026-01-04T17:34:19.153052+00:00] VideoclubLogger.INFO: Producto incluido: Avatar {"producto":1,"titulo":"Avatar","precio":3.5} []
[2026-01-04T17:34:19.153120+00:00] VideoclubLogger.INFO: Soporte no alquilado: Avatar {"soporte":1} []
[2026-01-04T17:34:19.153270+00:00] VideoclubLogger.INFO: Alquiler realizado {"cliente":1,"producto":1,"titulo":"Avatar"} []
[2026-01-04T17:34:19.154234+00:00] VideoclubLogger.INFO: Socio incluido: Cliente {"cliente":1,"nombre":"Cliente","username":""} []
[2026-01-04T17:34:19.154650+00:00] VideoclubLogger.INFO: Producto incluido: Inception {"producto":1,"titulo":"Inception","precio":4.5} []
[2026-01-04T17:34:19.154724+00:00] VideoclubLogger.INFO: Soporte no alquilado: Inception {"soporte":1} []
[2026-01-04T17:34:19.154877+00:00] VideoclubLogger.INFO: Alquiler realizado {"cliente":1,"producto":1,"titulo":"Inception"} []
[2026-01-04T17:34:19.155549+00:00] VideoclubLogger.INFO: Socio incluido: Cliente {"cliente":1,"nombre":"Cliente","username":""} []
[2026-01-04T17:34:19.155977+00:00] VideoclubLogger.INFO: Producto incluido: Elden Ring {"producto":1,"titulo":"Elden Ring","precio":59.99} []
[2026-01-04T17:34:19.156053+00:00] VideoclubLogger.INFO: Soporte no alquilado: Elden Ring {"soporte":1} []
[2026-01-04T17:34:19.156206+00:00] VideoclubLogger.INFO: Alquiler realizado {"cliente":1,"producto":1,"titulo":"Elden Ring"} []
[2026-01-04T17:34:19.156867+00:00] VideoclubLogger.INFO: Socio incluido: Cliente {"cliente":1,"nombre":"Cliente","username":""} []
[2026-01-04T17:34:19.157038+00:00] VideoclubLogger.INFO: Producto incluido: Avatar {"producto":1,"titulo":"Avatar","precio":3.5} []
[2026-01-04T17:34:19.157104+00:00] VideoclubLogger.INFO: Soporte no alquilado: Avatar {"soporte":1} []
[2026-01-04T17:34:19.157251+00:00] VideoclubLogger.INFO: Alquiler realizado {"cliente":1,"producto":1,"titulo":"Avatar"} []
[2026-01-04T17:34:19.157319+00:00] VideoclubLogger.INFO: Producto incluido: Inception {"producto":2,"titulo":"Inception","precio":4.5} []
[2026-01-04T17:34:19.157378+00:00] VideoclubLogger.INFO: Soporte no alquilado: Inception {"soporte":2} []
[2026-01-04T17:34:19.157427+00:00] VideoclubLogger.INFO: Alquiler realizado {"cliente":1,"producto":2,"titulo":"Inception"} []
[2026-01-04T17:34:19.158142+00:00] VideoclubLogger.INFO: Socio incluido: Socio 0 {"cliente":1,"nombre":"Socio 0","username":"user0"} []
[2026-01-04T17:34:19.158327+00:00] VideoclubLogger.INFO: Socio incluido: Socio 1 {"cliente":2,"nombre":"Socio 1","username":"user1"} []
[2026-01-04T17:34:19.158406+00:00] VideoclubLogger.INFO: Socio incluido: Socio 2 {"cliente":3,"nombre":"Socio 2","username":"user2"} []
[2026-01-04T17:34:19.158706+00:00] VideoclubLogger.INFO: Socio incluido: Socio 0 {"cliente":1,"nombre":"Socio 0","username":"user0"} []
[2026-01-04T17:34:19.158880+00:00] VideoclubLogger.INFO: Socio incluido: Socio 1 {"cliente":2,"nombre":"Socio 1","username":"user1"} []
[2026-01-04T17:34:19.158955+00:00] VideoclubLogger.INFO: Socio incluido: Socio 2 {"cliente":3,"nombre":"Socio 2","username":"user2"} []
[2026-01-04T17:34:19.159024+00:00] VideoclubLogger.INFO: Socio incluido: Socio 3 {"cliente":4,"nombre":"Socio 3","username":"user3"} []
[2026-01-04T17:34:19.159090+00:00] VideoclubLogger.INFO: Socio incluido: Socio 4 {"cliente":5,"nombre":"Socio 4","username":"user4"} []
[2026-01-04T17:34:19.159382+00:00] VideoclubLogger.INFO: Socio incluido: Socio 0 {"cliente":1,"nombre":"Socio 0","username":"user0"} []
[2026-01-04T17:34:19.159554+00:00] VideoclubLogger.INFO: Socio incluido: Socio 1 {"cliente":2,"nombre":"Socio 1","username":"user1"} []
[2026-01-04T17:34:19.159630+00:00] VideoclubLogger.INFO: Socio incluido: Socio 2 {"cliente":3,"nombre":"Socio 2","username":"user2"} []
[2026-01-04T17:34:19.159699+00:00] VideoclubLogger.INFO: Socio incluido: Socio 3 {"cliente":4,"nombre":"Socio 3","username":"user3"} []
[2026-01-04T17:34:19.159765+00:00] VideoclubLogger.INFO: Socio incluido: Socio 4 {"cliente":5,"nombre":"Socio 4","username":"user4"} []
[2026-01-04T17:34:19.159831+00:00] VideoclubLogger.INFO: Socio incluido: Socio 5 {"cliente":6,"nombre":"Socio 5","username":"user5"} []
[2026-01-04T17:34:19.159925+00:00] VideoclubLogger.INFO: Socio incluido: Socio 6 {"cliente":7,"nombre":"Socio 6","username":"user6"} []
[2026-01-04T17:34:19.159994+00:00] VideoclubLogger.INFO: Socio incluido: Socio 7 {"cliente":8,"nombre":"Socio 7","username":"user7"} []
[2026-01-04T17:34:19.160061+00:00] VideoclubLogger.INFO: Socio incluido: Socio 8 {"cliente":9,"nombre":"Socio 8","username":"user8"} []
[2026-01-04T17:34:19.160127+00:00] VideoclubLogger.INFO: Socio incluido: Socio 9 {"cliente":10,"nombre":"Socio 9","username":"user9"} []
[2026-01-04T17:34:19.160498+00:00] VideoclubLogger.INFO: Producto incluido: Película 0 {"producto":1,"titulo":"Película 0","precio":2.5} []
[2026-01-04T17:34:19.160659+00:00] VideoclubLogger.INFO: Producto incluido: Película 1 {"producto":2,"titulo":"Película 1","precio":3.0} []
[2026-01-04T17:34:19.160723+00:00] VideoclubLogger.INFO: Producto incluido: Película 2 {"producto":3,"titulo":"Película 2","precio":3.5} []
[2026-01-04T17:34:19.160781+00:00] VideoclubLogger.INFO: Producto incluido: Película 3 {"producto":4,"titulo":"Película 3","precio":4.0} []
[2026-01-04T17:34:19.160835+00:00] VideoclubLogger.INFO: Producto incluido: Película 4 {"producto":5,"titulo":"Película 4","precio":4.5} []
[2026-01-04T17:34:19.161115+00:00] VideoclubLogger.INFO: Producto incluido: Película 0 {"producto":1,"titulo":"Película 0","precio":2.5} []
[2026-01-04T17:34:19.161277+00:00] VideoclubLogger.INFO: Producto incluido: Película 1 {"producto":2,"titulo":"Película 1","precio":3.0} []
[2026-01-04T17:34:19.161351+00:00] VideoclubLogger.INFO: Producto incluido: Película 2 {"producto":3,"titulo":"Película 2","precio":3.5} []
[2026-01-04T17:34:19.161409+00:00] VideoclubLogger.INFO: Producto incluido: Película 3 {"producto":4,"titulo":"Película 3","precio":4.0} []
[2026-01-04T17:34:19.161463+00:00] VideoclubLogger.INFO: Producto incluido: Película 4 {"producto":5,"titulo":"Película 4","precio":4.5} []
[2026-01-04T17:34:19.161516+00:00] VideoclubLogger.INFO: Producto incluido: Película 5 {"producto":6,"titulo":"Película 5","precio":5.0} []
[2026-01-04T17:34:19.161569+00:00] VideoclubLogger.INFO: Producto incluido: Película 6 {"producto":7,"titulo":"Película 6","precio":5.5} []
[2026-01-04T17:34:19.161621+00:00] VideoclubLogger.INFO: Producto incluido: Película 7 {"producto":8,"titulo":"Película 7","precio":6.0} []
[2026-01-04T17:34:19.161675+00:00] VideoclubLogger.INFO: Producto incluido: Película 8 {"producto":9,"titulo":"Película 8","precio":6.5} []
[2026-01-04T17:34:19.161728+00:00] VideoclubLogger.INFO: Producto incluido: Película 9 {"producto":10,"titulo":"Película 9","precio":7.0} []
[2026-01-04T17:34:19.162027+00:00] VideoclubLogger.INFO: Producto incluido: Película 0 {"producto":1,"titulo":"Película 0","precio":2.5} []
[2026-01-04T17:34:19.162186+00:00] VideoclubLogger.INFO: Producto incluido: Película 1 {"producto":2,"titulo":"Película 1","precio":3.0} []
[2026-01-04T17:34:19.162249+00:00] VideoclubLogger.INFO: Producto incluido: Película 2 {"producto":3,"titulo":"Película 2","precio":3.5} []
[2026-01-04T17:34:19.162311+00:00] VideoclubLogger.INFO: Producto incluido: Película 3 {"producto":4,"titulo":"Película 3","precio":4.0} []
[2026-01-04T17:34:19.162365+00:00] VideoclubLogger.INFO: Producto incluido: Película 4 {"producto":5,"titulo":"Película 4","precio":4.5} []
[2026-01-04T17:34:19.162418+00:00] VideoclubLogger.INFO: Producto incluido: Película 5 {"producto":6,"titulo":"Película 5","precio":5.0} []
[2026-01-04T17:34:19.162471+00:00] VideoclubLogger.INFO: Producto incluido: Película 6 {"producto":7,"titulo":"Película 6","precio":5.5} []
[2026-01-04T17:34:19.162524+00:00] VideoclubLogger.INFO: Producto incluido: Película 7 {"producto":8,"titulo":"Película 7","precio":6.0} []
[2026-01-04T17:34:19.162576+00:00] VideoclubLogger.INFO: Producto incluido: Película 8 {"producto":9,"titulo":"Película 8","precio":6.5} []
[2026-01-04T17:34:19.162628+00:00] VideoclubLogger.INFO: Producto incluido: Película 9 {"producto":10,"titulo":"Película 9","precio":7.0} []
[2026-01-04T17:34:19.162706+00:00] VideoclubLogger.INFO: Producto incluido: Película 10 {"producto":11,"titulo":"Película 10","precio":7.5} []
[2026-01-04T17:34:19.162764+00:00] VideoclubLogger.INFO: Producto incluido: Película 11 {"producto":12,"titulo":"Película 11","precio":8.0} []
[2026-01-04T17:34:19.162818+00:00] VideoclubLogger.INFO: Producto incluido: Película 12 {"producto":13,"titulo":"Película 12","precio":8.5} []
[2026-01-04T17:34:19.162871+00:00] VideoclubLogger.INFO: Producto incluido: Película 13 {"producto":14,"titulo":"Película 13","precio":9.0} []
[2026-01-04T17:34:19.162924+00:00] VideoclubLogger.INFO: Producto incluido: Película 14 {"producto":15,"titulo":"Película 14","precio":9.5} []
[2026-01-04T17:34:19.163204+00:00] VideoclubLogger.INFO: Producto incluido: Película 0 {"producto":1,"titulo":"Película 0","precio":2.5} []
[2026-01-04T17:34:19.163366+00:00] VideoclubLogger.INFO: Producto incluido: Película 1 {"producto":2,"titulo":"Película 1","precio":3.0} []
[2026-01-04T17:34:19.163429+00:00] VideoclubLogger.INFO: Producto incluido: Película 2 {"producto":3,"titulo":"Película 2","precio":3.5} []
[2026-01-04T17:34:19.163485+00:00] VideoclubLogger.INFO: Producto incluido: Película 3 {"producto":4,"titulo":"Película 3","precio":4.0} []
[2026-01-04T17:34:19.163538+00:00] VideoclubLogger.INFO: Producto incluido: Película 4 {"producto":5,"titulo":"Película 4","precio":4.5} []
[2026-01-04T17:34:19.163592+00:00] VideoclubLogger.INFO: Producto incluido: Película 5 {"producto":6,"titulo":"Película 5","precio":5.0} []
[2026-01-04T17:34:19.163644+00:00] VideoclubLogger.INFO: Producto incluido: Película 6 {"producto":7,"titulo":"Película 6","precio":5.5} []
[2026-01-04T17:34:19.163696+00:00] VideoclubLogger.INFO: Producto incluido: Película 7 {"producto":8,"titulo":"Película 7","precio":6.0} []
[2026-01-04T17:34:19.163748+00:00] VideoclubLogger.INFO: Producto incluido: Película 8 {"producto":9,"titulo":"Película 8","precio":6.5} []
[2026-01-04T17:34:19.163800+00:00] VideoclubLogger.INFO: Producto incluido: Película 9 {"producto":10,"titulo":"Película 9","precio":7.0} []
[2026-01-04T17:34:19.163853+00:00] VideoclubLogger.INFO: Producto incluido: Película 10 {"producto":11,"titulo":"Película 10","precio":7.5} []
[2026-01-04T17:34:19.163906+00:00] VideoclubLogger.INFO: Producto incluido: Película 11 {"producto":12,"titulo":"Película 11","precio":8.0} []
[2026-01-04T17:34:19.163958+00:00] VideoclubLogger.INFO: Producto incluido: Película 12 {"producto":13,"titulo":"Película 12","precio":8.5} []
[2026-01-04T17:34:19.164011+00:00] VideoclubLogger.INFO: Producto incluido: Película 13 {"producto":14,"titulo":"Película 13","precio":9.0} []
[2026-01-04T17:34:19.164064+00:00] VideoclubLogger.INFO: Producto incluido: Película 14 {"producto":15,"titulo":"Película 14","precio":9.5} []
[2026-01-04T17:34:19.164117+00:00] VideoclubLogger.INFO: Producto incluido: Película 15 {"producto":16,"titulo":"Película 15","precio":10.0} []
[2026-01-04T17:34:19.164170+00:00] VideoclubLogger.INFO: Producto incluido: Película 16 {"producto":17,"titulo":"Película 16","precio":10.5} []
[2026-01-04T17:34:19.164223+00:00] VideoclubLogger.INFO: Producto incluido: Película 17 {"producto":18,"titulo":"Película 17","precio":11.0} []
[2026-01-04T17:34:19.164287+00:00] VideoclubLogger.INFO: Producto incluido: Película 18 {"producto":19,"titulo":"Película 18","precio":11.5} []
[2026-01-04T17:34:19.164343+00:00] VideoclubLogger.INFO: Producto incluido: Película 19 {"producto":20,"titulo":"Película 19","precio":12.0} []
[2026-01-04T17:34:19.164662+00:00] VideoclubLogger.INFO: Producto incluido: Avatar {"producto":1,"titulo":"Avatar","precio":3.5} []
[2026-01-04T17:34:19.164823+00:00] VideoclubLogger.INFO: Producto incluido: Titanic {"producto":2,"titulo":"Titanic","precio":2.5} []
[2026-01-04T17:34:19.164888+00:00] VideoclubLogger.INFO: Producto incluido: Jaws {"producto":3,"titulo":"Jaws","precio":2.0} []
[2026-01-04T17:34:19.164963+00:00] VideoclubLogger.INFO: Socio incluido: Juan {"cliente":1,"nombre":"Juan","username":""} []
[2026-01-04T17:34:19.165561+00:00] VideoclubLogger.INFO: Producto incluido: Avatar {"producto":1,"titulo":"Avatar","precio":3.5} []
[2026-01-04T17:34:19.165725+00:00] VideoclubLogger.INFO: Producto incluido: Titanic {"producto":2,"titulo":"Titanic","precio":2.5} []
[2026-01-04T17:34:19.165790+00:00] VideoclubLogger.INFO: Producto incluido: Jaws {"producto":3,"titulo":"Jaws","precio":2.0} []
[2026-01-04T17:34:19.165847+00:00] VideoclubLogger.INFO: Producto incluido: The Ring {"producto":4,"titulo":"The Ring","precio":1.5} []
[2026-01-04T17:34:19.165922+00:00] VideoclubLogger.INFO: Socio incluido: Juan {"cliente":1,"nombre":"Juan","username":""} []
[2026-01-04T17:34:19.166464+00:00] VideoclubLogger.INFO: Producto incluido: Avatar {"producto":1,"titulo":"Avatar","precio":3.5} []
[2026-01-04T17:34:19.166625+00:00] VideoclubLogger.INFO: Producto incluido: Titanic {"producto":2,"titulo":"Titanic","precio":2.5} []
[2026-01-04T17:34:19.166902+00:00] VideoclubLogger.INFO: Producto incluido: Avatar {"producto":1,"titulo":"Avatar","precio":3.5} []
[2026-01-04T17:34:19.167059+00:00] VideoclubLogger.INFO: Producto incluido: Titanic {"producto":2,"titulo":"Titanic","precio":2.5} []
[2026-01-04T17:34:19.167122+00:00] VideoclubLogger.INFO: Producto incluido: Jaws {"producto":3,"titulo":"Jaws","precio":2.0} []
[2026-01-04T17:34:19.167197+00:00] VideoclubLogger.INFO: Socio incluido: Juan {"cliente":1,"nombre":"Juan","username":""} []
[2026-01-04T17:34:19.167271+00:00] VideoclubLogger.INFO: Socio incluido: Maria {"cliente":2,"nombre":"Maria","username":""} []
[2026-01-04T17:34:19.167330+00:00] VideoclubLogger.INFO: Soporte no alquilado: Avatar {"soporte":1} []
[2026-01-04T17:34:19.167475+00:00] VideoclubLogger.INFO: Alquiler realizado {"cliente":2,"producto":1,"titulo":"Avatar"} []
[2026-01-04T17:34:19.167537+00:00] VideoclubLogger.WARNING: Intento de alquiler de soporte ya alquilado {"soporte":1,"titulo":"Avatar","cliente":1} []
[2026-01-04T17:34:19.167694+00:00] VideoclubLogger.WARNING: Soporte ya alquilado al intentar alquilar varios {"soportes":[1,2,3],"cliente":1,"error":"El soporte Avatar ya está alquilado."} []
[2026-01-04T17:34:19.167986+00:00] VideoclubLogger.INFO: Producto incluido: Avatar {"producto":1,"titulo":"Avatar","precio":3.5} []
[2026-01-04T17:34:19.168150+00:00] VideoclubLogger.INFO: Producto incluido: Titanic {"producto":2,"titulo":"Titanic","precio":2.5} []
[2026-01-04T17:34:19.168213+00:00] VideoclubLogger.INFO: Producto incluido: Jaws {"producto":3,"titulo":"Jaws","precio":2.0} []
[2026-01-04T17:34:19.168293+00:00] VideoclubLogger.INFO: Socio incluido: Juan {"cliente":1,"nombre":"Juan","username":""} []
[2026-01-04T17:34:19.168837+00:00] VideoclubLogger.INFO: Producto incluido: Avatar {"producto":1,"titulo":"Avatar","precio":3.5} []
[2026-01-04T17:34:19.169014+00:00] VideoclubLogger.INFO: Socio incluido: Juan {"cliente":1,"nombre":"Juan","username":""} []
[2026-01-04T17:34:19.169077+00:00] VideoclubLogger.INFO: Soporte no alquilado: Avatar {"soporte":1} []
[2026-01-04T17:34:19.169220+00:00] VideoclubLogger.INFO: Alquiler realizado {"cliente":1,"producto":1,"titulo":"Avatar"} []
[2026-01-04T17:34:19.169295+00:00] VideoclubLogger.INFO: Devolución realizada {"cliente":1,"producto":1,"titulo":"Avatar"} []
[2026-01-04T17:34:19.169570+00:00] VideoclubLogger.INFO: Socio incluido: Juan {"cliente":1,"nombre":"Juan","username":""} []
[2026-01-04T17:34:19.169721+00:00] VideoclubLogger.WARNING: Producto no encontrado {"producto":999} []
[2026-01-04T17:34:19.170059+00:00] VideoclubLogger.INFO: Error soporte no encontrado al alquilar {"soporte":999,"error":"Producto con número 999 no encontrado."} []
[2026-01-04T17:34:19.170366+00:00] VideoclubLogger.INFO: Producto incluido: Avatar {"producto":1,"titulo":"Avatar","precio":3.5} []
[2026-01-04T17:34:19.170523+00:00] VideoclubLogger.WARNING: Socio no encontrado {"cliente":999} []
[2026-01-04T17:34:19.170680+00:00] VideoclubLogger.INFO: Error cliente no encontrado al alquilar {"cliente":999,"error":"Socio con número 999 no encontrado."} []
[2026-01-04T17:34:19.170979+00:00] VideoclubLogger.INFO: Producto incluido: Avatar {"producto":1,"titulo":"Avatar","precio":3.5} []
[2026-01-04T17:34:19.171172+00:00] VideoclubLogger.INFO: Socio incluido: Juan {"cliente":1,"nombre":"Juan","username":""} []
[2026-01-04T17:34:19.171235+00:00] VideoclubLogger.INFO: Soporte no alquilado: Avatar {"soporte":1} []
[2026-01-04T17:34:19.171383+00:00] VideoclubLogger.INFO: Alquiler realizado {"cliente":1,"producto":1,"titulo":"Avatar"} []
[2026-01-04T17:34:19.171665+00:00] VideoclubLogger.INFO: Socio incluido: Test {"cliente":1,"nombre":"Test","username":""} []
[2026-01-04T17:34:19.172039+00:00] VideoclubLogger.INFO: Socio incluido: Juan {"cliente":1,"nombre":"Juan","username":"juan"} []
[2026-01-04T17:34:19.172209+00:00] VideoclubLogger.INFO: Socio incluido: Maria {"cliente":2,"nombre":"Maria","username":"maria"} []
[2026-01-04T17:34:19.172489+00:00] VideoclubLogger.INFO: Producto incluido: Elden Ring {"producto":1,"titulo":"Elden Ring","precio":59.99} []
[2026-01-04T17:34:19.172645+00:00] VideoclubLogger.INFO: Producto incluido: God of War {"producto":2,"titulo":"God of War","precio":49.99} []
[2026-01-04T17:34:19.172914+00:00] VideoclubLogger.INFO: Producto incluido: Inception {"producto":1,"titulo":"Inception","precio":4.5} []
[2026-01-04T17:34:19.173068+00:00] VideoclubLogger.INFO: Producto incluido: The Matrix {"producto":2,"titulo":"The Matrix","precio":3.0} []
[2026-01-04T17:34:19.173338+00:00] VideoclubLogger.INFO: Producto incluido: Avatar {"producto":1,"titulo":"Avatar","precio":3.5} []
[2026-01-04T17:34:19.173493+00:00] VideoclubLogger.INFO: Producto incluido: Inception {"producto":2,"titulo":"Inception","precio":4.5} []
[2026-01-04T17:34:19.173556+00:00] VideoclubLogger.INFO: Producto incluido: Elden Ring {"producto":3,"titulo":"Elden Ring","precio":59.99} []
[2026-01-04T17:34:19.173631+00:00] VideoclubLogger.INFO: Socio incluido: Juan {"cliente":1,"nombre":"Juan","username":""} []
[2026-01-04T17:34:24.376602+00:00] VideoclubLogger.INFO: Socio incluido: Cliente {"cliente":1,"nombre":"Cliente","username":""} []
[2026-01-04T17:34:24.378168+00:00] VideoclubLogger.INFO: Producto incluido: Avatar {"producto":1,"titulo":"Avatar","precio":3.5} []
[2026-01-04T17:34:24.378252+00:00] VideoclubLogger.INFO: Soporte no alquilado: Avatar {"soporte":1} []
[2026-01-04T17:34:24.378411+00:00] VideoclubLogger.INFO: Alquiler realizado {"cliente":1,"producto":1,"titulo":"Avatar"} []
[2026-01-04T17:34:24.382948+00:00] VideoclubLogger.INFO: Socio incluido: Cliente {"cliente":1,"nombre":"Cliente","username":""} []
[2026-01-04T17:34:24.383425+00:00] VideoclubLogger.INFO: Producto incluido: Inception {"producto":1,"titulo":"Inception","precio":4.5} []
[2026-01-04T17:34:24.383506+00:00] VideoclubLogger.INFO: Soporte no alquilado: Inception {"soporte":1} []
[2026-01-04T17:34:24.383665+00:00] VideoclubLogger.INFO: Alquiler realizado {"cliente":1,"producto":1,"titulo":"Inception"} []
[2026-01-04T17:34:24.384386+00:00] VideoclubLogger.INFO: Socio incluido: Cliente {"cliente":1,"nombre":"Cliente","username":""} []
[2026-01-04T17:34:24.384825+00:00] VideoclubLogger.INFO: Producto incluido: Elden Ring {"producto":1,"titulo":"Elden Ring","precio":59.99} []
[2026-01-04T17:34:24.384900+00:00] VideoclubLogger.INFO: Soporte no alquilado: Elden Ring {"soporte":1} []
[2026-01-04T17:34:24.385070+00:00] VideoclubLogger.INFO: Alquiler realizado {"cliente":1,"producto":1,"titulo":"Elden Ring"} []
[2026-01-04T17:34:24.385761+00:00] VideoclubLogger.INFO: Socio incluido: Cliente {"cliente":1,"nombre":"Cliente","username":""} []
[2026-01-04T17:34:24.385940+00:00] VideoclubLogger.INFO: Producto incluido: Avatar {"producto":1,"titulo":"Avatar","precio":3.5} []
[2026-01-04T17:34:24.386008+00:00] VideoclubLogger.INFO: Soporte no alquilado: Avatar {"soporte":1} []
[2026-01-04T17:34:24.386153+00:00] VideoclubLogger.INFO: Alquiler realizado {"cliente":1,"producto":1,"titulo":"Avatar"} []
[2026-01-04T17:34:24.386215+00:00] VideoclubLogger.INFO: Producto incluido: Inception {"producto":2,"titulo":"Inception","precio":4.5} []
[2026-01-04T17:34:24.386304+00:00] VideoclubLogger.INFO: Soporte no alquilado: Inception {"soporte":2} []
[2026-01-04T17:34:24.386359+00:00] VideoclubLogger.INFO: Alquiler realizado {"cliente":1,"producto":2,"titulo":"Inception"} []
[2026-01-04T17:34:24.387060+00:00] VideoclubLogger.INFO: Producto incluido: Avatar {"producto":1,"titulo":"Avatar","precio":3.5} []
[2026-01-04T17:34:24.387233+00:00] VideoclubLogger.INFO: Producto incluido: Inception {"producto":2,"titulo":"Inception","precio":4.5} []
[2026-01-04T17:34:24.387300+00:00] VideoclubLogger.INFO: Producto incluido: Elden Ring {"producto":3,"titulo":"Elden Ring","precio":59.99} []
[2026-01-04T17:34:24.387377+00:00] VideoclubLogger.INFO: Socio incluido: Juan {"cliente":1,"nombre":"Juan","username":""} []
[2026-01-04T17:34:24.388160+00:00] VideoclubLogger.INFO: Producto incluido: Avatar {"producto":1,"titulo":"Avatar","precio":3.5} []
[2026-01-04T17:34:24.388326+00:00] VideoclubLogger.INFO: Producto incluido: Titanic {"producto":2,"titulo":"Titanic","precio":2.5} []
[2026-01-04T17:34:24.388391+00:00] VideoclubLogger.INFO: Producto incluido: Jaws {"producto":3,"titulo":"Jaws","precio":2.0} []
[2026-01-04T17:34:24.388478+00:00] VideoclubLogger.INFO: Socio incluido: Juan {"cliente":1,"nombre":"Juan","username":""} []
[2026-01-04T17:34:24.389023+00:00] VideoclubLogger.INFO: Producto incluido: Avatar {"producto":1,"titulo":"Avatar","precio":3.5} []
[2026-01-04T17:34:24.389183+00:00] VideoclubLogger.INFO: Producto incluido: Titanic {"producto":2,"titulo":"Titanic","precio":2.5} []
[2026-01-04T17:34:24.389247+00:00] VideoclubLogger.INFO: Producto incluido: Jaws {"producto":3,"titulo":"Jaws","precio":2.0} []
[2026-01-04T17:34:24.389323+00:00] VideoclubLogger.INFO: Socio incluido: Juan {"cliente":1,"nombre":"Juan","username":""} []
[2026-01-04T17:34:24.389856+00:00] VideoclubLogger.INFO: Producto incluido: Avatar {"producto":1,"titulo":"Avatar","precio":3.5} []
[2026-01-04T17:34:24.390018+00:00] VideoclubLogger.INFO: Producto incluido: Titanic {"producto":2,"titulo":"Titanic","precio":2.5} []
[2026-01-04T17:34:24.390083+00:00] VideoclubLogger.INFO: Producto incluido: Jaws {"producto":3,"titulo":"Jaws","precio":2.0} []
[2026-01-04T17:34:24.390140+00:00] VideoclubLogger.INFO: Producto incluido: The Ring {"producto":4,"titulo":"The Ring","precio":1.5} []
[2026-01-04T17:34:24.390214+00:00] VideoclubLogger.INFO: Socio incluido: Juan {"cliente":1,"nombre":"Juan","username":""} []
[2026-01-04T17:34:24.390742+00:00] VideoclubLogger.INFO: Producto incluido: Avatar {"producto":1,"titulo":"Avatar","precio":3.5} []
[2026-01-04T17:34:24.390901+00:00] VideoclubLogger.INFO: Producto incluido: Titanic {"producto":2,"titulo":"Titanic","precio":2.5} []
[2026-01-04T17:34:24.390975+00:00] VideoclubLogger.INFO: Producto incluido: Jaws {"producto":3,"titulo":"Jaws","precio":2.0} []
[2026-01-04T17:34:24.391051+00:00] VideoclubLogger.INFO: Socio incluido: Juan {"cliente":1,"nombre":"Juan","username":""} []
[2026-01-04T17:34:24.391580+00:00] VideoclubLogger.INFO: Socio incluido: Test {"cliente":1,"nombre":"Test","username":""} []
[2026-01-04T17:34:24.392665+00:00] VideoclubLogger.INFO: Socio incluido: Socio 0 {"cliente":1,"nombre":"Socio 0","username":"user0"} []
[2026-01-04T17:34:24.392845+00:00] VideoclubLogger.INFO: Socio incluido: Socio 1 {"cliente":2,"nombre":"Socio 1","username":"user1"} []
[2026-01-04T17:34:24.392931+00:00] VideoclubLogger.INFO: Socio incluido: Socio 2 {"cliente":3,"nombre":"Socio 2","username":"user2"} []
[2026-01-04T17:34:24.393504+00:00] VideoclubLogger.INFO: Socio incluido: Socio 0 {"cliente":1,"nombre":"Socio 0","username":"user0"} []
[2026-01-04T17:34:24.393686+00:00] VideoclubLogger.INFO: Socio incluido: Socio 1 {"cliente":2,"nombre":"Socio 1","username":"user1"} []
[2026-01-04T17:34:24.393766+00:00] VideoclubLogger.INFO: Socio incluido: Socio 2 {"cliente":3,"nombre":"Socio 2","username":"user2"} []
[2026-01-04T17:34:24.393835+00:00] VideoclubLogger.INFO: Socio incluido: Socio 3 {"cliente":4,"nombre":"Socio 3","username":"user3"} []
[2026-01-04T17:34:24.393941+00:00] VideoclubLogger.INFO: Socio incluido: Socio 4 {"cliente":5,"nombre":"Socio 4","username":"user4"} []
[2026-01-04T17:34:24.394254+00:00] VideoclubLogger.INFO: Socio incluido: Socio 0 {"cliente":1,"nombre":"Socio 0","username":"user0"} []
[2026-01-04T17:34:24.394430+00:00] VideoclubLogger.INFO: Socio incluido: Socio 1 {"cliente":2,"nombre":"Socio 1","username":"user1"} []
[2026-01-04T17:34:24.394506+00:00] VideoclubLogger.INFO: Socio incluido: Socio 2 {"cliente":3,"nombre":"Socio 2","username":"user2"} []
[2026-01-04T17:34:24.394575+00:00] VideoclubLogger.INFO: Socio incluido: Socio 3 {"cliente":4,"nombre":"Socio 3","username":"user3"} []
[2026-01-04T17:34:24.394642+00:00] VideoclubLogger.INFO: Socio incluido: Socio 4 {"cliente":5,"nombre":"Socio 4","username":"user4"} []
[2026-01-04T17:34:24.394708+00:00] VideoclubLogger.INFO: Socio incluido: Socio 5 {"cliente":6,"nombre":"Socio 5","username":"user5"} []
[2026-01-04T17:34:24.394773+00:00] VideoclubLogger.INFO: Socio incluido: Socio 6 {"cliente":7,"nombre":"Socio 6","username":"user6"} []
[2026-01-04T17:34:24.394838+00:00] VideoclubLogger.INFO: Socio incluido: Socio 7 {"cliente":8,"nombre":"Socio 7","username":"user7"} []
[2026-01-04T17:34:24.394902+00:00] VideoclubLogger.INFO: Socio incluido: Socio 8 {"cliente":9,"nombre":"Socio 8","username":"user8"} []
[2026-01-04T17:34:24.394973+00:00] VideoclubLogger.INFO: Socio incluido: Socio 9 {"cliente":10,"nombre":"Socio 9","username":"user9"} []
[2026-01-04T17:34:24.395320+00:00] VideoclubLogger.INFO: Producto incluido: Avatar {"producto":1,"titulo":"Avatar","precio":3.5} []
[2026-01-04T17:34:24.395478+00:00] VideoclubLogger.WARNING: Socio no encontrado {"cliente":999} []
[2026-01-04T17:34:24.395964+00:00] VideoclubLogger.INFO: Error cliente no encontrado al devolver {"cliente":999,"error":"Socio con número 999 no encontrado."} []
[2026-01-04T17:34:24.396259+00:00] VideoclubLogger.INFO: Producto incluido: Avatar {"producto":1,"titulo":"Avatar","precio":3.5} []
[2026-01-04T17:34:24.396416+00:00] VideoclubLogger.WARNING: Socio no encontrado {"cliente":999} []
[2026-01-04T17:34:24.396587+00:00] VideoclubLogger.INFO: Error cliente no encontrado al alquilar {"cliente":999,"error":"Socio con número 999 no encontrado."} []
[2026-01-04T17:34:24.396955+00:00] VideoclubLogger.INFO: Producto incluido: Avatar {"producto":1,"titulo":"Avatar","precio":3.5} []
[2026-01-04T17:34:24.397197+00:00] VideoclubLogger.INFO: Producto incluido: Titanic {"producto":2,"titulo":"Titanic","precio":2.5} []
[2026-01-04T17:34:24.397302+00:00] VideoclubLogger.INFO: Producto incluido: Jaws {"producto":3,"titulo":"Jaws","precio":2.0} []
[2026-01-04T17:34:24.397382+00:00] VideoclubLogger.INFO: Socio incluido: Juan {"cliente":1,"nombre":"Juan","username":""} []
[2026-01-04T17:34:24.397452+00:00] VideoclubLogger.INFO: Socio incluido: Maria {"cliente":2,"nombre":"Maria","username":""} []
[2026-01-04T17:34:24.397508+00:00] VideoclubLogger.INFO: Soporte no alquilado: Avatar {"soporte":1} []
[2026-01-04T17:34:24.397654+00:00] VideoclubLogger.INFO: Alquiler realizado {"cliente":2,"producto":1,"titulo":"Avatar"} []
[2026-01-04T17:34:24.397716+00:00] VideoclubLogger.WARNING: Intento de alquiler de soporte ya alquilado {"soporte":1,"titulo":"Avatar","cliente":1} []
[2026-01-04T17:34:24.398039+00:00] VideoclubLogger.WARNING: Soporte ya alquilado al intentar alquilar varios {"soportes":[1,2,3],"cliente":1,"error":"El soporte Avatar ya está alquilado."} []
[2026-01-04T17:34:24.398517+00:00] VideoclubLogger.INFO: Producto incluido: Avatar {"producto":1,"titulo":"Avatar","precio":3.5} []
[2026-01-04T17:34:24.398696+00:00] VideoclubLogger.INFO: Socio incluido: Juan {"cliente":1,"nombre":"Juan","username":""} []
[2026-01-04T17:34:24.398760+00:00] VideoclubLogger.INFO: Soporte no alquilado: Avatar {"soporte":1} []
[2026-01-04T17:34:24.398902+00:00] VideoclubLogger.INFO: Alquiler realizado {"cliente":1,"producto":1,"titulo":"Avatar"} []
[2026-01-04T17:34:24.398972+00:00] VideoclubLogger.INFO: Devolución realizada {"cliente":1,"producto":1,"titulo":"Avatar"} []
[2026-01-04T17:34:24.399299+00:00] VideoclubLogger.INFO: Socio incluido: Juan {"cliente":1,"nombre":"Juan","username":""} []
[2026-01-04T17:34:24.399476+00:00] VideoclubLogger.INFO: Socio incluido: Maria {"cliente":2,"nombre":"Maria","username":""} []
[2026-01-04T17:34:24.399761+00:00] VideoclubLogger.INFO: Producto incluido: Inception {"producto":1,"titulo":"Inception","precio":4.5} []
[2026-01-04T17:34:24.399922+00:00] VideoclubLogger.INFO: Producto incluido: The Matrix {"producto":2,"titulo":"The Matrix","precio":3.0} []
[2026-01-04T17:34:24.400197+00:00] VideoclubLogger.INFO: Producto incluido: Elden Ring {"producto":1,"titulo":"Elden Ring","precio":59.99} []
[2026-01-04T17:34:24.400352+00:00] VideoclubLogger.INFO: Producto incluido: God of War {"producto":2,"titulo":"God of War","precio":49.99} []
[2026-01-04T17:34:24.400669+00:00] VideoclubLogger.INFO: Producto incluido: Película 0 {"producto":1,"titulo":"Película 0","precio":2.5} []
[2026-01-04T17:34:24.400822+00:00] VideoclubLogger.INFO: Producto incluido: Película 1 {"producto":2,"titulo":"Película 1","precio":3.0} []
[2026-01-04T17:34:24.400885+00:00] VideoclubLogger.INFO: Producto incluido: Película 2 {"producto":3,"titulo":"Película 2","precio":3.5} []
[2026-01-04T17:34:24.400959+00:00] VideoclubLogger.INFO: Producto incluido: Película 3 {"producto":4,"titulo":"Película 3","precio":4.0} []
[2026-01-04T17:34:24.401016+00:00] VideoclubLogger.INFO: Producto incluido: Película 4 {"producto":5,"titulo":"Película 4","precio":4.5} []
[2026-01-04T17:34:24.401313+00:00] VideoclubLogger.INFO: Producto incluido: Película 0 {"producto":1,"titulo":"Película 0","precio":2.5} []
[2026-01-04T17:34:24.401469+00:00] VideoclubLogger.INFO: Producto incluido: Película 1 {"producto":2,"titulo":"Película 1","precio":3.0} []
[2026-01-04T17:34:24.401532+00:00] VideoclubLogger.INFO: Producto incluido: Película 2 {"producto":3,"titulo":"Película 2","precio":3.5} []
[2026-01-04T17:34:24.401589+00:00] VideoclubLogger.INFO: Producto incluido: Película 3 {"producto":4,"titulo":"Película 3","precio":4.0} []
[2026-01-04T17:34:24.401643+00:00] VideoclubLogger.INFO: Producto incluido: Película 4 {"producto":5,"titulo":"Película 4","precio":4.5} []
[2026-01-04T17:34:24.401696+00:00] VideoclubLogger.INFO: Producto incluido: Película 5 {"producto":6,"titulo":"Película 5","precio":5.0} []
[2026-01-04T17:34:24.401748+00:00] VideoclubLogger.INFO: Producto incluido: Película 6 {"producto":7,"titulo":"Película 6","precio":5.5} []
[2026-01-04T17:34:24.401800+00:00] VideoclubLogger.INFO: Producto incluido: Película 7 {"producto":8,"titulo":"Película 7","precio":6.0} []
[2026-01-04T17:34:24.401852+00:00] VideoclubLogger.INFO: Producto incluido: Película 8 {"producto":9,"titulo":"Película 8","precio":6.5} []
[2026-01-04T17:34:24.401905+00:00] VideoclubLogger.INFO: Producto incluido: Película 9 {"producto":10,"titulo":"Película 9","precio":7.0} []
[2026-01-04T17:34:24.402191+00:00] VideoclubLogger.INFO: Producto incluido: Película 0 {"producto":1,"titulo":"Película 0","precio":2.5} []
[2026-01-04T17:34:24.402360+00:00] VideoclubLogger.INFO: Producto incluido: Película 1 {"producto":2,"titulo":"Película 1","precio":3.0} []
[2026-01-04T17:34:24.402435+00:00] VideoclubLogger.INFO: Producto incluido: Película 2 {"producto":3,"titulo":"Película 2","precio":3.5} []
[2026-01-04T17:34:24.402496+00:00] VideoclubLogger.INFO: Producto incluido: Película 3 {"producto":4,"titulo":"Película 3","precio":4.0} []
[2026-01-04T17:34:24.402552+00:00] VideoclubLogger.INFO: Producto incluido: Película 4 {"producto":5,"titulo":"Película 4","precio":4.5} []
[2026-01-04T17:34:24.402606+00:00] VideoclubLogger.INFO: Producto incluido: Película 5 {"producto":6,"titulo":"Película 5","precio":5.0} []
[2026-01-04T17:34:24.402659+00:00] VideoclubLogger.INFO: Producto incluido: Película 6 {"producto":7,"titulo":"Película 6","precio":5.5} []
[2026-01-04T17:34:24.402712+00:00] VideoclubLogger.INFO: Producto incluido: Película 7 {"producto":8,"titulo":"Película 7","precio":6.0} []
[2026-01-04T17:34:24.402799+00:00] VideoclubLogger.INFO: Producto incluido: Película 8 {"producto":9,"titulo":"Película 8","precio":6.5} []
[2026-01-04T17:34:24.402859+00:00] VideoclubLogger.INFO: Producto incluido: Película 9 {"producto":10,"titulo":"Película 9","precio":7.0} []
[2026-01-04T17:34:24.402914+00:00] VideoclubLogger.INFO: Producto incluido: Película 10 {"producto":11,"titulo":"Película 10","precio":7.5} []
[2026-01-04T17:34:24.402985+00:00] VideoclubLogger.INFO: Producto incluido: Película 11 {"producto":12,"titulo":"Película 11","precio":8.0} []
[2026-01-04T17:34:24.403039+00:00] VideoclubLogger.INFO: Producto incluido: Película 12 {"producto":13,"titulo":"Película 12","precio":8.5} []
[2026-01-04T17:34:24.403091+00:00] VideoclubLogger.INFO: Producto incluido: Película 13 {"producto":14,"titulo":"Película 13","precio":9.0} []
[2026-01-04T17:34:24.403143+00:00] VideoclubLogger.INFO: Producto incluido: Película 14 {"producto":15,"titulo":"Película 14","precio":9.5} []
[2026-01-04T17:34:24.403438+00:00] VideoclubLogger.INFO: Producto incluido: Película 0 {"producto":1,"titulo":"Película 0","precio":2.5} []
[2026-01-04T17:34:24.403604+00:00] VideoclubLogger.INFO: Producto incluido: Película 1 {"producto":2,"titulo":"Película 1","precio":3.0} []
[2026-01-04T17:34:24.403671+00:00] VideoclubLogger.INFO: Producto incluido: Película 2 {"producto":3,"titulo":"Película 2","precio":3.5} []
[2026-01-04T17:34:24.403729+00:00] VideoclubLogger.INFO: Producto incluido: Película 3 {"producto":4,"titulo":"Película 3","precio":4.0} []
[2026-01-04T17:34:24.403783+00:00] VideoclubLogger.INFO: Producto incluido: Película 4 {"producto":5,"titulo":"Película 4","precio":4.5} []
[2026-01-04T17:34:24.403836+00:00] VideoclubLogger.INFO: Producto incluido: Película 5 {"producto":6,"titulo":"Película 5","precio":5.0} []
[2026-01-04T17:34:24.403888+00:00] VideoclubLogger.INFO: Producto incluido: Película 6 {"producto":7,"titulo":"Película 6","precio":5.5} []
[2026-01-04T17:34:24.403946+00:00] VideoclubLogger.INFO: Producto incluido: Película 7 {"producto":8,"titulo":"Película 7","precio":6.0} []
[2026-01-04T17:34:24.403998+00:00] VideoclubLogger.INFO: Producto incluido: Película 8 {"producto":9,"titulo":"Película 8","precio":6.5} []
[2026-01-04T17:34:24.404050+00:00] VideoclubLogger.INFO: Producto incluido: Película 9 {"producto":10,"titulo":"Película 9","precio":7.0} []
[2026-01-04T17:34:24.404101+00:00] VideoclubLogger.INFO: Producto incluido: Película 10 {"producto":11,"titulo":"Película 10","precio":7.5} []
[2026-01-04T17:34:24.404154+00:00] VideoclubLogger.INFO: Producto incluido: Película 11 {"producto":12,"titulo":"Película 11","precio":8.0} []
[2026-01-04T17:34:24.404205+00:00] VideoclubLogger.INFO: Producto incluido: Película 12 {"producto":13,"titulo":"Película 12","precio":8.5} []
[2026-01-04T17:34:24.404257+00:00] VideoclubLogger.INFO: Producto incluido: Película 13 {"producto":14,"titulo":"Película 13","precio":9.0} []
[2026-01-04T17:34:24.404308+00:00] VideoclubLogger.INFO: Producto incluido: Película 14 {"producto":15,"titulo":"Película 14","precio":9.5} []
[2026-01-04T17:34:24.404359+00:00] VideoclubLogger.INFO: Producto incluido: Película 15 {"producto":16,"titulo":"Película 15","precio":10.0} []
[2026-01-04T17:34:24.404411+00:00] VideoclubLogger.INFO: Producto incluido: Película 16 {"producto":17,"titulo":"Película 16","precio":10.5} []
[2026-01-04T17:34:24.404462+00:00] VideoclubLogger.INFO: Producto incluido: Película 17 {"producto":18,"titulo":"Película 17","precio":11.0} []
[2026-01-04T17:34:24.404513+00:00] VideoclubLogger.INFO: Producto incluido: Película 18 {"producto":19,"titulo":"Película 18","precio":11.5} []
[2026-01-04T17:34:24.404564+00:00] VideoclubLogger.INFO: Producto incluido: Película 19 {"producto":20,"titulo":"Película 19","precio":12.0} []
[2026-01-04T17:34:24.404891+00:00] VideoclubLogger.INFO: Producto incluido: Avatar {"producto":1,"titulo":"Avatar","precio":3.5} []
[2026-01-04T17:34:24.405076+00:00] VideoclubLogger.INFO: Socio incluido: Juan {"cliente":1,"nombre":"Juan","username":""} []
[2026-01-04T17:34:24.405168+00:00] VideoclubLogger.INFO: Soporte no alquilado: Avatar {"soporte":1} []
[2026-01-04T17:34:24.405320+00:00] VideoclubLogger.INFO: Alquiler realizado {"cliente":1,"producto":1,"titulo":"Avatar"} []
[2026-01-04T17:34:24.405603+00:00] VideoclubLogger.INFO: Producto incluido: Avatar {"producto":1,"titulo":"Avatar","precio":3.5} []
[2026-01-04T17:34:24.405775+00:00] VideoclubLogger.INFO: Producto incluido: Titanic {"producto":2,"titulo":"Titanic","precio":2.5} []
[2026-01-04T17:34:24.406083+00:00] VideoclubLogger.INFO: Producto incluido: Avatar {"producto":1,"titulo":"Avatar","precio":3.5} []
[2026-01-04T17:34:24.406241+00:00] VideoclubLogger.INFO: Producto incluido: Titanic {"producto":2,"titulo":"Titanic","precio":2.5} []
[2026-01-04T17:34:24.406304+00:00] VideoclubLogger.INFO: Producto incluido: Jaws {"producto":3,"titulo":"Jaws","precio":2.0} []
[2026-01-04T17:34:24.406379+00:00] VideoclubLogger.INFO: Socio incluido: Juan {"cliente":1,"nombre":"Juan","username":""} []
[2026-01-04T17:34:24.406448+00:00] VideoclubLogger.INFO: Socio incluido: Maria {"cliente":2,"nombre":"Maria","username":""} []
[2026-01-04T17:34:24.406503+00:00] VideoclubLogger.INFO: Soporte no alquilado: Avatar {"soporte":1} []
[2026-01-04T17:34:24.406645+00:00] VideoclubLogger.INFO: Alquiler realizado {"cliente":2,"producto":1,"titulo":"Avatar"} []
[2026-01-04T17:34:24.406707+00:00] VideoclubLogger.WARNING: Intento de alquiler de soporte ya alquilado {"soporte":1,"titulo":"Avatar","cliente":1} []
[2026-01-04T17:34:24.406895+00:00] VideoclubLogger.WARNING: Soporte ya alquilado al intentar alquilar varios {"soportes":[1,2,3],"cliente":1,"error":"El soporte Avatar ya está alquilado."} []
[2026-01-04T17:34:24.407193+00:00] VideoclubLogger.INFO: Socio incluido: Juan {"cliente":1,"nombre":"Juan","username":"juan"} []
[2026-01-04T17:34:24.407368+00:00] VideoclubLogger.INFO: Socio incluido: Maria {"cliente":2,"nombre":"Maria","username":"maria"} []
[2026-01-04T17:34:24.407645+00:00] VideoclubLogger.INFO: Producto incluido: Avatar {"producto":1,"titulo":"Avatar","precio":3.5} []
[2026-01-04T17:34:24.407818+00:00] VideoclubLogger.INFO: Socio incluido: Juan {"cliente":1,"nombre":"Juan","username":""} []
[2026-01-04T17:34:24.407880+00:00] VideoclubLogger.INFO: Soporte no alquilado: Avatar {"soporte":1} []
[2026-01-04T17:34:24.408027+00:00] VideoclubLogger.INFO: Alquiler realizado {"cliente":1,"producto":1,"titulo":"Avatar"} []
[2026-01-04T17:34:24.408096+00:00] VideoclubLogger.INFO: Devolución realizada {"cliente":1,"producto":1,"titulo":"Avatar"} []
[2026-01-04T17:34:24.408369+00:00] VideoclubLogger.INFO: Socio incluido: Juan {"cliente":1,"nombre":"Juan","username":""} []
[2026-01-04T17:34:24.408518+00:00] VideoclubLogger.WARNING: Producto no encontrado {"producto":999} []
[2026-01-04T17:34:24.408866+00:00] VideoclubLogger.INFO: Error soporte no encontrado al alquilar {"soporte":999,"error":"Producto con número 999 no encontrado."} []
[2026-01-04T17:34:24.409155+00:00] VideoclubLogger.INFO: Producto incluido: Avatar {"producto":1,"titulo":"Avatar","precio":3.5} []
[2026-01-04T17:34:24.409314+00:00] VideoclubLogger.WARNING: Socio no encontrado {"cliente":999} []
[2026-01-04T17:34:24.409476+00:00] VideoclubLogger.INFO: Error cliente no encontrado al alquilar {"cliente":999,"error":"Socio con número 999 no encontrado."} []
[2026-01-04T17:34:44.982633+00:00] VideoclubLogger.INFO: Socio incluido: Cliente {"cliente":1,"nombre":"Cliente","username":""} []
[2026-01-04T17:34:44.984195+00:00] VideoclubLogger.INFO: Producto incluido: Elden Ring {"producto":1,"titulo":"Elden Ring","precio":59.99} []
[2026-01-04T17:34:44.984279+00:00] VideoclubLogger.INFO: Soporte no alquilado: Elden Ring {"soporte":1} []
[2026-01-04T17:34:44.984433+00:00] VideoclubLogger.INFO: Alquiler realizado {"cliente":1,"producto":1,"titulo":"Elden Ring"} []
[2026-01-04T17:34:44.988035+00:00] VideoclubLogger.INFO: Socio incluido: Cliente {"cliente":1,"nombre":"Cliente","username":""} []
[2026-01-04T17:34:44.988471+00:00] VideoclubLogger.INFO: Producto incluido: Inception {"producto":1,"titulo":"Inception","precio":4.5} []
[2026-01-04T17:34:44.988589+00:00] VideoclubLogger.INFO: Soporte no alquilado: Inception {"soporte":1} []
[2026-01-04T17:34:44.988747+00:00] VideoclubLogger.INFO: Alquiler realizado {"cliente":1,"producto":1,"titulo":"Inception"} []
[2026-01-04T17:34:44.989127+00:00] VideoclubLogger.INFO: Socio incluido: Cliente {"cliente":1,"nombre":"Cliente","username":""} []
[2026-01-04T17:34:44.989536+00:00] VideoclubLogger.INFO: Producto incluido: Avatar {"producto":1,"titulo":"Avatar","precio":3.5} []
[2026-01-04T17:34:44.989613+00:00] VideoclubLogger.INFO: Soporte no alquilado: Avatar {"soporte":1} []
[2026-01-04T17:34:44.989762+00:00] VideoclubLogger.INFO: Alquiler realizado {"cliente":1,"producto":1,"titulo":"Avatar"} []
[2026-01-04T17:34:44.989826+00:00] VideoclubLogger.INFO: Producto incluido: Inception {"producto":2,"titulo":"Inception","precio":4.5} []
[2026-01-04T17:34:44.989884+00:00] VideoclubLogger.INFO: Soporte no alquilado: Inception {"soporte":2} []
[2026-01-04T17:34:44.989934+00:00] VideoclubLogger.INFO: Alquiler realizado {"cliente":1,"producto":2,"titulo":"Inception"} []
[2026-01-04T17:34:44.990288+00:00] VideoclubLogger.INFO: Socio incluido: Cliente {"cliente":1,"nombre":"Cliente","username":""} []
[2026-01-04T17:34:44.990455+00:00] VideoclubLogger.INFO: Producto incluido: Avatar {"producto":1,"titulo":"Avatar","precio":3.5} []
[2026-01-04T17:34:44.990520+00:00] VideoclubLogger.INFO: Soporte no alquilado: Avatar {"soporte":1} []
[2026-01-04T17:34:44.990686+00:00] VideoclubLogger.INFO: Alquiler realizado {"cliente":1,"producto":1,"titulo":"Avatar"} []
[2026-01-04T17:34:44.991082+00:00] VideoclubLogger.INFO: Producto incluido: Avatar {"producto":1,"titulo":"Avatar","precio":3.5} []
[2026-01-04T17:34:44.991250+00:00] VideoclubLogger.INFO: Producto incluido: Inception {"producto":2,"titulo":"Inception","precio":4.5} []
[2026-01-04T17:34:44.991315+00:00] VideoclubLogger.INFO: Producto incluido: Elden Ring {"producto":3,"titulo":"Elden Ring","precio":59.99} []
[2026-01-04T17:34:44.991392+00:00] VideoclubLogger.INFO: Socio incluido: Juan {"cliente":1,"nombre":"Juan","username":""} []
[2026-01-04T17:34:44.991456+00:00] VideoclubLogger.INFO: Soporte no alquilado: Avatar {"soporte":1} []
[2026-01-04T17:34:44.991604+00:00] VideoclubLogger.INFO: Soporte no alquilado: Inception {"soporte":2} []
[2026-01-04T17:34:44.991661+00:00] VideoclubLogger.INFO: Soporte no alquilado: Elden Ring {"soporte":3} []
[2026-01-04T17:34:44.991712+00:00] VideoclubLogger.INFO: Alquileres realizados {"cliente":1,"cantidad":3,"productos":[1,2,3]} []
[2026-01-04T17:34:44.991996+00:00] VideoclubLogger.INFO: Soporte ya alquilado: Avatar {"soporte":1} []
[2026-01-04T17:34:44.992061+00:00] VideoclubLogger.INFO: Soporte ya alquilado: Inception {"soporte":2} []
[2026-01-04T17:34:44.992119+00:00] VideoclubLogger.INFO: Devoluciones realizadas {"cliente":1,"cantidad":2,"productos":[1,2]} []
[2026-01-04T17:34:44.992183+00:00] VideoclubLogger.INFO: Soporte no alquilado: Avatar {"soporte":1} []
[2026-01-04T17:34:44.992265+00:00] VideoclubLogger.INFO: Alquiler realizado {"cliente":1,"producto":1,"titulo":"Avatar"} []
[2026-01-04T17:34:44.992327+00:00] VideoclubLogger.INFO: Soporte ya alquilado: Avatar {"soporte":1} []
[2026-01-04T17:34:44.992377+00:00] VideoclubLogger.INFO: Soporte ya alquilado: Elden Ring {"soporte":3} []
[2026-01-04T17:34:44.992429+00:00] VideoclubLogger.INFO: Devoluciones realizadas {"cliente":1,"cantidad":2,"productos":[1,3]} []
[2026-01-04T17:34:44.992718+00:00] VideoclubLogger.INFO: Producto incluido: Avatar {"producto":1,"titulo":"Avatar","precio":3.5} []
[2026-01-04T17:34:44.992878+00:00] VideoclubLogger.INFO: Producto incluido: Titanic {"producto":2,"titulo":"Titanic","precio":2.5} []
[2026-01-04T17:34:44.992942+00:00] VideoclubLogger.INFO: Producto incluido: Jaws {"producto":3,"titulo":"Jaws","precio":2.0} []
[2026-01-04T17:34:44.993018+00:00] VideoclubLogger.INFO: Socio incluido: Juan {"cliente":1,"nombre":"Juan","username":""} []
[2026-01-04T17:34:44.993112+00:00] VideoclubLogger.INFO: Soporte no alquilado: Avatar {"soporte":1} []
[2026-01-04T17:34:44.993263+00:00] VideoclubLogger.INFO: Soporte no alquilado: Titanic {"soporte":2} []
[2026-01-04T17:34:44.993320+00:00] VideoclubLogger.INFO: Soporte no alquilado: Jaws {"soporte":3} []
[2026-01-04T17:34:44.993370+00:00] VideoclubLogger.INFO: Alquileres realizados {"cliente":1,"cantidad":3,"productos":[1,2,3]} []
[2026-01-04T17:34:44.993661+00:00] VideoclubLogger.INFO: Producto incluido: Avatar {"producto":1,"titulo":"Avatar","precio":3.5} []
[2026-01-04T17:34:44.993821+00:00] VideoclubLogger.INFO: Producto incluido: Titanic {"producto":2,"titulo":"Titanic","precio":2.5} []
[2026-01-04T17:34:44.993883+00:00] VideoclubLogger.INFO: Producto incluido: Jaws {"producto":3,"titulo":"Jaws","precio":2.0} []
[2026-01-04T17:34:44.993973+00:00] VideoclubLogger.INFO: Socio incluido: Juan {"cliente":1,"nombre":"Juan","username":""} []
[2026-01-04T17:34:44.994034+00:00] VideoclubLogger.INFO: Soporte no alquilado: Avatar {"soporte":1} []
[2026-01-04T17:34:44.994176+00:00] VideoclubLogger.INFO: Soporte no alquilado: Titanic {"soporte":2} []
[2026-01-04T17:34:44.994232+00:00] VideoclubLogger.INFO: Alquileres realizados {"cliente":1,"cantidad":2,"productos":[1,2]} []
[2026-01-04T17:34:44.994294+00:00] VideoclubLogger.INFO: Soporte ya alquilado: Avatar {"soporte":1} []
[2026-01-04T17:34:44.994344+00:00] VideoclubLogger.INFO: Soporte ya alquilado: Titanic {"soporte":2} []
[2026-01-04T17:34:44.994392+00:00] VideoclubLogger.INFO: Soporte no alquilado: Jaws {"soporte":3} []
[2026-01-04T17:34:44.994440+00:00] VideoclubLogger.WARNING: Intento de devolver soporte no alquilado por socio {"producto":3,"titulo":"Jaws","cliente":1} []
[2026-01-04T17:34:44.994969+00:00] VideoclubLogger.WARNING: Error soporte no encontrado al devolver varios {"soportes":[1,2,3],"cliente":1,"error":"El soporte Jaws no está alquilado por este socio."} []
[2026-01-04T17:34:44.995270+00:00] VideoclubLogger.INFO: Producto incluido: Avatar {"producto":1,"titulo":"Avatar","precio":3.5} []
[2026-01-04T17:34:44.995430+00:00] VideoclubLogger.INFO: Producto incluido: Titanic {"producto":2,"titulo":"Titanic","precio":2.5} []
[2026-01-04T17:34:44.995494+00:00] VideoclubLogger.INFO: Producto incluido: Jaws {"producto":3,"titulo":"Jaws","precio":2.0} []
[2026-01-04T17:34:44.995578+00:00] VideoclubLogger.INFO: Socio incluido: Juan {"cliente":1,"nombre":"Juan","username":""} []
[2026-01-04T17:34:44.995640+00:00] VideoclubLogger.INFO: Soporte no alquilado: Avatar {"soporte":1} []
[2026-01-04T17:34:44.995782+00:00] VideoclubLogger.INFO: Soporte no alquilado: Titanic {"soporte":2} []
[2026-01-04T17:34:44.995838+00:00] VideoclubLogger.INFO: Soporte no alquilado: Jaws {"soporte":3} []
[2026-01-04T17:34:44.995887+00:00] VideoclubLogger.INFO: Alquileres realizados {"cliente":1,"cantidad":3,"productos":[1,2,3]} []
[2026-01-04T17:34:44.995949+00:00] VideoclubLogger.INFO: Soporte ya alquilado: Avatar {"soporte":1} []
[2026-01-04T17:34:44.995998+00:00] VideoclubLogger.INFO: Soporte ya alquilado: Titanic {"soporte":2} []
[2026-01-04T17:34:44.996049+00:00] VideoclubLogger.INFO: Devoluciones realizadas {"cliente":1,"cantidad":2,"productos":[1,2]} []
[2026-01-04T17:34:44.996316+00:00] VideoclubLogger.INFO: Producto incluido: Avatar {"producto":1,"titulo":"Avatar","precio":3.5} []
[2026-01-04T17:34:44.996470+00:00] VideoclubLogger.INFO: Producto incluido: Titanic {"producto":2,"titulo":"Titanic","precio":2.5} []
[2026-01-04T17:34:44.996533+00:00] VideoclubLogger.INFO: Producto incluido: Jaws {"producto":3,"titulo":"Jaws","precio":2.0} []
[2026-01-04T17:34:44.996595+00:00] VideoclubLogger.INFO: Producto incluido: The Ring {"producto":4,"titulo":"The Ring","precio":1.5} []
[2026-01-04T17:34:44.996668+00:00] VideoclubLogger.INFO: Socio incluido: Juan {"cliente":1,"nombre":"Juan","username":""} []
[2026-01-04T17:34:44.996728+00:00] VideoclubLogger.WARNING: Cupo superado al intentar alquilar varios productos {"cliente":1,"intentados":3,"maximo":2} []
[2026-01-04T17:34:44.997052+00:00] VideoclubLogger.WARNING: Cupo superado al alquilar varios productos {"cliente":1,"cantidad_solicitada":3,"error":"No se pueden alquilar todos los productos: se superaría el máximo de alquileres."} []
[2026-01-04T17:34:44.997371+00:00] VideoclubLogger.INFO: Producto incluido: Avatar {"producto":1,"titulo":"Avatar","precio":3.5} []
[2026-01-04T17:34:44.997551+00:00] VideoclubLogger.INFO: Socio incluido: Juan {"cliente":1,"nombre":"Juan","username":""} []
[2026-01-04T17:34:44.997618+00:00] VideoclubLogger.INFO: Soporte no alquilado: Avatar {"soporte":1} []
[2026-01-04T17:34:44.997763+00:00] VideoclubLogger.INFO: Alquiler realizado {"cliente":1,"producto":1,"titulo":"Avatar"} []
[2026-01-04T17:34:44.998088+00:00] VideoclubLogger.INFO: Socio incluido: Socio 0 {"cliente":1,"nombre":"Socio 0","username":"user0"} []
[2026-01-04T17:34:44.998259+00:00] VideoclubLogger.INFO: Socio incluido: Socio 1 {"cliente":2,"nombre":"Socio 1","username":"user1"} []
[2026-01-04T17:34:44.998335+00:00] VideoclubLogger.INFO: Socio incluido: Socio 2 {"cliente":3,"nombre":"Socio 2","username":"user2"} []
[2026-01-04T17:34:44.998854+00:00] VideoclubLogger.INFO: Socio incluido: Socio 0 {"cliente":1,"nombre":"Socio 0","username":"user0"} []
[2026-01-04T17:34:44.999031+00:00] VideoclubLogger.INFO: Socio incluido: Socio 1 {"cliente":2,"nombre":"Socio 1","username":"user1"} []
[2026-01-04T17:34:44.999109+00:00] VideoclubLogger.INFO: Socio incluido: Socio 2 {"cliente":3,"nombre":"Socio 2","username":"user2"} []
[2026-01-04T17:34:44.999178+00:00] VideoclubLogger.INFO: Socio incluido: Socio 3 {"cliente":4,"nombre":"Socio 3","username":"user3"} []
[2026-01-04T17:34:44.999245+00:00] VideoclubLogger.INFO: Socio incluido: Socio 4 {"cliente":5,"nombre":"Socio 4","username":"user4"} []
[2026-01-04T17:34:44.999550+00:00] VideoclubLogger.INFO: Socio incluido: Socio 0 {"cliente":1,"nombre":"Socio 0","username":"user0"} []
[2026-01-04T17:34:44.999726+00:00] VideoclubLogger.INFO: Socio incluido: Socio 1 {"cliente":2,"nombre":"Socio 1","username":"user1"} []
[2026-01-04T17:34:44.999800+00:00] VideoclubLogger.INFO: Socio incluido: Socio 2 {"cliente":3,"nombre":"Socio 2","username":"user2"} []
[2026-01-04T17:34:44.999867+00:00] VideoclubLogger.INFO: Socio incluido: Socio 3 {"cliente":4,"nombre":"Socio 3","username":"user3"} []
[2026-01-04T17:34:44.999933+00:00] VideoclubLogger.INFO: Socio incluido: Socio 4 {"cliente":5,"nombre":"Socio 4","username":"user4"} []
[2026-01-04T17:34:44.999998+00:00] VideoclubLogger.INFO: Socio incluido: Socio 5 {"cliente":6,"nombre":"Socio 5","username":"user5"} []
[2026-01-04T17:34:45.000063+00:00] VideoclubLogger.INFO: Socio incluido: Socio 6 {"cliente":7,"nombre":"Socio 6","username":"user6"} []
[2026-01-04T17:34:45.000129+00:00] VideoclubLogger.INFO: Socio incluido: Socio 7 {"cliente":8,"nombre":"Socio 7","username":"user7"} []
[2026-01-04T17:34:45.000194+00:00] VideoclubLogger.INFO: Socio incluido: Socio 8 {"cliente":9,"nombre":"Socio 8","username":"user8"} []
[2026-01-04T17:34:45.000260+00:00] VideoclubLogger.INFO: Socio incluido: Socio 9 {"cliente":10,"nombre":"Socio 9","username":"user9"} []
[2026-01-04T17:34:45.000615+00:00] VideoclubLogger.INFO: Producto incluido: Avatar {"producto":1,"titulo":"Avatar","precio":3.5} []
[2026-01-04T17:34:45.000776+00:00] VideoclubLogger.WARNING: Socio no encontrado {"cliente":999} []
[2026-01-04T17:34:45.001112+00:00] VideoclubLogger.INFO: Error cliente no encontrado al devolver {"cliente":999,"error":"Socio con número 999 no encontrado."} []
[2026-01-04T17:34:45.001397+00:00] VideoclubLogger.INFO: Producto incluido: Avatar {"producto":1,"titulo":"Avatar","precio":3.5} []
[2026-01-04T17:34:45.001553+00:00] VideoclubLogger.WARNING: Socio no encontrado {"cliente":999} []
[2026-01-04T17:34:45.001730+00:00] VideoclubLogger.INFO: Error cliente no encontrado al alquilar {"cliente":999,"error":"Socio con número 999 no encontrado."} []
[2026-01-04T17:34:45.002005+00:00] VideoclubLogger.INFO: Producto incluido: Avatar {"producto":1,"titulo":"Avatar","precio":3.5} []
[2026-01-04T17:34:45.002162+00:00] VideoclubLogger.INFO: Producto incluido: Titanic {"producto":2,"titulo":"Titanic","precio":2.5} []
[2026-01-04T17:34:45.002256+00:00] VideoclubLogger.INFO: Producto incluido: Jaws {"producto":3,"titulo":"Jaws","precio":2.0} []
[2026-01-04T17:34:45.002337+00:00] VideoclubLogger.INFO: Socio incluido: Juan {"cliente":1,"nombre":"Juan","username":""} []
[2026-01-04T17:34:45.002409+00:00] VideoclubLogger.INFO: Socio incluido: Maria {"cliente":2,"nombre":"Maria","username":""} []
[2026-01-04T17:34:45.002466+00:00] VideoclubLogger.INFO: Soporte no alquilado: Avatar {"soporte":1} []
[2026-01-04T17:34:45.002616+00:00] VideoclubLogger.INFO: Alquiler realizado {"cliente":2,"producto":1,"titulo":"Avatar"} []
[2026-01-04T17:34:45.002683+00:00] VideoclubLogger.WARNING: Intento de alquiler de soporte ya alquilado {"soporte":1,"titulo":"Avatar","cliente":1} []
[2026-01-04T17:34:45.003021+00:00] VideoclubLogger.WARNING: Soporte ya alquilado al intentar alquilar varios {"soportes":[1,2,3],"cliente":1,"error":"El soporte Avatar ya está alquilado."} []
[2026-01-04T17:34:45.003489+00:00] VideoclubLogger.INFO: Producto incluido: Avatar {"producto":1,"titulo":"Avatar","precio":3.5} []
[2026-01-04T17:34:45.003673+00:00] VideoclubLogger.INFO: Socio incluido: Juan {"cliente":1,"nombre":"Juan","username":""} []
[2026-01-04T17:34:45.003737+00:00] VideoclubLogger.INFO: Soporte no alquilado: Avatar {"soporte":1} []
[2026-01-04T17:34:45.003879+00:00] VideoclubLogger.INFO: Alquiler realizado {"cliente":1,"producto":1,"titulo":"Avatar"} []
[2026-01-04T17:34:45.003943+00:00] VideoclubLogger.INFO: Devolución realizada {"cliente":1,"producto":1,"titulo":"Avatar"} []
[2026-01-04T17:34:45.004452+00:00] VideoclubLogger.INFO: Socio incluido: Juan {"cliente":1,"nombre":"Juan","username":""} []
[2026-01-04T17:34:45.004638+00:00] VideoclubLogger.INFO: Socio incluido: Maria {"cliente":2,"nombre":"Maria","username":""} []
[2026-01-04T17:34:45.004925+00:00] VideoclubLogger.INFO: Producto incluido: Inception {"producto":1,"titulo":"Inception","precio":4.5} []
[2026-01-04T17:34:45.005083+00:00] VideoclubLogger.INFO: Producto incluido: The Matrix {"producto":2,"titulo":"The Matrix","precio":3.0} []
[2026-01-04T17:34:45.005402+00:00] VideoclubLogger.INFO: Producto incluido: Película 0 {"producto":1,"titulo":"Película 0","precio":2.5} []
[2026-01-04T17:34:45.005561+00:00] VideoclubLogger.INFO: Producto incluido: Película 1 {"producto":2,"titulo":"Película 1","precio":3.0} []
[2026-01-04T17:34:45.005625+00:00] VideoclubLogger.INFO: Producto incluido: Película 2 {"producto":3,"titulo":"Película 2","precio":3.5} []
[2026-01-04T17:34:45.005682+00:00] VideoclubLogger.INFO: Producto incluido: Película 3 {"producto":4,"titulo":"Película 3","precio":4.0} []
[2026-01-04T17:34:45.005735+00:00] VideoclubLogger.INFO: Producto incluido: Película 4 {"producto":5,"titulo":"Película 4","precio":4.5} []
[2026-01-04T17:34:45.006028+00:00] VideoclubLogger.INFO: Producto incluido: Película 0 {"producto":1,"titulo":"Película 0","precio":2.5} []
[2026-01-04T17:34:45.006182+00:00] VideoclubLogger.INFO: Producto incluido: Película 1 {"producto":2,"titulo":"Película 1","precio":3.0} []
[2026-01-04T17:34:45.006244+00:00] VideoclubLogger.INFO: Producto incluido: Película 2 {"producto":3,"titulo":"Película 2","precio":3.5} []
[2026-01-04T17:34:45.006299+00:00] VideoclubLogger.INFO: Producto incluido: Película 3 {"producto":4,"titulo":"Película 3","precio":4.0} []
[2026-01-04T17:34:45.006352+00:00] VideoclubLogger.INFO: Producto incluido: Película 4 {"producto":5,"titulo":"Película 4","precio":4.5} []
[2026-01-04T17:34:45.006405+00:00] VideoclubLogger.INFO: Producto incluido: Película 5 {"producto":6,"titulo":"Película 5","precio":5.0} []
[2026-01-04T17:34:45.006458+00:00] VideoclubLogger.INFO: Producto incluido: Película 6 {"producto":7,"titulo":"Película 6","precio":5.5} []
[2026-01-04T17:34:45.006510+00:00] VideoclubLogger.INFO: Producto incluido: Película 7 {"producto":8,"titulo":"Película 7","precio":6.0} []
[2026-01-04T17:34:45.006566+00:00] VideoclubLogger.INFO: Producto incluido: Película 8 {"producto":9,"titulo":"Película 8","precio":6.5} []
[2026-01-04T17:34:45.006666+00:00] VideoclubLogger.INFO: Producto incluido: Película 9 {"producto":10,"titulo":"Película 9","precio":7.0} []
[2026-01-04T17:34:45.006956+00:00] VideoclubLogger.INFO: Producto incluido: Película 0 {"producto":1,"titulo":"Película 0","precio":2.5} []
[2026-01-04T17:34:45.007113+00:00] VideoclubLogger.INFO: Producto incluido: Película 1 {"producto":2,"titulo":"Película 1","precio":3.0} []
[2026-01-04T17:34:45.007177+00:00] VideoclubLogger.INFO: Producto incluido: Película 2 {"producto":3,"titulo":"Película 2","precio":3.5} []
[2026-01-04T17:34:45.007233+00:00] VideoclubLogger.INFO: Producto incluido: Película 3 {"producto":4,"titulo":"Película 3","precio":4.0} []
[2026-01-04T17:34:45.007286+00:00] VideoclubLogger.INFO: Producto incluido: Película 4 {"producto":5,"titulo":"Película 4","precio":4.5} []
[2026-01-04T17:34:45.007339+00:00] VideoclubLogger.INFO: Producto incluido: Película 5 {"producto":6,"titulo":"Película 5","precio":5.0} []
[2026-01-04T17:34:45.007391+00:00] VideoclubLogger.INFO: Producto incluido: Película 6 {"producto":7,"titulo":"Película 6","precio":5.5} []
[2026-01-04T17:34:45.007443+00:00] VideoclubLogger.INFO: Producto incluido: Película 7 {"producto":8,"titulo":"Película 7","precio":6.0} []
[2026-01-04T17:34:45.007495+00:00] VideoclubLogger.INFO: Producto incluido: Película 8 {"producto":9,"titulo":"Película 8","precio":6.5} []
[2026-01-04T17:34:45.007547+00:00] VideoclubLogger.INFO: Producto incluido: Película 9 {"producto":10,"titulo":"Película 9","precio":7.0} []
[2026-01-04T17:34:45.007604+00:00] VideoclubLogger.INFO: Producto incluido: Película 10 {"producto":11,"titulo":"Película 10","precio":7.5} []
[2026-01-04T17:34:45.007657+00:00] VideoclubLogger.INFO: Producto incluido: Película 11 {"producto":12,"titulo":"Película 11","precio":8.0} []
[2026-01-04T17:34:45.007709+00:00] VideoclubLogger.INFO: Producto incluido: Película 12 {"producto":13,"titulo":"Película 12","precio":8.5} []
[2026-01-04T17:34:45.007762+00:00] VideoclubLogger.INFO: Producto incluido: Película 13 {"producto":14,"titulo":"Película 13","precio":9.0} []
[2026-01-04T17:34:45.007813+00:00] VideoclubLogger.INFO: Producto incluido: Película 14 {"producto":15,"titulo":"Película 14","precio":9.5} []
[2026-01-04T17:34:45.008092+00:00] VideoclubLogger.INFO: Producto incluido: Película 0 {"producto":1,"titulo":"Película 0","precio":2.5} []
[2026-01-04T17:34:45.008246+00:00] VideoclubLogger.INFO: Producto incluido: Película 1 {"producto":2,"titulo":"Película 1","precio":3.0} []
[2026-01-04T17:34:45.008308+00:00] VideoclubLogger.INFO: Producto incluido: Película 2 {"producto":3,"titulo":"Película 2","precio":3.5} []
[2026-01-04T17:34:45.008364+00:00] VideoclubLogger.INFO: Producto incluido: Película 3 {"producto":4,"titulo":"Película 3","precio":4.0} []
[2026-01-04T17:34:45.008417+00:00] VideoclubLogger.INFO: Producto incluido: Película 4 {"producto":5,"titulo":"Película 4","precio":4.5} []
[2026-01-04T17:34:45.008469+00:00] VideoclubLogger.INFO: Producto incluido: Película 5 {"producto":6,"titulo":"Película 5","precio":5.0} []
[2026-01-04T17:34:45.008521+00:00] VideoclubLogger.INFO: Producto incluido: Película 6 {"producto":7,"titulo":"Película 6","precio":5.5} []
[2026-01-04T17:34:45.008578+00:00] VideoclubLogger.INFO: Producto incluido: Película 7 {"producto":8,"titulo":"Película 7","precio":6.0} []
[2026-01-04T17:34:45.008630+00:00] VideoclubLogger.INFO: Producto incluido: Película 8 {"producto":9,"titulo":"Película 8","precio":6.5} []
[2026-01-04T17:34:45.008682+00:00] VideoclubLogger.INFO: Producto incluido: Película 9 {"producto":10,"titulo":"Película 9","precio":7.0} []
[2026-01-04T17:34:45.008734+00:00] VideoclubLogger.INFO: Producto incluido: Película 10 {"producto":11,"titulo":"Película 10","precio":7.5} []
[2026-01-04T17:34:45.008786+00:00] VideoclubLogger.INFO: Producto incluido: Película 11 {"producto":12,"titulo":"Película 11","precio":8.0} []
[2026-01-04T17:34:45.008838+00:00] VideoclubLogger.INFO: Producto incluido: Película 12 {"producto":13,"titulo":"Película 12","precio":8.5} []
[2026-01-04T17:34:45.008919+00:00] VideoclubLogger.INFO: Producto incluido: Película 13 {"producto":14,"titulo":"Película 13","precio":9.0} []
[2026-01-04T17:34:45.008977+00:00] VideoclubLogger.INFO: Producto incluido: Película 14 {"producto":15,"titulo":"Película 14","precio":9.5} []
[2026-01-04T17:34:45.009030+00:00] VideoclubLogger.INFO: Producto incluido: Película 15 {"producto":16,"titulo":"Película 15","precio":10.0} []
[2026-01-04T17:34:45.009083+00:00] VideoclubLogger.INFO: Producto incluido: Película 16 {"producto":17,"titulo":"Película 16","precio":10.5} []
[2026-01-04T17:34:45.009135+00:00] VideoclubLogger.INFO: Producto incluido: Película 17 {"producto":18,"titulo":"Película 17","precio":11.0} []
[2026-01-04T17:34:45.009187+00:00] VideoclubLogger.INFO: Producto incluido: Película 18 {"producto":19,"titulo":"Película 18","precio":11.5} []
[2026-01-04T17:34:45.009240+00:00] VideoclubLogger.INFO: Producto incluido: Película 19 {"producto":20,"titulo":"Película 19","precio":12.0} []
[2026-01-04T17:34:45.009563+00:00] VideoclubLogger.INFO: Producto incluido: Avatar {"producto":1,"titulo":"Avatar","precio":3.5} []
[2026-01-04T17:34:45.009717+00:00] VideoclubLogger.WARNING: Socio no encontrado {"cliente":999} []
[2026-01-04T17:34:45.009910+00:00] VideoclubLogger.INFO: Error cliente no encontrado al alquilar {"cliente":999,"error":"Socio con número 999 no encontrado."} []
[2026-01-04T17:34:45.010186+00:00] VideoclubLogger.INFO: Producto incluido: Elden Ring {"producto":1,"titulo":"Elden Ring","precio":59.99} []
[2026-01-04T17:34:45.010343+00:00] VideoclubLogger.INFO: Producto incluido: God of War {"producto":2,"titulo":"God of War","precio":49.99} []
[2026-01-04T17:34:45.010648+00:00] VideoclubLogger.INFO: Socio incluido: Juan {"cliente":1,"nombre":"Juan","username":"juan"} []
[2026-01-04T17:34:45.010825+00:00] VideoclubLogger.INFO: Socio incluido: Maria {"cliente":2,"nombre":"Maria","username":"maria"} []
[2026-01-04T17:34:45.011110+00:00] VideoclubLogger.INFO: Producto incluido: Avatar {"producto":1,"titulo":"Avatar","precio":3.5} []
[2026-01-04T17:34:45.011266+00:00] VideoclubLogger.INFO: Producto incluido: Titanic {"producto":2,"titulo":"Titanic","precio":2.5} []
[2026-01-04T17:34:45.011542+00:00] VideoclubLogger.INFO: Producto incluido: Avatar {"producto":1,"titulo":"Avatar","precio":3.5} []
[2026-01-04T17:34:45.011703+00:00] VideoclubLogger.INFO: Producto incluido: Titanic {"producto":2,"titulo":"Titanic","precio":2.5} []
[2026-01-04T17:34:45.011767+00:00] VideoclubLogger.INFO: Producto incluido: Jaws {"producto":3,"titulo":"Jaws","precio":2.0} []
[2026-01-04T17:34:45.011843+00:00] VideoclubLogger.INFO: Socio incluido: Juan {"cliente":1,"nombre":"Juan","username":""} []
[2026-01-04T17:34:45.011914+00:00] VideoclubLogger.INFO: Socio incluido: Maria {"cliente":2,"nombre":"Maria","username":""} []
[2026-01-04T17:34:45.011971+00:00] VideoclubLogger.INFO: Soporte no alquilado: Avatar {"soporte":1} []
[2026-01-04T17:34:45.012113+00:00] VideoclubLogger.INFO: Alquiler realizado {"cliente":2,"producto":1,"titulo":"Avatar"} []
[2026-01-04T17:34:45.012176+00:00] VideoclubLogger.WARNING: Intento de alquiler de soporte ya alquilado {"soporte":1,"titulo":"Avatar","cliente":1} []
[2026-01-04T17:34:45.012354+00:00] VideoclubLogger.WARNING: Soporte ya alquilado al intentar alquilar varios {"soportes":[1,2,3],"cliente":1,"error":"El soporte Avatar ya está alquilado."} []
[2026-01-04T17:34:45.012651+00:00] VideoclubLogger.INFO: Socio incluido: Test {"cliente":1,"nombre":"Test","username":""} []
[2026-01-04T17:34:45.013016+00:00] VideoclubLogger.INFO: Producto incluido: Avatar {"producto":1,"titulo":"Avatar","precio":3.5} []
[2026-01-04T17:34:45.013192+00:00] VideoclubLogger.INFO: Socio incluido: Juan {"cliente":1,"nombre":"Juan","username":""} []
[2026-01-04T17:34:45.013255+00:00] VideoclubLogger.INFO: Soporte no alquilado: Avatar {"soporte":1} []
[2026-01-04T17:34:45.013395+00:00] VideoclubLogger.INFO: Alquiler realizado {"cliente":1,"producto":1,"titulo":"Avatar"} []
[2026-01-04T17:34:45.013500+00:00] VideoclubLogger.INFO: Devolución realizada {"cliente":1,"producto":1,"titulo":"Avatar"} []
[2026-01-04T17:34:45.013787+00:00] VideoclubLogger.INFO: Socio incluido: Juan {"cliente":1,"nombre":"Juan","username":""} []
[2026-01-04T17:34:45.013937+00:00] VideoclubLogger.WARNING: Producto no encontrado {"producto":999} []
[2026-01-04T17:34:45.014125+00:00] VideoclubLogger.INFO: Error soporte no encontrado al alquilar {"soporte":999,"error":"Producto con número 999 no encontrado."} []
[2026-01-04T17:34:48.114893+00:00] VideoclubLogger.INFO: Socio incluido: Cliente {"cliente":1,"nombre":"Cliente","username":""} []
[2026-01-04T17:34:48.115959+00:00] VideoclubLogger.INFO: Producto incluido: Avatar {"producto":1,"titulo":"Avatar","precio":3.5} []
[2026-01-04T17:34:48.116038+00:00] VideoclubLogger.INFO: Soporte no alquilado: Avatar {"soporte":1} []
[2026-01-04T17:34:48.116190+00:00] VideoclubLogger.INFO: Alquiler realizado {"cliente":1,"producto":1,"titulo":"Avatar"} []
[2026-01-04T17:34:48.119758+00:00] VideoclubLogger.INFO: Socio incluido: Cliente {"cliente":1,"nombre":"Cliente","username":""} []
[2026-01-04T17:34:48.119939+00:00] VideoclubLogger.INFO: Producto incluido: Inception {"producto":1,"titulo":"Inception","precio":4.5} []
[2026-01-04T17:34:48.120010+00:00] VideoclubLogger.INFO: Soporte no alquilado: Inception {"soporte":1} []
[2026-01-04T17:34:48.120158+00:00] VideoclubLogger.INFO: Alquiler realizado {"cliente":1,"producto":1,"titulo":"Inception"} []
[2026-01-04T17:34:48.120552+00:00] VideoclubLogger.INFO: Socio incluido: Cliente {"cliente":1,"nombre":"Cliente","username":""} []
[2026-01-04T17:34:48.120794+00:00] VideoclubLogger.INFO: Producto incluido: Avatar {"producto":1,"titulo":"Avatar","precio":3.5} []
[2026-01-04T17:34:48.120864+00:00] VideoclubLogger.INFO: Soporte no alquilado: Avatar {"soporte":1} []
[2026-01-04T17:34:48.121011+00:00] VideoclubLogger.INFO: Alquiler realizado {"cliente":1,"producto":1,"titulo":"Avatar"} []
[2026-01-04T17:34:48.121073+00:00] VideoclubLogger.INFO: Producto incluido: Inception {"producto":2,"titulo":"Inception","precio":4.5} []
[2026-01-04T17:34:48.121132+00:00] VideoclubLogger.INFO: Soporte no alquilado: Inception {"soporte":2} []
[2026-01-04T17:34:48.121182+00:00] VideoclubLogger.INFO: Alquiler realizado {"cliente":1,"producto":2,"titulo":"Inception"} []
[2026-01-04T17:34:48.121527+00:00] VideoclubLogger.INFO: Socio incluido: Cliente {"cliente":1,"nombre":"Cliente","username":""} []
[2026-01-04T17:34:48.121711+00:00] VideoclubLogger.INFO: Producto incluido: Elden Ring {"producto":1,"titulo":"Elden Ring","precio":59.99} []
[2026-01-04T17:34:48.121778+00:00] VideoclubLogger.INFO: Soporte no alquilado: Elden Ring {"soporte":1} []
[2026-01-04T17:34:48.121986+00:00] VideoclubLogger.INFO: Alquiler realizado {"cliente":1,"producto":1,"titulo":"Elden Ring"} []
[2026-01-04T17:34:48.122500+00:00] VideoclubLogger.INFO: Producto incluido: Avatar {"producto":1,"titulo":"Avatar","precio":3.5} []
[2026-01-04T17:34:48.122759+00:00] VideoclubLogger.INFO: Producto incluido: Titanic {"producto":2,"titulo":"Titanic","precio":2.5} []
[2026-01-04T17:34:48.122848+00:00] VideoclubLogger.INFO: Producto incluido: Jaws {"producto":3,"titulo":"Jaws","precio":2.0} []
[2026-01-04T17:34:48.122921+00:00] VideoclubLogger.INFO: Producto incluido: The Ring {"producto":4,"titulo":"The Ring","precio":1.5} []
[2026-01-04T17:34:48.123017+00:00] VideoclubLogger.INFO: Socio incluido: Juan {"cliente":1,"nombre":"Juan","username":""} []
[2026-01-04T17:34:48.123098+00:00] VideoclubLogger.WARNING: Cupo superado al intentar alquilar varios productos {"cliente":1,"intentados":3,"maximo":2} []
[2026-01-04T17:34:48.123753+00:00] VideoclubLogger.WARNING: Cupo superado al alquilar varios productos {"cliente":1,"cantidad_solicitada":3,"error":"No se pueden alquilar todos los productos: se superaría el máximo de alquileres."} []
[2026-01-04T17:34:48.124391+00:00] VideoclubLogger.INFO: Producto incluido: Avatar {"producto":1,"titulo":"Avatar","precio":3.5} []
[2026-01-04T17:34:48.124630+00:00] VideoclubLogger.INFO: Producto incluido: Titanic {"producto":2,"titulo":"Titanic","precio":2.5} []
[2026-01-04T17:34:48.124717+00:00] VideoclubLogger.INFO: Producto incluido: Jaws {"producto":3,"titulo":"Jaws","precio":2.0} []
[2026-01-04T17:34:48.124815+00:00] VideoclubLogger.INFO: Socio incluido: Juan {"cliente":1,"nombre":"Juan","username":""} []
[2026-01-04T17:34:48.124892+00:00] VideoclubLogger.INFO: Soporte no alquilado: Avatar {"soporte":1} []
[2026-01-04T17:34:48.125072+00:00] VideoclubLogger.INFO: Soporte no alquilado: Titanic {"soporte":2} []
[2026-01-04T17:34:48.125143+00:00] VideoclubLogger.INFO: Soporte no alquilado: Jaws {"soporte":3} []
[2026-01-04T17:34:48.125206+00:00] VideoclubLogger.INFO: Alquileres realizados {"cliente":1,"cantidad":3,"productos":[1,2,3]} []
[2026-01-04T17:34:48.125544+00:00] VideoclubLogger.INFO: Producto incluido: Avatar {"producto":1,"titulo":"Avatar","precio":3.5} []
[2026-01-04T17:34:48.125754+00:00] VideoclubLogger.INFO: Producto incluido: Titanic {"producto":2,"titulo":"Titanic","precio":2.5} []
[2026-01-04T17:34:48.125833+00:00] VideoclubLogger.INFO: Producto incluido: Jaws {"producto":3,"titulo":"Jaws","precio":2.0} []
[2026-01-04T17:34:48.125927+00:00] VideoclubLogger.INFO: Socio incluido: Juan {"cliente":1,"nombre":"Juan","username":""} []
[2026-01-04T17:34:48.126003+00:00] VideoclubLogger.INFO: Soporte no alquilado: Avatar {"soporte":1} []
[2026-01-04T17:34:48.126176+00:00] VideoclubLogger.INFO: Soporte no alquilado: Titanic {"soporte":2} []
[2026-01-04T17:34:48.126247+00:00] VideoclubLogger.INFO: Soporte no alquilado: Jaws {"soporte":3} []
[2026-01-04T17:34:48.126309+00:00] VideoclubLogger.INFO: Alquileres realizados {"cliente":1,"cantidad":3,"productos":[1,2,3]} []
[2026-01-04T17:34:48.126387+00:00] VideoclubLogger.INFO: Soporte ya alquilado: Avatar {"soporte":1} []
[2026-01-04T17:34:48.126450+00:00] VideoclubLogger.INFO: Soporte ya alquilado: Titanic {"soporte":2} []
[2026-01-04T17:34:48.126516+00:00] VideoclubLogger.INFO: Devoluciones realizadas {"cliente":1,"cantidad":2,"productos":[1,2]} []
[2026-01-04T17:34:48.126864+00:00] VideoclubLogger.INFO: Producto incluido: Avatar {"producto":1,"titulo":"Avatar","precio":3.5} []
[2026-01-04T17:34:48.127087+00:00] VideoclubLogger.INFO: Producto incluido: Titanic {"producto":2,"titulo":"Titanic","precio":2.5} []
[2026-01-04T17:34:48.127166+00:00] VideoclubLogger.INFO: Producto incluido: Jaws {"producto":3,"titulo":"Jaws","precio":2.0} []
[2026-01-04T17:34:48.127259+00:00] VideoclubLogger.INFO: Socio incluido: Juan {"cliente":1,"nombre":"Juan","username":""} []
[2026-01-04T17:34:48.127332+00:00] VideoclubLogger.INFO: Soporte no alquilado: Avatar {"soporte":1} []
[2026-01-04T17:34:48.127483+00:00] VideoclubLogger.INFO: Soporte no alquilado: Titanic {"soporte":2} []
[2026-01-04T17:34:48.127539+00:00] VideoclubLogger.INFO: Alquileres realizados {"cliente":1,"cantidad":2,"productos":[1,2]} []
[2026-01-04T17:34:48.127607+00:00] VideoclubLogger.INFO: Soporte ya alquilado: Avatar {"soporte":1} []
[2026-01-04T17:34:48.127657+00:00] VideoclubLogger.INFO: Soporte ya alquilado: Titanic {"soporte":2} []
[2026-01-04T17:34:48.127706+00:00] VideoclubLogger.INFO: Soporte no alquilado: Jaws {"soporte":3} []
[2026-01-04T17:34:48.127753+00:00] VideoclubLogger.WARNING: Intento de devolver soporte no alquilado por socio {"producto":3,"titulo":"Jaws","cliente":1} []
[2026-01-04T17:34:48.128096+00:00] VideoclubLogger.WARNING: Error soporte no encontrado al devolver varios {"soportes":[1,2,3],"cliente":1,"error":"El soporte Jaws no está alquilado por este socio."} []
[2026-01-04T17:34:48.128392+00:00] VideoclubLogger.INFO: Producto incluido: Avatar {"producto":1,"titulo":"Avatar","precio":3.5} []
[2026-01-04T17:34:48.128553+00:00] VideoclubLogger.INFO: Producto incluido: Inception {"producto":2,"titulo":"Inception","precio":4.5} []
[2026-01-04T17:34:48.128625+00:00] VideoclubLogger.INFO: Producto incluido: Elden Ring {"producto":3,"titulo":"Elden Ring","precio":59.99} []
[2026-01-04T17:34:48.128735+00:00] VideoclubLogger.INFO: Socio incluido: Juan {"cliente":1,"nombre":"Juan","username":""} []
[2026-01-04T17:34:48.128801+00:00] VideoclubLogger.INFO: Soporte no alquilado: Avatar {"soporte":1} []
[2026-01-04T17:34:48.128948+00:00] VideoclubLogger.INFO: Soporte no alquilado: Inception {"soporte":2} []
[2026-01-04T17:34:48.129005+00:00] VideoclubLogger.INFO: Soporte no alquilado: Elden Ring {"soporte":3} []
[2026-01-04T17:34:48.129054+00:00] VideoclubLogger.INFO: Alquileres realizados {"cliente":1,"cantidad":3,"productos":[1,2,3]} []
[2026-01-04T17:34:48.129117+00:00] VideoclubLogger.INFO: Soporte ya alquilado: Avatar {"soporte":1} []
[2026-01-04T17:34:48.129167+00:00] VideoclubLogger.INFO: Soporte ya alquilado: Inception {"soporte":2} []
[2026-01-04T17:34:48.129218+00:00] VideoclubLogger.INFO: Devoluciones realizadas {"cliente":1,"cantidad":2,"productos":[1,2]} []
[2026-01-04T17:34:48.129276+00:00] VideoclubLogger.INFO: Soporte no alquilado: Avatar {"soporte":1} []
[2026-01-04T17:34:48.129324+00:00] VideoclubLogger.INFO: Alquiler realizado {"cliente":1,"producto":1,"titulo":"Avatar"} []
[2026-01-04T17:34:48.129379+00:00] VideoclubLogger.INFO: Soporte ya alquilado: Avatar {"soporte":1} []
[2026-01-04T17:34:48.129427+00:00] VideoclubLogger.INFO: Soporte ya alquilado: Elden Ring {"soporte":3} []
[2026-01-04T17:34:48.129477+00:00] VideoclubLogger.INFO: Devoluciones realizadas {"cliente":1,"cantidad":2,"productos":[1,3]} []
[2026-01-04T17:34:48.129751+00:00] VideoclubLogger.INFO: Producto incluido: Avatar {"producto":1,"titulo":"Avatar","precio":3.5} []
[2026-01-04T17:34:48.129927+00:00] VideoclubLogger.INFO: Socio incluido: Juan {"cliente":1,"nombre":"Juan","username":""} []
[2026-01-04T17:34:48.129989+00:00] VideoclubLogger.INFO: Soporte no alquilado: Avatar {"soporte":1} []
[2026-01-04T17:34:48.130129+00:00] VideoclubLogger.INFO: Alquiler realizado {"cliente":1,"producto":1,"titulo":"Avatar"} []
[2026-01-04T17:34:48.130451+00:00] VideoclubLogger.INFO: Socio incluido: Socio 0 {"cliente":1,"nombre":"Socio 0","username":"user0"} []
[2026-01-04T17:34:48.130646+00:00] VideoclubLogger.INFO: Socio incluido: Socio 1 {"cliente":2,"nombre":"Socio 1","username":"user1"} []
[2026-01-04T17:34:48.130733+00:00] VideoclubLogger.INFO: Socio incluido: Socio 2 {"cliente":3,"nombre":"Socio 2","username":"user2"} []
[2026-01-04T17:34:48.131470+00:00] VideoclubLogger.INFO: Socio incluido: Socio 0 {"cliente":1,"nombre":"Socio 0","username":"user0"} []
[2026-01-04T17:34:48.131684+00:00] VideoclubLogger.INFO: Socio incluido: Socio 1 {"cliente":2,"nombre":"Socio 1","username":"user1"} []
[2026-01-04T17:34:48.131773+00:00] VideoclubLogger.INFO: Socio incluido: Socio 2 {"cliente":3,"nombre":"Socio 2","username":"user2"} []
[2026-01-04T17:34:48.131850+00:00] VideoclubLogger.INFO: Socio incluido: Socio 3 {"cliente":4,"nombre":"Socio 3","username":"user3"} []
[2026-01-04T17:34:48.131919+00:00] VideoclubLogger.INFO: Socio incluido: Socio 4 {"cliente":5,"nombre":"Socio 4","username":"user4"} []
[2026-01-04T17:34:48.132224+00:00] VideoclubLogger.INFO: Socio incluido: Socio 0 {"cliente":1,"nombre":"Socio 0","username":"user0"} []
[2026-01-04T17:34:48.132405+00:00] VideoclubLogger.INFO: Socio incluido: Socio 1 {"cliente":2,"nombre":"Socio 1","username":"user1"} []
[2026-01-04T17:34:48.132484+00:00] VideoclubLogger.INFO: Socio incluido: Socio 2 {"cliente":3,"nombre":"Socio 2","username":"user2"} []
[2026-01-04T17:34:48.132554+00:00] VideoclubLogger.INFO: Socio incluido: Socio 3 {"cliente":4,"nombre":"Socio 3","username":"user3"} []
[2026-01-04T17:34:48.132628+00:00] VideoclubLogger.INFO: Socio incluido: Socio 4 {"cliente":5,"nombre":"Socio 4","username":"user4"} []
[2026-01-04T17:34:48.132695+00:00] VideoclubLogger.INFO: Socio incluido: Socio 5 {"cliente":6,"nombre":"Socio 5","username":"user5"} []
[2026-01-04T17:34:48.132760+00:00] VideoclubLogger.INFO: Socio incluido: Socio 6 {"cliente":7,"nombre":"Socio 6","username":"user6"} []
[2026-01-04T17:34:48.132825+00:00] VideoclubLogger.INFO: Socio incluido: Socio 7 {"cliente":8,"nombre":"Socio 7","username":"user7"} []
[2026-01-04T17:34:48.132928+00:00] VideoclubLogger.INFO: Socio incluido: Socio 8 {"cliente":9,"nombre":"Socio 8","username":"user8"} []
[2026-01-04T17:34:48.132999+00:00] VideoclubLogger.INFO: Socio incluido: Socio 9 {"cliente":10,"nombre":"Socio 9","username":"user9"} []
[2026-01-04T17:34:48.133334+00:00] VideoclubLogger.INFO: Producto incluido: Avatar {"producto":1,"titulo":"Avatar","precio":3.5} []
[2026-01-04T17:34:48.133492+00:00] VideoclubLogger.WARNING: Socio no encontrado {"cliente":999} []
[2026-01-04T17:34:48.133857+00:00] VideoclubLogger.INFO: Error cliente no encontrado al devolver {"cliente":999,"error":"Socio con número 999 no encontrado."} []
[2026-01-04T17:34:48.134144+00:00] VideoclubLogger.INFO: Producto incluido: Avatar {"producto":1,"titulo":"Avatar","precio":3.5} []
[2026-01-04T17:34:48.134300+00:00] VideoclubLogger.WARNING: Socio no encontrado {"cliente":999} []
[2026-01-04T17:34:48.134493+00:00] VideoclubLogger.INFO: Error cliente no encontrado al alquilar {"cliente":999,"error":"Socio con número 999 no encontrado."} []
[2026-01-04T17:34:48.134774+00:00] VideoclubLogger.INFO: Producto incluido: Avatar {"producto":1,"titulo":"Avatar","precio":3.5} []
[2026-01-04T17:34:48.134932+00:00] VideoclubLogger.INFO: Producto incluido: Titanic {"producto":2,"titulo":"Titanic","precio":2.5} []
[2026-01-04T17:34:48.134995+00:00] VideoclubLogger.INFO: Producto incluido: Jaws {"producto":3,"titulo":"Jaws","precio":2.0} []
[2026-01-04T17:34:48.135070+00:00] VideoclubLogger.INFO: Socio incluido: Juan {"cliente":1,"nombre":"Juan","username":""} []
[2026-01-04T17:34:48.135139+00:00] VideoclubLogger.INFO: Socio incluido: Maria {"cliente":2,"nombre":"Maria","username":""} []
[2026-01-04T17:34:48.135194+00:00] VideoclubLogger.INFO: Soporte no alquilado: Avatar {"soporte":1} []
[2026-01-04T17:34:48.135335+00:00] VideoclubLogger.INFO: Alquiler realizado {"cliente":2,"producto":1,"titulo":"Avatar"} []
[2026-01-04T17:34:48.135397+00:00] VideoclubLogger.WARNING: Intento de alquiler de soporte ya alquilado {"soporte":1,"titulo":"Avatar","cliente":1} []
[2026-01-04T17:34:48.135743+00:00] VideoclubLogger.WARNING: Soporte ya alquilado al intentar alquilar varios {"soportes":[1,2,3],"cliente":1,"error":"El soporte Avatar ya está alquilado."} []
[2026-01-04T17:34:48.136194+00:00] VideoclubLogger.INFO: Producto incluido: Avatar {"producto":1,"titulo":"Avatar","precio":3.5} []
[2026-01-04T17:34:48.136372+00:00] VideoclubLogger.INFO: Socio incluido: Juan {"cliente":1,"nombre":"Juan","username":""} []
[2026-01-04T17:34:48.136435+00:00] VideoclubLogger.INFO: Soporte no alquilado: Avatar {"soporte":1} []
[2026-01-04T17:34:48.136579+00:00] VideoclubLogger.INFO: Alquiler realizado {"cliente":1,"producto":1,"titulo":"Avatar"} []
[2026-01-04T17:34:48.136643+00:00] VideoclubLogger.INFO: Devolución realizada {"cliente":1,"producto":1,"titulo":"Avatar"} []
[2026-01-04T17:34:48.137110+00:00] VideoclubLogger.INFO: Socio incluido: Juan {"cliente":1,"nombre":"Juan","username":""} []
[2026-01-04T17:34:48.137284+00:00] VideoclubLogger.INFO: Socio incluido: Maria {"cliente":2,"nombre":"Maria","username":""} []
[2026-01-04T17:34:48.137571+00:00] VideoclubLogger.INFO: Producto incluido: Inception {"producto":1,"titulo":"Inception","precio":4.5} []
[2026-01-04T17:34:48.137724+00:00] VideoclubLogger.INFO: Producto incluido: The Matrix {"producto":2,"titulo":"The Matrix","precio":3.0} []
[2026-01-04T17:34:48.138039+00:00] VideoclubLogger.INFO: Producto incluido: Película 0 {"producto":1,"titulo":"Película 0","precio":2.5} []
[2026-01-04T17:34:48.138192+00:00] VideoclubLogger.INFO: Producto incluido: Película 1 {"producto":2,"titulo":"Película 1","precio":3.0} []
[2026-01-04T17:34:48.138255+00:00] VideoclubLogger.INFO: Producto incluido: Película 2 {"producto":3,"titulo":"Película 2","precio":3.5} []
[2026-01-04T17:34:48.138311+00:00] VideoclubLogger.INFO: Producto incluido: Película 3 {"producto":4,"titulo":"Película 3","precio":4.0} []
[2026-01-04T17:34:48.138365+00:00] VideoclubLogger.INFO: Producto incluido: Película 4 {"producto":5,"titulo":"Película 4","precio":4.5} []
[2026-01-04T17:34:48.138717+00:00] VideoclubLogger.INFO: Producto incluido: Película 0 {"producto":1,"titulo":"Película 0","precio":2.5} []
[2026-01-04T17:34:48.138894+00:00] VideoclubLogger.INFO: Producto incluido: Película 1 {"producto":2,"titulo":"Película 1","precio":3.0} []
[2026-01-04T17:34:48.138957+00:00] VideoclubLogger.INFO: Producto incluido: Película 2 {"producto":3,"titulo":"Película 2","precio":3.5} []
[2026-01-04T17:34:48.139014+00:00] VideoclubLogger.INFO: Producto incluido: Película 3 {"producto":4,"titulo":"Película 3","precio":4.0} []
[2026-01-04T17:34:48.139068+00:00] VideoclubLogger.INFO: Producto incluido: Película 4 {"producto":5,"titulo":"Película 4","precio":4.5} []
[2026-01-04T17:34:48.139122+00:00] VideoclubLogger.INFO: Producto incluido: Película 5 {"producto":6,"titulo":"Película 5","precio":5.0} []
[2026-01-04T17:34:48.139174+00:00] VideoclubLogger.INFO: Producto incluido: Película 6 {"producto":7,"titulo":"Película 6","precio":5.5} []
[2026-01-04T17:34:48.139227+00:00] VideoclubLogger.INFO: Producto incluido: Película 7 {"producto":8,"titulo":"Película 7","precio":6.0} []
[2026-01-04T17:34:48.139279+00:00] VideoclubLogger.INFO: Producto incluido: Película 8 {"producto":9,"titulo":"Película 8","precio":6.5} []
[2026-01-04T17:34:48.139331+00:00] VideoclubLogger.INFO: Producto incluido: Película 9 {"producto":10,"titulo":"Película 9","precio":7.0} []
[2026-01-04T17:34:48.139615+00:00] VideoclubLogger.INFO: Producto incluido: Película 0 {"producto":1,"titulo":"Película 0","precio":2.5} []
[2026-01-04T17:34:48.139772+00:00] VideoclubLogger.INFO: Producto incluido: Película 1 {"producto":2,"titulo":"Película 1","precio":3.0} []
[2026-01-04T17:34:48.139835+00:00] VideoclubLogger.INFO: Producto incluido: Película 2 {"producto":3,"titulo":"Película 2","precio":3.5} []
[2026-01-04T17:34:48.139891+00:00] VideoclubLogger.INFO: Producto incluido: Película 3 {"producto":4,"titulo":"Película 3","precio":4.0} []
[2026-01-04T17:34:48.139945+00:00] VideoclubLogger.INFO: Producto incluido: Película 4 {"producto":5,"titulo":"Película 4","precio":4.5} []
[2026-01-04T17:34:48.139998+00:00] VideoclubLogger.INFO: Producto incluido: Película 5 {"producto":6,"titulo":"Película 5","precio":5.0} []
[2026-01-04T17:34:48.140050+00:00] VideoclubLogger.INFO: Producto incluido: Película 6 {"producto":7,"titulo":"Película 6","precio":5.5} []
[2026-01-04T17:34:48.140103+00:00] VideoclubLogger.INFO: Producto incluido: Película 7 {"producto":8,"titulo":"Película 7","precio":6.0} []
[2026-01-04T17:34:48.140156+00:00] VideoclubLogger.INFO: Producto incluido: Película 8 {"producto":9,"titulo":"Película 8","precio":6.5} []
[2026-01-04T17:34:48.140208+00:00] VideoclubLogger.INFO: Producto incluido: Película 9 {"producto":10,"titulo":"Película 9","precio":7.0} []
[2026-01-04T17:34:48.140261+00:00] VideoclubLogger.INFO: Producto incluido: Película 10 {"producto":11,"titulo":"Película 10","precio":7.5} []
[2026-01-04T17:34:48.140313+00:00] VideoclubLogger.INFO: Producto incluido: Película 11 {"producto":12,"titulo":"Película 11","precio":8.0} []
[2026-01-04T17:34:48.140365+00:00] VideoclubLogger.INFO: Producto incluido: Película 12 {"producto":13,"titulo":"Película 12","precio":8.5} []
[2026-01-04T17:34:48.140418+00:00] VideoclubLogger.INFO: Producto incluido: Película 13 {"producto":14,"titulo":"Película 13","precio":9.0} []
[2026-01-04T17:34:48.140470+00:00] VideoclubLogger.INFO: Producto incluido: Película 14 {"producto":15,"titulo":"Película 14","precio":9.5} []
[2026-01-04T17:34:48.140757+00:00] VideoclubLogger.INFO: Producto incluido: Película 0 {"producto":1,"titulo":"Película 0","precio":2.5} []
[2026-01-04T17:34:48.140913+00:00] VideoclubLogger.INFO: Producto incluido: Película 1 {"producto":2,"titulo":"Película 1","precio":3.0} []
[2026-01-04T17:34:48.140975+00:00] VideoclubLogger.INFO: Producto incluido: Película 2 {"producto":3,"titulo":"Película 2","precio":3.5} []
[2026-01-04T17:34:48.141031+00:00] VideoclubLogger.INFO: Producto incluido: Película 3 {"producto":4,"titulo":"Película 3","precio":4.0} []
[2026-01-04T17:34:48.141113+00:00] VideoclubLogger.INFO: Producto incluido: Película 4 {"producto":5,"titulo":"Película 4","precio":4.5} []
[2026-01-04T17:34:48.141171+00:00] VideoclubLogger.INFO: Producto incluido: Película 5 {"producto":6,"titulo":"Película 5","precio":5.0} []
[2026-01-04T17:34:48.141224+00:00] VideoclubLogger.INFO: Producto incluido: Película 6 {"producto":7,"titulo":"Película 6","precio":5.5} []
[2026-01-04T17:34:48.141278+00:00] VideoclubLogger.INFO: Producto incluido: Película 7 {"producto":8,"titulo":"Película 7","precio":6.0} []
[2026-01-04T17:34:48.141330+00:00] VideoclubLogger.INFO: Producto incluido: Película 8 {"producto":9,"titulo":"Película 8","precio":6.5} []
[2026-01-04T17:34:48.141382+00:00] VideoclubLogger.INFO: Producto incluido: Película 9 {"producto":10,"titulo":"Película 9","precio":7.0} []
[2026-01-04T17:34:48.141435+00:00] VideoclubLogger.INFO: Producto incluido: Película 10 {"producto":11,"titulo":"Película 10","precio":7.5} []
[2026-01-04T17:34:48.141488+00:00] VideoclubLogger.INFO: Producto incluido: Película 11 {"producto":12,"titulo":"Película 11","precio":8.0} []
[2026-01-04T17:34:48.141540+00:00] VideoclubLogger.INFO: Producto incluido: Película 12 {"producto":13,"titulo":"Película 12","precio":8.5} []
[2026-01-04T17:34:48.141597+00:00] VideoclubLogger.INFO: Producto incluido: Película 13 {"producto":14,"titulo":"Película 13","precio":9.0} []
[2026-01-04T17:34:48.141650+00:00] VideoclubLogger.INFO: Producto incluido: Película 14 {"producto":15,"titulo":"Película 14","precio":9.5} []
[2026-01-04T17:34:48.141702+00:00] VideoclubLogger.INFO: Producto incluido: Película 15 {"producto":16,"titulo":"Película 15","precio":10.0} []
[2026-01-04T17:34:48.141754+00:00] VideoclubLogger.INFO: Producto incluido: Película 16 {"producto":17,"titulo":"Película 16","precio":10.5} []
[2026-01-04T17:34:48.141806+00:00] VideoclubLogger.INFO: Producto incluido: Película 17 {"producto":18,"titulo":"Película 17","precio":11.0} []
[2026-01-04T17:34:48.141858+00:00] VideoclubLogger.INFO: Producto incluido: Película 18 {"producto":19,"titulo":"Película 18","precio":11.5} []
[2026-01-04T17:34:48.141910+00:00] VideoclubLogger.INFO: Producto incluido: Película 19 {"producto":20,"titulo":"Película 19","precio":12.0} []
[2026-01-04T17:34:48.142226+00:00] VideoclubLogger.INFO: Producto incluido: Avatar {"producto":1,"titulo":"Avatar","precio":3.5} []
[2026-01-04T17:34:48.142378+00:00] VideoclubLogger.WARNING: Socio no encontrado {"cliente":999} []
[2026-01-04T17:34:48.142585+00:00] VideoclubLogger.INFO: Error cliente no encontrado al alquilar {"cliente":999,"error":"Socio con número 999 no encontrado."} []
[2026-01-04T17:34:48.142864+00:00] VideoclubLogger.INFO: Producto incluido: Elden Ring {"producto":1,"titulo":"Elden Ring","precio":59.99} []
[2026-01-04T17:34:48.143023+00:00] VideoclubLogger.INFO: Producto incluido: God of War {"producto":2,"titulo":"God of War","precio":49.99} []
[2026-01-04T17:34:48.143320+00:00] VideoclubLogger.INFO: Socio incluido: Juan {"cliente":1,"nombre":"Juan","username":"juan"} []
[2026-01-04T17:34:48.143490+00:00] VideoclubLogger.INFO: Socio incluido: Maria {"cliente":2,"nombre":"Maria","username":"maria"} []
[2026-01-04T17:34:48.143772+00:00] VideoclubLogger.INFO: Producto incluido: Avatar {"producto":1,"titulo":"Avatar","precio":3.5} []
[2026-01-04T17:34:48.143926+00:00] VideoclubLogger.INFO: Producto incluido: Titanic {"producto":2,"titulo":"Titanic","precio":2.5} []
[2026-01-04T17:34:48.144199+00:00] VideoclubLogger.INFO: Producto incluido: Avatar {"producto":1,"titulo":"Avatar","precio":3.5} []
[2026-01-04T17:34:48.144351+00:00] VideoclubLogger.INFO: Producto incluido: Titanic {"producto":2,"titulo":"Titanic","precio":2.5} []
[2026-01-04T17:34:48.144415+00:00] VideoclubLogger.INFO: Producto incluido: Jaws {"producto":3,"titulo":"Jaws","precio":2.0} []
[2026-01-04T17:34:48.144489+00:00] VideoclubLogger.INFO: Socio incluido: Juan {"cliente":1,"nombre":"Juan","username":""} []
[2026-01-04T17:34:48.144595+00:00] VideoclubLogger.INFO: Socio incluido: Maria {"cliente":2,"nombre":"Maria","username":""} []
[2026-01-04T17:34:48.144657+00:00] VideoclubLogger.INFO: Soporte no alquilado: Avatar {"soporte":1} []
[2026-01-04T17:34:48.144803+00:00] VideoclubLogger.INFO: Alquiler realizado {"cliente":2,"producto":1,"titulo":"Avatar"} []
[2026-01-04T17:34:48.144864+00:00] VideoclubLogger.WARNING: Intento de alquiler de soporte ya alquilado {"soporte":1,"titulo":"Avatar","cliente":1} []
[2026-01-04T17:34:48.145075+00:00] VideoclubLogger.WARNING: Soporte ya alquilado al intentar alquilar varios {"soportes":[1,2,3],"cliente":1,"error":"El soporte Avatar ya está alquilado."} []
[2026-01-04T17:34:48.145368+00:00] VideoclubLogger.INFO: Socio incluido: Test {"cliente":1,"nombre":"Test","username":""} []
[2026-01-04T17:34:48.145736+00:00] VideoclubLogger.INFO: Producto incluido: Avatar {"producto":1,"titulo":"Avatar","precio":3.5} []
[2026-01-04T17:34:48.145910+00:00] VideoclubLogger.INFO: Socio incluido: Juan {"cliente":1,"nombre":"Juan","username":""} []
[2026-01-04T17:34:48.145973+00:00] VideoclubLogger.INFO: Soporte no alquilado: Avatar {"soporte":1} []
[2026-01-04T17:34:48.146115+00:00] VideoclubLogger.INFO: Alquiler realizado {"cliente":1,"producto":1,"titulo":"Avatar"} []
[2026-01-04T17:34:48.146183+00:00] VideoclubLogger.INFO: Devolución realizada {"cliente":1,"producto":1,"titulo":"Avatar"} []
[2026-01-04T17:34:48.146458+00:00] VideoclubLogger.INFO: Socio incluido: Juan {"cliente":1,"nombre":"Juan","username":""} []
[2026-01-04T17:34:48.146614+00:00] VideoclubLogger.WARNING: Producto no encontrado {"producto":999} []
[2026-01-04T17:34:48.146821+00:00] VideoclubLogger.INFO: Error soporte no encontrado al alquilar {"soporte":999,"error":"Producto con número 999 no encontrado."} []
[2026-01-04T17:34:48.148217+00:00] VideoclubLogger.INFO: Soporte no alquilado: Avatar {"soporte":1} []
[2026-01-04T17:34:48.148376+00:00] VideoclubLogger.INFO: Soporte ya alquilado: Avatar {"soporte":1} []
[2026-01-04T17:34:48.148699+00:00] VideoclubLogger.INFO: Soporte no alquilado: Película 0 {"soporte":100} []
[2026-01-04T17:34:48.149092+00:00] VideoclubLogger.INFO: Soporte no alquilado: Película 0 {"soporte":100} []
[2026-01-04T17:34:48.149243+00:00] VideoclubLogger.INFO: Soporte no alquilado: Película 1 {"soporte":101} []
[2026-01-04T17:34:48.149539+00:00] VideoclubLogger.INFO: Soporte no alquilado: Película 0 {"soporte":100} []
[2026-01-04T17:34:48.149691+00:00] VideoclubLogger.INFO: Soporte no alquilado: Película 1 {"soporte":101} []
[2026-01-04T17:34:48.149750+00:00] VideoclubLogger.INFO: Soporte no alquilado: Película 2 {"soporte":102} []
[2026-01-04T17:34:48.150087+00:00] VideoclubLogger.INFO: Soporte no alquilado: Película 0 {"soporte":100} []
[2026-01-04T17:34:48.150257+00:00] VideoclubLogger.INFO: Soporte no alquilado: Película 1 {"soporte":101} []
[2026-01-04T17:34:48.150319+00:00] VideoclubLogger.INFO: Soporte no alquilado: Película 2 {"soporte":102} []
[2026-01-04T17:34:48.150374+00:00] VideoclubLogger.INFO: Soporte no alquilado: Película 3 {"soporte":103} []
[2026-01-04T17:34:48.150424+00:00] VideoclubLogger.INFO: Soporte no alquilado: Película 4 {"soporte":104} []
[2026-01-04T17:34:48.150832+00:00] VideoclubLogger.INFO: Soporte no alquilado: Película 0 {"soporte":100} []
[2026-01-04T17:34:48.151057+00:00] VideoclubLogger.INFO: Soporte no alquilado: Película 1 {"soporte":101} []
[2026-01-04T17:34:48.151137+00:00] VideoclubLogger.INFO: Soporte no alquilado: Película 2 {"soporte":102} []
[2026-01-04T17:34:48.151192+00:00] VideoclubLogger.INFO: Soporte no alquilado: Película 3 {"soporte":103} []
[2026-01-04T17:34:48.151242+00:00] VideoclubLogger.INFO: Soporte no alquilado: Película 4 {"soporte":104} []
[2026-01-04T17:34:48.151292+00:00] VideoclubLogger.INFO: Soporte no alquilado: Película 5 {"soporte":105} []
[2026-01-04T17:34:48.151341+00:00] VideoclubLogger.INFO: Soporte no alquilado: Película 6 {"soporte":106} []
[2026-01-04T17:34:48.151389+00:00] VideoclubLogger.INFO: Soporte no alquilado: Película 7 {"soporte":107} []
[2026-01-04T17:34:48.151472+00:00] VideoclubLogger.INFO: Soporte no alquilado: Película 8 {"soporte":108} []
[2026-01-04T17:34:48.151526+00:00] VideoclubLogger.INFO: Soporte no alquilado: Película 9 {"soporte":109} []
[2026-01-04T17:34:48.151915+00:00] VideoclubLogger.INFO: Soporte no alquilado: Película 0 {"soporte":200} []
[2026-01-04T17:34:48.152073+00:00] VideoclubLogger.INFO: Soporte no alquilado: Película 1 {"soporte":201} []
[2026-01-04T17:34:48.152133+00:00] VideoclubLogger.INFO: Soporte no alquilado: Película 2 {"soporte":202} []
[2026-01-04T17:34:48.152192+00:00] VideoclubLogger.INFO: Soporte no alquilado: Película Extra 3 {"soporte":303} []
[2026-01-04T17:34:48.152241+00:00] VideoclubLogger.WARNING: Cupo superado al intentar alquilar: max 3 {"cliente":98} []
[2026-01-04T17:34:48.153283+00:00] VideoclubLogger.INFO: Soporte no alquilado: Película 0 {"soporte":200} []
[2026-01-04T17:34:48.153442+00:00] VideoclubLogger.INFO: Soporte no alquilado: Película 1 {"soporte":201} []
[2026-01-04T17:34:48.153509+00:00] VideoclubLogger.INFO: Soporte no alquilado: Película Extra 2 {"soporte":302} []
[2026-01-04T17:34:48.153569+00:00] VideoclubLogger.WARNING: Cupo superado al intentar alquilar: max 2 {"cliente":98} []
[2026-01-04T17:34:48.154039+00:00] VideoclubLogger.INFO: Soporte no alquilado: Película 0 {"soporte":200} []
[2026-01-04T17:34:48.154201+00:00] VideoclubLogger.INFO: Soporte no alquilado: Película Extra 1 {"soporte":301} []
[2026-01-04T17:34:48.154258+00:00] VideoclubLogger.WARNING: Cupo superado al intentar alquilar: max 1 {"cliente":98} []
[2026-01-04T17:34:48.154802+00:00] VideoclubLogger.INFO: Soporte no alquilado: Elden Ring {"soporte":52} []
[2026-01-04T17:34:48.154960+00:00] VideoclubLogger.INFO: Soporte ya alquilado: Elden Ring {"soporte":52} []
[2026-01-04T17:34:48.155313+00:00] VideoclubLogger.INFO: Soporte no alquilado: Inception {"soporte":51} []
[2026-01-04T17:34:48.155476+00:00] VideoclubLogger.INFO: Soporte ya alquilado: Inception {"soporte":51} []
[2026-01-04T17:34:48.155788+00:00] VideoclubLogger.INFO: Soporte no alquilado: Avatar {"soporte":50} []
[2026-01-04T17:34:48.155942+00:00] VideoclubLogger.INFO: Soporte ya alquilado: Avatar {"soporte":50} []
[2026-01-04T17:34:48.156513+00:00] VideoclubLogger.INFO: Soporte no alquilado: Avatar {"soporte":1} []
[2026-01-04T17:34:48.156909+00:00] VideoclubLogger.INFO: Soporte no alquilado: Avatar {"soporte":1} []
[2026-01-04T17:34:48.157062+00:00] VideoclubLogger.INFO: Soporte ya alquilado: Avatar {"soporte":1} []
[2026-01-04T17:34:48.157120+00:00] VideoclubLogger.WARNING: Intento de alquiler de soporte ya alquilado: Avatar {"soporte":1,"cliente":1} []
[2026-01-04T17:34:48.157768+00:00] VideoclubLogger.INFO: Soporte no alquilado: Avatar {"soporte":1} []
[2026-01-04T17:34:48.157926+00:00] VideoclubLogger.INFO: Soporte no alquilado: Inception {"soporte":4} []
[2026-01-04T17:34:48.157989+00:00] VideoclubLogger.INFO: Soporte no alquilado: Elden Ring {"soporte":7} []
[2026-01-04T17:34:48.158040+00:00] VideoclubLogger.WARNING: Cupo superado al intentar alquilar: max 2 {"cliente":1} []
[2026-01-04T17:34:48.158470+00:00] VideoclubLogger.INFO: Soporte no alquilado: Avatar {"soporte":1} []
[2026-01-04T17:34:48.158650+00:00] VideoclubLogger.INFO: Soporte no alquilado: Avatar {"soporte":1} []
[2026-01-04T17:34:48.159067+00:00] VideoclubLogger.WARNING: Intento de devolver soporte no alquilado: 1 {"cliente":1} []
[2026-01-04T17:34:48.159614+00:00] VideoclubLogger.INFO: Soporte no alquilado: Avatar {"soporte":1} []
[2026-01-04T17:34:48.159772+00:00] VideoclubLogger.WARNING: Intento de devolver soporte no alquilado: 999 {"cliente":1} []
[2026-01-04T17:34:48.160218+00:00] VideoclubLogger.INFO: Soporte no alquilado: Avatar {"soporte":1} []
[2026-01-04T17:34:48.160371+00:00] VideoclubLogger.INFO: Soporte no alquilado: Inception {"soporte":4} []
[2026-01-04T17:34:48.160431+00:00] VideoclubLogger.INFO: Soporte no alquilado: Elden Ring {"soporte":7} []
[2026-01-04T17:34:48.160495+00:00] VideoclubLogger.INFO: Soporte no alquilado: Avatar {"soporte":1} []
[2026-01-04T17:34:48.160598+00:00] VideoclubLogger.INFO: Soporte no alquilado: Inception {"soporte":4} []
[2026-01-04T17:34:48.160658+00:00] VideoclubLogger.INFO: Soporte no alquilado: Titanic {"soporte":2} []
[2026-01-04T17:34:48.160709+00:00] VideoclubLogger.INFO: Soporte no alquilado: Interstellar {"soporte":5} []
[2026-01-04T17:34:48.161210+00:00] VideoclubLogger.INFO: Soporte no alquilado: Avatar {"soporte":1} []
[2026-01-04T17:34:48.161644+00:00] VideoclubLogger.INFO: Soporte no alquilado: Avatar {"soporte":1} []
[2026-01-04T17:34:48.162049+00:00] VideoclubLogger.INFO: Soporte no alquilado: Avatar {"soporte":1} []
[2026-01-04T17:34:48.162200+00:00] VideoclubLogger.INFO: Soporte ya alquilado: Avatar {"soporte":1} []
[2026-01-04T17:34:48.162261+00:00] VideoclubLogger.INFO: Soporte no alquilado: Avatar {"soporte":1} []
[2026-01-04T18:48:06.164605+00:00] VideoclubLogger.INFO: Socio incluido: Cliente {"cliente":1,"nombre":"Cliente","username":""} []
[2026-01-04T18:48:06.165743+00:00] VideoclubLogger.INFO: Producto incluido: Elden Ring {"producto":1,"titulo":"Elden Ring","precio":59.99} []
[2026-01-04T18:48:06.165823+00:00] VideoclubLogger.INFO: Soporte no alquilado: Elden Ring {"soporte":1} []
[2026-01-04T18:48:06.165979+00:00] VideoclubLogger.INFO: Alquiler realizado {"cliente":1,"producto":1,"titulo":"Elden Ring"} []
[2026-01-04T18:48:06.169947+00:00] VideoclubLogger.INFO: Socio incluido: Cliente {"cliente":1,"nombre":"Cliente","username":""} []
[2026-01-04T18:48:06.170131+00:00] VideoclubLogger.INFO: Producto incluido: Inception {"producto":1,"titulo":"Inception","precio":4.5} []
[2026-01-04T18:48:06.170204+00:00] VideoclubLogger.INFO: Soporte no alquilado: Inception {"soporte":1} []
[2026-01-04T18:48:06.170358+00:00] VideoclubLogger.INFO: Alquiler realizado {"cliente":1,"producto":1,"titulo":"Inception"} []
[2026-01-04T18:48:06.170724+00:00] VideoclubLogger.INFO: Socio incluido: Cliente {"cliente":1,"nombre":"Cliente","username":""} []
[2026-01-04T18:48:06.170896+00:00] VideoclubLogger.INFO: Producto incluido: Avatar {"producto":1,"titulo":"Avatar","precio":3.5} []
[2026-01-04T18:48:06.170964+00:00] VideoclubLogger.INFO: Soporte no alquilado: Avatar {"soporte":1} []
[2026-01-04T18:48:06.171110+00:00] VideoclubLogger.INFO: Alquiler realizado {"cliente":1,"producto":1,"titulo":"Avatar"} []
[2026-01-04T18:48:06.171175+00:00] VideoclubLogger.INFO: Producto incluido: Inception {"producto":2,"titulo":"Inception","precio":4.5} []
[2026-01-04T18:48:06.171234+00:00] VideoclubLogger.INFO: Soporte no alquilado: Inception {"soporte":2} []
[2026-01-04T18:48:06.171285+00:00] VideoclubLogger.INFO: Alquiler realizado {"cliente":1,"producto":2,"titulo":"Inception"} []
[2026-01-04T18:48:06.171631+00:00] VideoclubLogger.INFO: Socio incluido: Cliente {"cliente":1,"nombre":"Cliente","username":""} []
[2026-01-04T18:48:06.171798+00:00] VideoclubLogger.INFO: Producto incluido: Avatar {"producto":1,"titulo":"Avatar","precio":3.5} []
[2026-01-04T18:48:06.171863+00:00] VideoclubLogger.INFO: Soporte no alquilado: Avatar {"soporte":1} []
[2026-01-04T18:48:06.172006+00:00] VideoclubLogger.INFO: Alquiler realizado {"cliente":1,"producto":1,"titulo":"Avatar"} []
[2026-01-04T18:48:06.172391+00:00] VideoclubLogger.INFO: Producto incluido: Avatar {"producto":1,"titulo":"Avatar","precio":3.5} []
[2026-01-04T18:48:06.172563+00:00] VideoclubLogger.INFO: Producto incluido: Inception {"producto":2,"titulo":"Inception","precio":4.5} []
[2026-01-04T18:48:06.172630+00:00] VideoclubLogger.INFO: Producto incluido: Elden Ring {"producto":3,"titulo":"Elden Ring","precio":59.99} []
[2026-01-04T18:48:06.172708+00:00] VideoclubLogger.INFO: Socio incluido: Juan {"cliente":1,"nombre":"Juan","username":""} []
[2026-01-04T18:48:06.172774+00:00] VideoclubLogger.INFO: Soporte no alquilado: Avatar {"soporte":1} []
[2026-01-04T18:48:06.172919+00:00] VideoclubLogger.INFO: Soporte no alquilado: Inception {"soporte":2} []
[2026-01-04T18:48:06.172978+00:00] VideoclubLogger.INFO: Soporte no alquilado: Elden Ring {"soporte":3} []
[2026-01-04T18:48:06.173068+00:00] VideoclubLogger.INFO: Alquileres realizados {"cliente":1,"cantidad":3,"productos":[1,2,3]} []
[2026-01-04T18:48:06.173437+00:00] VideoclubLogger.INFO: Soporte ya alquilado: Avatar {"soporte":1} []
[2026-01-04T18:48:06.173542+00:00] VideoclubLogger.INFO: Soporte ya alquilado: Inception {"soporte":2} []
[2026-01-04T18:48:06.173627+00:00] VideoclubLogger.INFO: Devoluciones realizadas {"cliente":1,"cantidad":2,"productos":[1,2]} []
[2026-01-04T18:48:06.173693+00:00] VideoclubLogger.INFO: Soporte no alquilado: Avatar {"soporte":1} []
[2026-01-04T18:48:06.173744+00:00] VideoclubLogger.INFO: Alquiler realizado {"cliente":1,"producto":1,"titulo":"Avatar"} []
[2026-01-04T18:48:06.173802+00:00] VideoclubLogger.INFO: Soporte ya alquilado: Avatar {"soporte":1} []
[2026-01-04T18:48:06.173853+00:00] VideoclubLogger.INFO: Soporte ya alquilado: Elden Ring {"soporte":3} []
[2026-01-04T18:48:06.173905+00:00] VideoclubLogger.INFO: Devoluciones realizadas {"cliente":1,"cantidad":2,"productos":[1,3]} []
[2026-01-04T18:48:06.174186+00:00] VideoclubLogger.INFO: Producto incluido: Avatar {"producto":1,"titulo":"Avatar","precio":3.5} []
[2026-01-04T18:48:06.174353+00:00] VideoclubLogger.INFO: Producto incluido: Titanic {"producto":2,"titulo":"Titanic","precio":2.5} []
[2026-01-04T18:48:06.174420+00:00] VideoclubLogger.INFO: Producto incluido: Jaws {"producto":3,"titulo":"Jaws","precio":2.0} []
[2026-01-04T18:48:06.174497+00:00] VideoclubLogger.INFO: Socio incluido: Juan {"cliente":1,"nombre":"Juan","username":""} []
[2026-01-04T18:48:06.174560+00:00] VideoclubLogger.INFO: Soporte no alquilado: Avatar {"soporte":1} []
[2026-01-04T18:48:06.174707+00:00] VideoclubLogger.INFO: Soporte no alquilado: Titanic {"soporte":2} []
[2026-01-04T18:48:06.174765+00:00] VideoclubLogger.INFO: Soporte no alquilado: Jaws {"soporte":3} []
[2026-01-04T18:48:06.174815+00:00] VideoclubLogger.INFO: Alquileres realizados {"cliente":1,"cantidad":3,"productos":[1,2,3]} []
[2026-01-04T18:48:06.175087+00:00] VideoclubLogger.INFO: Producto incluido: Avatar {"producto":1,"titulo":"Avatar","precio":3.5} []
[2026-01-04T18:48:06.175245+00:00] VideoclubLogger.INFO: Producto incluido: Titanic {"producto":2,"titulo":"Titanic","precio":2.5} []
[2026-01-04T18:48:06.175308+00:00] VideoclubLogger.INFO: Producto incluido: Jaws {"producto":3,"titulo":"Jaws","precio":2.0} []
[2026-01-04T18:48:06.175387+00:00] VideoclubLogger.INFO: Socio incluido: Juan {"cliente":1,"nombre":"Juan","username":""} []
[2026-01-04T18:48:06.175447+00:00] VideoclubLogger.INFO: Soporte no alquilado: Avatar {"soporte":1} []
[2026-01-04T18:48:06.175591+00:00] VideoclubLogger.INFO: Soporte no alquilado: Titanic {"soporte":2} []
[2026-01-04T18:48:06.175646+00:00] VideoclubLogger.INFO: Alquileres realizados {"cliente":1,"cantidad":2,"productos":[1,2]} []
[2026-01-04T18:48:06.175709+00:00] VideoclubLogger.INFO: Soporte ya alquilado: Avatar {"soporte":1} []
[2026-01-04T18:48:06.175758+00:00] VideoclubLogger.INFO: Soporte ya alquilado: Titanic {"soporte":2} []
[2026-01-04T18:48:06.175807+00:00] VideoclubLogger.INFO: Soporte no alquilado: Jaws {"soporte":3} []
[2026-01-04T18:48:06.175854+00:00] VideoclubLogger.WARNING: Intento de devolver soporte no alquilado por socio {"producto":3,"titulo":"Jaws","cliente":1} []
[2026-01-04T18:48:06.176334+00:00] VideoclubLogger.WARNING: Error soporte no encontrado al devolver varios {"soportes":[1,2,3],"cliente":1,"error":"El soporte Jaws no está alquilado por este socio."} []
[2026-01-04T18:48:06.176631+00:00] VideoclubLogger.INFO: Producto incluido: Avatar {"producto":1,"titulo":"Avatar","precio":3.5} []
[2026-01-04T18:48:06.176790+00:00] VideoclubLogger.INFO: Producto incluido: Titanic {"producto":2,"titulo":"Titanic","precio":2.5} []
[2026-01-04T18:48:06.176855+00:00] VideoclubLogger.INFO: Producto incluido: Jaws {"producto":3,"titulo":"Jaws","precio":2.0} []
[2026-01-04T18:48:06.176931+00:00] VideoclubLogger.INFO: Socio incluido: Juan {"cliente":1,"nombre":"Juan","username":""} []
[2026-01-04T18:48:06.176993+00:00] VideoclubLogger.INFO: Soporte no alquilado: Avatar {"soporte":1} []
[2026-01-04T18:48:06.177163+00:00] VideoclubLogger.INFO: Soporte no alquilado: Titanic {"soporte":2} []
[2026-01-04T18:48:06.177223+00:00] VideoclubLogger.INFO: Soporte no alquilado: Jaws {"soporte":3} []
[2026-01-04T18:48:06.177274+00:00] VideoclubLogger.INFO: Alquileres realizados {"cliente":1,"cantidad":3,"productos":[1,2,3]} []
[2026-01-04T18:48:06.177344+00:00] VideoclubLogger.INFO: Soporte ya alquilado: Avatar {"soporte":1} []
[2026-01-04T18:48:06.177396+00:00] VideoclubLogger.INFO: Soporte ya alquilado: Titanic {"soporte":2} []
[2026-01-04T18:48:06.177448+00:00] VideoclubLogger.INFO: Devoluciones realizadas {"cliente":1,"cantidad":2,"productos":[1,2]} []
[2026-01-04T18:48:06.177713+00:00] VideoclubLogger.INFO: Producto incluido: Avatar {"producto":1,"titulo":"Avatar","precio":3.5} []
[2026-01-04T18:48:06.177871+00:00] VideoclubLogger.INFO: Producto incluido: Titanic {"producto":2,"titulo":"Titanic","precio":2.5} []
[2026-01-04T18:48:06.177935+00:00] VideoclubLogger.INFO: Producto incluido: Jaws {"producto":3,"titulo":"Jaws","precio":2.0} []
[2026-01-04T18:48:06.177991+00:00] VideoclubLogger.INFO: Producto incluido: The Ring {"producto":4,"titulo":"The Ring","precio":1.5} []
[2026-01-04T18:48:06.178063+00:00] VideoclubLogger.INFO: Socio incluido: Juan {"cliente":1,"nombre":"Juan","username":""} []
[2026-01-04T18:48:06.178125+00:00] VideoclubLogger.WARNING: Cupo superado al intentar alquilar varios productos {"cliente":1,"intentados":3,"maximo":2} []
[2026-01-04T18:48:06.178446+00:00] VideoclubLogger.WARNING: Cupo superado al alquilar varios productos {"cliente":1,"cantidad_solicitada":3,"error":"No se pueden alquilar todos los productos: se superaría el máximo de alquileres."} []
[2026-01-04T18:48:06.178736+00:00] VideoclubLogger.INFO: Producto incluido: Avatar {"producto":1,"titulo":"Avatar","precio":3.5} []
[2026-01-04T18:48:06.178913+00:00] VideoclubLogger.INFO: Socio incluido: Juan {"cliente":1,"nombre":"Juan","username":""} []
[2026-01-04T18:48:06.178975+00:00] VideoclubLogger.INFO: Soporte no alquilado: Avatar {"soporte":1} []
[2026-01-04T18:48:06.179145+00:00] VideoclubLogger.INFO: Alquiler realizado {"cliente":1,"producto":1,"titulo":"Avatar"} []
[2026-01-04T18:48:06.179632+00:00] VideoclubLogger.INFO: Socio incluido: Socio 0 {"cliente":1,"nombre":"Socio 0","username":"user0"} []
[2026-01-04T18:48:06.179822+00:00] VideoclubLogger.INFO: Socio incluido: Socio 1 {"cliente":2,"nombre":"Socio 1","username":"user1"} []
[2026-01-04T18:48:06.179903+00:00] VideoclubLogger.INFO: Socio incluido: Socio 2 {"cliente":3,"nombre":"Socio 2","username":"user2"} []
[2026-01-04T18:48:06.180439+00:00] VideoclubLogger.INFO: Socio incluido: Socio 0 {"cliente":1,"nombre":"Socio 0","username":"user0"} []
[2026-01-04T18:48:06.180616+00:00] VideoclubLogger.INFO: Socio incluido: Socio 1 {"cliente":2,"nombre":"Socio 1","username":"user1"} []
[2026-01-04T18:48:06.180692+00:00] VideoclubLogger.INFO: Socio incluido: Socio 2 {"cliente":3,"nombre":"Socio 2","username":"user2"} []
[2026-01-04T18:48:06.180761+00:00] VideoclubLogger.INFO: Socio incluido: Socio 3 {"cliente":4,"nombre":"Socio 3","username":"user3"} []
[2026-01-04T18:48:06.180828+00:00] VideoclubLogger.INFO: Socio incluido: Socio 4 {"cliente":5,"nombre":"Socio 4","username":"user4"} []
[2026-01-04T18:48:06.181118+00:00] VideoclubLogger.INFO: Socio incluido: Socio 0 {"cliente":1,"nombre":"Socio 0","username":"user0"} []
[2026-01-04T18:48:06.181289+00:00] VideoclubLogger.INFO: Socio incluido: Socio 1 {"cliente":2,"nombre":"Socio 1","username":"user1"} []
[2026-01-04T18:48:06.181368+00:00] VideoclubLogger.INFO: Socio incluido: Socio 2 {"cliente":3,"nombre":"Socio 2","username":"user2"} []
[2026-01-04T18:48:06.181436+00:00] VideoclubLogger.INFO: Socio incluido: Socio 3 {"cliente":4,"nombre":"Socio 3","username":"user3"} []
[2026-01-04T18:48:06.181504+00:00] VideoclubLogger.INFO: Socio incluido: Socio 4 {"cliente":5,"nombre":"Socio 4","username":"user4"} []
[2026-01-04T18:48:06.181572+00:00] VideoclubLogger.INFO: Socio incluido: Socio 5 {"cliente":6,"nombre":"Socio 5","username":"user5"} []
[2026-01-04T18:48:06.181673+00:00] VideoclubLogger.INFO: Socio incluido: Socio 6 {"cliente":7,"nombre":"Socio 6","username":"user6"} []
[2026-01-04T18:48:06.181744+00:00] VideoclubLogger.INFO: Socio incluido: Socio 7 {"cliente":8,"nombre":"Socio 7","username":"user7"} []
[2026-01-04T18:48:06.181810+00:00] VideoclubLogger.INFO: Socio incluido: Socio 8 {"cliente":9,"nombre":"Socio 8","username":"user8"} []
[2026-01-04T18:48:06.181875+00:00] VideoclubLogger.INFO: Socio incluido: Socio 9 {"cliente":10,"nombre":"Socio 9","username":"user9"} []
[2026-01-04T18:48:06.182206+00:00] VideoclubLogger.INFO: Producto incluido: Avatar {"producto":1,"titulo":"Avatar","precio":3.5} []
[2026-01-04T18:48:06.182367+00:00] VideoclubLogger.WARNING: Socio no encontrado {"cliente":999} []
[2026-01-04T18:48:06.182703+00:00] VideoclubLogger.INFO: Error cliente no encontrado al devolver {"cliente":999,"error":"Socio con número 999 no encontrado."} []
[2026-01-04T18:48:06.182989+00:00] VideoclubLogger.INFO: Producto incluido: Avatar {"producto":1,"titulo":"Avatar","precio":3.5} []
[2026-01-04T18:48:06.183146+00:00] VideoclubLogger.WARNING: Socio no encontrado {"cliente":999} []
[2026-01-04T18:48:06.183329+00:00] VideoclubLogger.INFO: Error cliente no encontrado al alquilar {"cliente":999,"error":"Socio con número 999 no encontrado."} []
[2026-01-04T18:48:06.183619+00:00] VideoclubLogger.INFO: Producto incluido: Avatar {"producto":1,"titulo":"Avatar","precio":3.5} []
[2026-01-04T18:48:06.183777+00:00] VideoclubLogger.INFO: Producto incluido: Titanic {"producto":2,"titulo":"Titanic","precio":2.5} []
[2026-01-04T18:48:06.183843+00:00] VideoclubLogger.INFO: Producto incluido: Jaws {"producto":3,"titulo":"Jaws","precio":2.0} []
[2026-01-04T18:48:06.183918+00:00] VideoclubLogger.INFO: Socio incluido: Juan {"cliente":1,"nombre":"Juan","username":""} []
[2026-01-04T18:48:06.183989+00:00] VideoclubLogger.INFO: Socio incluido: Maria {"cliente":2,"nombre":"Maria","username":""} []
[2026-01-04T18:48:06.184045+00:00] VideoclubLogger.INFO: Soporte no alquilado: Avatar {"soporte":1} []
[2026-01-04T18:48:06.184190+00:00] VideoclubLogger.INFO: Alquiler realizado {"cliente":2,"producto":1,"titulo":"Avatar"} []
[2026-01-04T18:48:06.184252+00:00] VideoclubLogger.WARNING: Intento de alquiler de soporte ya alquilado {"soporte":1,"titulo":"Avatar","cliente":1} []
[2026-01-04T18:48:06.184575+00:00] VideoclubLogger.WARNING: Soporte ya alquilado al intentar alquilar varios {"soportes":[1,2,3],"cliente":1,"error":"El soporte Avatar ya está alquilado."} []
[2026-01-04T18:48:06.185365+00:00] VideoclubLogger.INFO: Producto incluido: Avatar {"producto":1,"titulo":"Avatar","precio":3.5} []
[2026-01-04T18:48:06.185615+00:00] VideoclubLogger.INFO: Socio incluido: Juan {"cliente":1,"nombre":"Juan","username":""} []
[2026-01-04T18:48:06.185699+00:00] VideoclubLogger.INFO: Soporte no alquilado: Avatar {"soporte":1} []
[2026-01-04T18:48:06.186095+00:00] VideoclubLogger.INFO: Alquiler realizado {"cliente":1,"producto":1,"titulo":"Avatar"} []
[2026-01-04T18:48:06.186184+00:00] VideoclubLogger.INFO: Devolución realizada {"cliente":1,"producto":1,"titulo":"Avatar"} []
[2026-01-04T18:48:06.186970+00:00] VideoclubLogger.INFO: Socio incluido: Juan {"cliente":1,"nombre":"Juan","username":""} []
[2026-01-04T18:48:06.187153+00:00] VideoclubLogger.INFO: Socio incluido: Maria {"cliente":2,"nombre":"Maria","username":""} []
[2026-01-04T18:48:06.187449+00:00] VideoclubLogger.INFO: Producto incluido: Inception {"producto":1,"titulo":"Inception","precio":4.5} []
[2026-01-04T18:48:06.187612+00:00] VideoclubLogger.INFO: Producto incluido: The Matrix {"producto":2,"titulo":"The Matrix","precio":3.0} []
[2026-01-04T18:48:06.187932+00:00] VideoclubLogger.INFO: Producto incluido: Película 0 {"producto":1,"titulo":"Película 0","precio":2.5} []
[2026-01-04T18:48:06.188093+00:00] VideoclubLogger.INFO: Producto incluido: Película 1 {"producto":2,"titulo":"Película 1","precio":3.0} []
[2026-01-04T18:48:06.188158+00:00] VideoclubLogger.INFO: Producto incluido: Película 2 {"producto":3,"titulo":"Película 2","precio":3.5} []
[2026-01-04T18:48:06.188245+00:00] VideoclubLogger.INFO: Producto incluido: Película 3 {"producto":4,"titulo":"Película 3","precio":4.0} []
[2026-01-04T18:48:06.188307+00:00] VideoclubLogger.INFO: Producto incluido: Película 4 {"producto":5,"titulo":"Película 4","precio":4.5} []
[2026-01-04T18:48:06.188704+00:00] VideoclubLogger.INFO: Producto incluido: Película 0 {"producto":1,"titulo":"Película 0","precio":2.5} []
[2026-01-04T18:48:06.188907+00:00] VideoclubLogger.INFO: Producto incluido: Película 1 {"producto":2,"titulo":"Película 1","precio":3.0} []
[2026-01-04T18:48:06.188990+00:00] VideoclubLogger.INFO: Producto incluido: Película 2 {"producto":3,"titulo":"Película 2","precio":3.5} []
[2026-01-04T18:48:06.189062+00:00] VideoclubLogger.INFO: Producto incluido: Película 3 {"producto":4,"titulo":"Película 3","precio":4.0} []
[2026-01-04T18:48:06.189129+00:00] VideoclubLogger.INFO: Producto incluido: Película 4 {"producto":5,"titulo":"Película 4","precio":4.5} []
[2026-01-04T18:48:06.189197+00:00] VideoclubLogger.INFO: Producto incluido: Película 5 {"producto":6,"titulo":"Película 5","precio":5.0} []
[2026-01-04T18:48:06.189262+00:00] VideoclubLogger.INFO: Producto incluido: Película 6 {"producto":7,"titulo":"Película 6","precio":5.5} []
[2026-01-04T18:48:06.189327+00:00] VideoclubLogger.INFO: Producto incluido: Película 7 {"producto":8,"titulo":"Película 7","precio":6.0} []
[2026-01-04T18:48:06.189411+00:00] VideoclubLogger.INFO: Producto incluido: Película 8 {"producto":9,"titulo":"Película 8","precio":6.5} []
[2026-01-04T18:48:06.189478+00:00] VideoclubLogger.INFO: Producto incluido: Película 9 {"producto":10,"titulo":"Película 9","precio":7.0} []
[2026-01-04T18:48:06.189825+00:00] VideoclubLogger.INFO: Producto incluido: Película 0 {"producto":1,"titulo":"Película 0","precio":2.5} []
[2026-01-04T18:48:06.190019+00:00] VideoclubLogger.INFO: Producto incluido: Película 1 {"producto":2,"titulo":"Película 1","precio":3.0} []
[2026-01-04T18:48:06.190098+00:00] VideoclubLogger.INFO: Producto incluido: Película 2 {"producto":3,"titulo":"Película 2","precio":3.5} []
[2026-01-04T18:48:06.190167+00:00] VideoclubLogger.INFO: Producto incluido: Película 3 {"producto":4,"titulo":"Película 3","precio":4.0} []
[2026-01-04T18:48:06.190233+00:00] VideoclubLogger.INFO: Producto incluido: Película 4 {"producto":5,"titulo":"Película 4","precio":4.5} []
[2026-01-04T18:48:06.190298+00:00] VideoclubLogger.INFO: Producto incluido: Película 5 {"producto":6,"titulo":"Película 5","precio":5.0} []
[2026-01-04T18:48:06.190367+00:00] VideoclubLogger.INFO: Producto incluido: Película 6 {"producto":7,"titulo":"Película 6","precio":5.5} []
[2026-01-04T18:48:06.190424+00:00] VideoclubLogger.INFO: Producto incluido: Película 7 {"producto":8,"titulo":"Película 7","precio":6.0} []
[2026-01-04T18:48:06.190476+00:00] VideoclubLogger.INFO: Producto incluido: Película 8 {"producto":9,"titulo":"Película 8","precio":6.5} []
[2026-01-04T18:48:06.190528+00:00] VideoclubLogger.INFO: Producto incluido: Película 9 {"producto":10,"titulo":"Película 9","precio":7.0} []
[2026-01-04T18:48:06.190581+00:00] VideoclubLogger.INFO: Producto incluido: Película 10 {"producto":11,"titulo":"Película 10","precio":7.5} []
[2026-01-04T18:48:06.190634+00:00] VideoclubLogger.INFO: Producto incluido: Película 11 {"producto":12,"titulo":"Película 11","precio":8.0} []
[2026-01-04T18:48:06.190686+00:00] VideoclubLogger.INFO: Producto incluido: Película 12 {"producto":13,"titulo":"Película 12","precio":8.5} []
[2026-01-04T18:48:06.190738+00:00] VideoclubLogger.INFO: Producto incluido: Película 13 {"producto":14,"titulo":"Película 13","precio":9.0} []
[2026-01-04T18:48:06.190791+00:00] VideoclubLogger.INFO: Producto incluido: Película 14 {"producto":15,"titulo":"Película 14","precio":9.5} []
[2026-01-04T18:48:06.191067+00:00] VideoclubLogger.INFO: Producto incluido: Película 0 {"producto":1,"titulo":"Película 0","precio":2.5} []
[2026-01-04T18:48:06.191224+00:00] VideoclubLogger.INFO: Producto incluido: Película 1 {"producto":2,"titulo":"Película 1","precio":3.0} []
[2026-01-04T18:48:06.191316+00:00] VideoclubLogger.INFO: Producto incluido: Película 2 {"producto":3,"titulo":"Película 2","precio":3.5} []
[2026-01-04T18:48:06.191383+00:00] VideoclubLogger.INFO: Producto incluido: Película 3 {"producto":4,"titulo":"Película 3","precio":4.0} []
[2026-01-04T18:48:06.191438+00:00] VideoclubLogger.INFO: Producto incluido: Película 4 {"producto":5,"titulo":"Película 4","precio":4.5} []
[2026-01-04T18:48:06.191492+00:00] VideoclubLogger.INFO: Producto incluido: Película 5 {"producto":6,"titulo":"Película 5","precio":5.0} []
[2026-01-04T18:48:06.191551+00:00] VideoclubLogger.INFO: Producto incluido: Película 6 {"producto":7,"titulo":"Película 6","precio":5.5} []
[2026-01-04T18:48:06.191633+00:00] VideoclubLogger.INFO: Producto incluido: Película 7 {"producto":8,"titulo":"Película 7","precio":6.0} []
[2026-01-04T18:48:06.191689+00:00] VideoclubLogger.INFO: Producto incluido: Película 8 {"producto":9,"titulo":"Película 8","precio":6.5} []
[2026-01-04T18:48:06.191742+00:00] VideoclubLogger.INFO: Producto incluido: Película 9 {"producto":10,"titulo":"Película 9","precio":7.0} []
[2026-01-04T18:48:06.191795+00:00] VideoclubLogger.INFO: Producto incluido: Película 10 {"producto":11,"titulo":"Película 10","precio":7.5} []
[2026-01-04T18:48:06.191847+00:00] VideoclubLogger.INFO: Producto incluido: Película 11 {"producto":12,"titulo":"Película 11","precio":8.0} []
[2026-01-04T18:48:06.191899+00:00] VideoclubLogger.INFO: Producto incluido: Película 12 {"producto":13,"titulo":"Película 12","precio":8.5} []
[2026-01-04T18:48:06.191951+00:00] VideoclubLogger.INFO: Producto incluido: Película 13 {"producto":14,"titulo":"Película 13","precio":9.0} []
[2026-01-04T18:48:06.192003+00:00] VideoclubLogger.INFO: Producto incluido: Película 14 {"producto":15,"titulo":"Película 14","precio":9.5} []
[2026-01-04T18:48:06.192055+00:00] VideoclubLogger.INFO: Producto incluido: Película 15 {"producto":16,"titulo":"Película 15","precio":10.0} []
[2026-01-04T18:48:06.192107+00:00] VideoclubLogger.INFO: Producto incluido: Película 16 {"producto":17,"titulo":"Película 16","precio":10.5} []
[2026-01-04T18:48:06.192159+00:00] VideoclubLogger.INFO: Producto incluido: Película 17 {"producto":18,"titulo":"Película 17","precio":11.0} []
[2026-01-04T18:48:06.192211+00:00] VideoclubLogger.INFO: Producto incluido: Película 18 {"producto":19,"titulo":"Película 18","precio":11.5} []
[2026-01-04T18:48:06.192263+00:00] VideoclubLogger.INFO: Producto incluido: Película 19 {"producto":20,"titulo":"Película 19","precio":12.0} []
[2026-01-04T18:48:06.192596+00:00] VideoclubLogger.INFO: Producto incluido: Avatar {"producto":1,"titulo":"Avatar","precio":3.5} []
[2026-01-04T18:48:06.192757+00:00] VideoclubLogger.WARNING: Socio no encontrado {"cliente":999} []
[2026-01-04T18:48:06.192955+00:00] VideoclubLogger.INFO: Error cliente no encontrado al alquilar {"cliente":999,"error":"Socio con número 999 no encontrado."} []
[2026-01-04T18:48:06.193231+00:00] VideoclubLogger.INFO: Producto incluido: Elden Ring {"producto":1,"titulo":"Elden Ring","precio":59.99} []
[2026-01-04T18:48:06.193396+00:00] VideoclubLogger.INFO: Producto incluido: God of War {"producto":2,"titulo":"God of War","precio":49.99} []
[2026-01-04T18:48:06.193683+00:00] VideoclubLogger.INFO: Socio incluido: Juan {"cliente":1,"nombre":"Juan","username":"juan"} []
[2026-01-04T18:48:06.193855+00:00] VideoclubLogger.INFO: Socio incluido: Maria {"cliente":2,"nombre":"Maria","username":"maria"} []
[2026-01-04T18:48:06.194131+00:00] VideoclubLogger.INFO: Producto incluido: Avatar {"producto":1,"titulo":"Avatar","precio":3.5} []
[2026-01-04T18:48:06.194286+00:00] VideoclubLogger.INFO: Producto incluido: Titanic {"producto":2,"titulo":"Titanic","precio":2.5} []
[2026-01-04T18:48:06.194560+00:00] VideoclubLogger.INFO: Producto incluido: Avatar {"producto":1,"titulo":"Avatar","precio":3.5} []
[2026-01-04T18:48:06.194716+00:00] VideoclubLogger.INFO: Producto incluido: Titanic {"producto":2,"titulo":"Titanic","precio":2.5} []
[2026-01-04T18:48:06.194806+00:00] VideoclubLogger.INFO: Producto incluido: Jaws {"producto":3,"titulo":"Jaws","precio":2.0} []
[2026-01-04T18:48:06.194887+00:00] VideoclubLogger.INFO: Socio incluido: Juan {"cliente":1,"nombre":"Juan","username":""} []
[2026-01-04T18:48:06.194959+00:00] VideoclubLogger.INFO: Socio incluido: Maria {"cliente":2,"nombre":"Maria","username":""} []
[2026-01-04T18:48:06.195015+00:00] VideoclubLogger.INFO: Soporte no alquilado: Avatar {"soporte":1} []
[2026-01-04T18:48:06.195159+00:00] VideoclubLogger.INFO: Alquiler realizado {"cliente":2,"producto":1,"titulo":"Avatar"} []
[2026-01-04T18:48:06.195221+00:00] VideoclubLogger.WARNING: Intento de alquiler de soporte ya alquilado {"soporte":1,"titulo":"Avatar","cliente":1} []
[2026-01-04T18:48:06.195433+00:00] VideoclubLogger.WARNING: Soporte ya alquilado al intentar alquilar varios {"soportes":[1,2,3],"cliente":1,"error":"El soporte Avatar ya está alquilado."} []
[2026-01-04T18:48:06.195723+00:00] VideoclubLogger.INFO: Socio incluido: Test {"cliente":1,"nombre":"Test","username":""} []
[2026-01-04T18:48:06.196088+00:00] VideoclubLogger.INFO: Producto incluido: Avatar {"producto":1,"titulo":"Avatar","precio":3.5} []
[2026-01-04T18:48:06.196264+00:00] VideoclubLogger.INFO: Socio incluido: Juan {"cliente":1,"nombre":"Juan","username":""} []
[2026-01-04T18:48:06.196327+00:00] VideoclubLogger.INFO: Soporte no alquilado: Avatar {"soporte":1} []
[2026-01-04T18:48:06.196477+00:00] VideoclubLogger.INFO: Alquiler realizado {"cliente":1,"producto":1,"titulo":"Avatar"} []
[2026-01-04T18:48:06.196547+00:00] VideoclubLogger.INFO: Devolución realizada {"cliente":1,"producto":1,"titulo":"Avatar"} []
[2026-01-04T18:48:06.196820+00:00] VideoclubLogger.INFO: Socio incluido: Juan {"cliente":1,"nombre":"Juan","username":""} []
[2026-01-04T18:48:06.196970+00:00] VideoclubLogger.WARNING: Producto no encontrado {"producto":999} []
[2026-01-04T18:48:06.197165+00:00] VideoclubLogger.INFO: Error soporte no encontrado al alquilar {"soporte":999,"error":"Producto con número 999 no encontrado."} []
[2026-01-04T18:48:06.198554+00:00] VideoclubLogger.INFO: Soporte no alquilado: Avatar {"soporte":1} []
[2026-01-04T18:48:06.198714+00:00] VideoclubLogger.INFO: Soporte ya alquilado: Avatar {"soporte":1} []
[2026-01-04T18:48:06.198985+00:00] VideoclubLogger.WARNING: Intento de devolver soporte no alquilado: 1 {"cliente":1} []
[2026-01-04T18:48:06.200347+00:00] VideoclubLogger.INFO: Soporte no alquilado: Película 0 {"soporte":100} []
[2026-01-04T18:48:06.200754+00:00] VideoclubLogger.INFO: Soporte no alquilado: Película 0 {"soporte":100} []
[2026-01-04T18:48:06.200912+00:00] VideoclubLogger.INFO: Soporte no alquilado: Película 1 {"soporte":101} []
[2026-01-04T18:48:06.201209+00:00] VideoclubLogger.INFO: Soporte no alquilado: Película 0 {"soporte":100} []
[2026-01-04T18:48:06.201365+00:00] VideoclubLogger.INFO: Soporte no alquilado: Película 1 {"soporte":101} []
[2026-01-04T18:48:06.201425+00:00] VideoclubLogger.INFO: Soporte no alquilado: Película 2 {"soporte":102} []
[2026-01-04T18:48:06.201709+00:00] VideoclubLogger.INFO: Soporte no alquilado: Película 0 {"soporte":100} []
[2026-01-04T18:48:06.201861+00:00] VideoclubLogger.INFO: Soporte no alquilado: Película 1 {"soporte":101} []
[2026-01-04T18:48:06.201920+00:00] VideoclubLogger.INFO: Soporte no alquilado: Película 2 {"soporte":102} []
[2026-01-04T18:48:06.201972+00:00] VideoclubLogger.INFO: Soporte no alquilado: Película 3 {"soporte":103} []
[2026-01-04T18:48:06.202021+00:00] VideoclubLogger.INFO: Soporte no alquilado: Película 4 {"soporte":104} []
[2026-01-04T18:48:06.202303+00:00] VideoclubLogger.INFO: Soporte no alquilado: Película 0 {"soporte":100} []
[2026-01-04T18:48:06.202461+00:00] VideoclubLogger.INFO: Soporte no alquilado: Película 1 {"soporte":101} []
[2026-01-04T18:48:06.202520+00:00] VideoclubLogger.INFO: Soporte no alquilado: Película 2 {"soporte":102} []
[2026-01-04T18:48:06.202570+00:00] VideoclubLogger.INFO: Soporte no alquilado: Película 3 {"soporte":103} []
[2026-01-04T18:48:06.202653+00:00] VideoclubLogger.INFO: Soporte no alquilado: Película 4 {"soporte":104} []
[2026-01-04T18:48:06.202708+00:00] VideoclubLogger.INFO: Soporte no alquilado: Película 5 {"soporte":105} []
[2026-01-04T18:48:06.202757+00:00] VideoclubLogger.INFO: Soporte no alquilado: Película 6 {"soporte":106} []
[2026-01-04T18:48:06.202806+00:00] VideoclubLogger.INFO: Soporte no alquilado: Película 7 {"soporte":107} []
[2026-01-04T18:48:06.202855+00:00] VideoclubLogger.INFO: Soporte no alquilado: Película 8 {"soporte":108} []
[2026-01-04T18:48:06.202903+00:00] VideoclubLogger.INFO: Soporte no alquilado: Película 9 {"soporte":109} []
[2026-01-04T18:48:06.203262+00:00] VideoclubLogger.INFO: Soporte no alquilado: Película 0 {"soporte":200} []
[2026-01-04T18:48:06.203430+00:00] VideoclubLogger.INFO: Soporte no alquilado: Película Extra 1 {"soporte":301} []
[2026-01-04T18:48:06.203491+00:00] VideoclubLogger.WARNING: Cupo superado al intentar alquilar: max 1 {"cliente":98} []
[2026-01-04T18:48:06.203994+00:00] VideoclubLogger.INFO: Soporte no alquilado: Película 0 {"soporte":200} []
[2026-01-04T18:48:06.204155+00:00] VideoclubLogger.INFO: Soporte no alquilado: Película 1 {"soporte":201} []
[2026-01-04T18:48:06.204222+00:00] VideoclubLogger.INFO: Soporte no alquilado: Película Extra 2 {"soporte":302} []
[2026-01-04T18:48:06.204274+00:00] VideoclubLogger.WARNING: Cupo superado al intentar alquilar: max 2 {"cliente":98} []
[2026-01-04T18:48:06.204730+00:00] VideoclubLogger.INFO: Soporte no alquilado: Película 0 {"soporte":200} []
[2026-01-04T18:48:06.204886+00:00] VideoclubLogger.INFO: Soporte no alquilado: Película 1 {"soporte":201} []
[2026-01-04T18:48:06.204946+00:00] VideoclubLogger.INFO: Soporte no alquilado: Película 2 {"soporte":202} []
[2026-01-04T18:48:06.205003+00:00] VideoclubLogger.INFO: Soporte no alquilado: Película Extra 3 {"soporte":303} []
[2026-01-04T18:48:06.205052+00:00] VideoclubLogger.WARNING: Cupo superado al intentar alquilar: max 3 {"cliente":98} []
[2026-01-04T18:48:06.205579+00:00] VideoclubLogger.INFO: Soporte no alquilado: Avatar {"soporte":50} []
[2026-01-04T18:48:06.205763+00:00] VideoclubLogger.INFO: Soporte ya alquilado: Avatar {"soporte":50} []
[2026-01-04T18:48:06.206093+00:00] VideoclubLogger.INFO: Soporte no alquilado: Inception {"soporte":51} []
[2026-01-04T18:48:06.206249+00:00] VideoclubLogger.INFO: Soporte ya alquilado: Inception {"soporte":51} []
[2026-01-04T18:48:06.206547+00:00] VideoclubLogger.INFO: Soporte no alquilado: Elden Ring {"soporte":52} []
[2026-01-04T18:48:06.206699+00:00] VideoclubLogger.INFO: Soporte ya alquilado: Elden Ring {"soporte":52} []
[2026-01-04T18:48:06.207260+00:00] VideoclubLogger.INFO: Soporte no alquilado: Avatar {"soporte":1} []
[2026-01-04T18:48:06.207634+00:00] VideoclubLogger.INFO: Soporte no alquilado: Avatar {"soporte":1} []
[2026-01-04T18:48:06.207998+00:00] VideoclubLogger.INFO: Soporte no alquilado: Avatar {"soporte":1} []
[2026-01-04T18:48:06.208148+00:00] VideoclubLogger.INFO: Soporte ya alquilado: Avatar {"soporte":1} []
[2026-01-04T18:48:06.208206+00:00] VideoclubLogger.WARNING: Intento de alquiler de soporte ya alquilado: Avatar {"soporte":1,"cliente":1} []
[2026-01-04T18:48:06.208645+00:00] VideoclubLogger.INFO: Soporte no alquilado: Avatar {"soporte":1} []
[2026-01-04T18:48:06.208797+00:00] VideoclubLogger.INFO: Soporte no alquilado: Inception {"soporte":4} []
[2026-01-04T18:48:06.208859+00:00] VideoclubLogger.INFO: Soporte no alquilado: Elden Ring {"soporte":7} []
[2026-01-04T18:48:06.208909+00:00] VideoclubLogger.WARNING: Cupo superado al intentar alquilar: max 2 {"cliente":1} []
[2026-01-04T18:48:06.209327+00:00] VideoclubLogger.INFO: Soporte no alquilado: Avatar {"soporte":1} []
[2026-01-04T18:48:06.209494+00:00] VideoclubLogger.INFO: Soporte no alquilado: Avatar {"soporte":1} []
[2026-01-04T18:48:06.209942+00:00] VideoclubLogger.INFO: Soporte no alquilado: Avatar {"soporte":1} []
[2026-01-04T18:48:06.210094+00:00] VideoclubLogger.WARNING: Intento de devolver soporte no alquilado: 999 {"cliente":1} []
[2026-01-04T18:48:06.210597+00:00] VideoclubLogger.INFO: Soporte no alquilado: Avatar {"soporte":1} []
[2026-01-04T18:48:06.210752+00:00] VideoclubLogger.INFO: Soporte no alquilado: Inception {"soporte":4} []
[2026-01-04T18:48:06.210811+00:00] VideoclubLogger.INFO: Soporte no alquilado: Elden Ring {"soporte":7} []
[2026-01-04T18:48:06.210872+00:00] VideoclubLogger.INFO: Soporte no alquilado: Avatar {"soporte":1} []
[2026-01-04T18:48:06.210931+00:00] VideoclubLogger.INFO: Soporte no alquilado: Inception {"soporte":4} []
[2026-01-04T18:48:06.210983+00:00] VideoclubLogger.INFO: Soporte no alquilado: Titanic {"soporte":2} []
[2026-01-04T18:48:06.211031+00:00] VideoclubLogger.INFO: Soporte no alquilado: Interstellar {"soporte":5} []
[2026-01-04T18:48:06.211541+00:00] VideoclubLogger.INFO: Soporte no alquilado: Avatar {"soporte":1} []
[2026-01-04T18:48:06.211986+00:00] VideoclubLogger.INFO: Soporte no alquilado: Avatar {"soporte":1} []
[2026-01-04T18:48:06.212136+00:00] VideoclubLogger.INFO: Soporte ya alquilado: Avatar {"soporte":1} []
[2026-01-04T18:48:06.212198+00:00] VideoclubLogger.INFO: Soporte no alquilado: Avatar {"soporte":1} []
[2026-01-04T18:48:12.490017+00:00] VideoclubLogger.INFO: Socio incluido: Cliente {"cliente":1,"nombre":"Cliente","username":""} []
[2026-01-04T18:48:12.491123+00:00] VideoclubLogger.INFO: Producto incluido: Avatar {"producto":1,"titulo":"Avatar","precio":3.5} []
[2026-01-04T18:48:12.491203+00:00] VideoclubLogger.INFO: Soporte no alquilado: Avatar {"soporte":1} []
[2026-01-04T18:48:12.491359+00:00] VideoclubLogger.INFO: Alquiler realizado {"cliente":1,"producto":1,"titulo":"Avatar"} []
[2026-01-04T18:48:12.494905+00:00] VideoclubLogger.INFO: Socio incluido: Cliente {"cliente":1,"nombre":"Cliente","username":""} []
[2026-01-04T18:48:12.495089+00:00] VideoclubLogger.INFO: Producto incluido: Inception {"producto":1,"titulo":"Inception","precio":4.5} []
[2026-01-04T18:48:12.495160+00:00] VideoclubLogger.INFO: Soporte no alquilado: Inception {"soporte":1} []
[2026-01-04T18:48:12.495310+00:00] VideoclubLogger.INFO: Alquiler realizado {"cliente":1,"producto":1,"titulo":"Inception"} []
[2026-01-04T18:48:12.495704+00:00] VideoclubLogger.INFO: Socio incluido: Cliente {"cliente":1,"nombre":"Cliente","username":""} []
[2026-01-04T18:48:12.495886+00:00] VideoclubLogger.INFO: Producto incluido: Avatar {"producto":1,"titulo":"Avatar","precio":3.5} []
[2026-01-04T18:48:12.495955+00:00] VideoclubLogger.INFO: Soporte no alquilado: Avatar {"soporte":1} []
[2026-01-04T18:48:12.496109+00:00] VideoclubLogger.INFO: Alquiler realizado {"cliente":1,"producto":1,"titulo":"Avatar"} []
[2026-01-04T18:48:12.496221+00:00] VideoclubLogger.INFO: Producto incluido: Inception {"producto":2,"titulo":"Inception","precio":4.5} []
[2026-01-04T18:48:12.496321+00:00] VideoclubLogger.INFO: Soporte no alquilado: Inception {"soporte":2} []
[2026-01-04T18:48:12.496374+00:00] VideoclubLogger.INFO: Alquiler realizado {"cliente":1,"producto":2,"titulo":"Inception"} []
[2026-01-04T18:48:12.496745+00:00] VideoclubLogger.INFO: Socio incluido: Cliente {"cliente":1,"nombre":"Cliente","username":""} []
[2026-01-04T18:48:12.496918+00:00] VideoclubLogger.INFO: Producto incluido: Elden Ring {"producto":1,"titulo":"Elden Ring","precio":59.99} []
[2026-01-04T18:48:12.496984+00:00] VideoclubLogger.INFO: Soporte no alquilado: Elden Ring {"soporte":1} []
[2026-01-04T18:48:12.497130+00:00] VideoclubLogger.INFO: Alquiler realizado {"cliente":1,"producto":1,"titulo":"Elden Ring"} []
[2026-01-04T18:48:12.497521+00:00] VideoclubLogger.INFO: Producto incluido: Avatar {"producto":1,"titulo":"Avatar","precio":3.5} []
[2026-01-04T18:48:12.497690+00:00] VideoclubLogger.INFO: Producto incluido: Titanic {"producto":2,"titulo":"Titanic","precio":2.5} []
[2026-01-04T18:48:12.497756+00:00] VideoclubLogger.INFO: Producto incluido: Jaws {"producto":3,"titulo":"Jaws","precio":2.0} []
[2026-01-04T18:48:12.497814+00:00] VideoclubLogger.INFO: Producto incluido: The Ring {"producto":4,"titulo":"The Ring","precio":1.5} []
[2026-01-04T18:48:12.497889+00:00] VideoclubLogger.INFO: Socio incluido: Juan {"cliente":1,"nombre":"Juan","username":""} []
[2026-01-04T18:48:12.497983+00:00] VideoclubLogger.WARNING: Cupo superado al intentar alquilar varios productos {"cliente":1,"intentados":3,"maximo":2} []
[2026-01-04T18:48:12.498437+00:00] VideoclubLogger.WARNING: Cupo superado al alquilar varios productos {"cliente":1,"cantidad_solicitada":3,"error":"No se pueden alquilar todos los productos: se superaría el máximo de alquileres."} []
[2026-01-04T18:48:12.498954+00:00] VideoclubLogger.INFO: Producto incluido: Avatar {"producto":1,"titulo":"Avatar","precio":3.5} []
[2026-01-04T18:48:12.499116+00:00] VideoclubLogger.INFO: Producto incluido: Titanic {"producto":2,"titulo":"Titanic","precio":2.5} []
[2026-01-04T18:48:12.499182+00:00] VideoclubLogger.INFO: Producto incluido: Jaws {"producto":3,"titulo":"Jaws","precio":2.0} []
[2026-01-04T18:48:12.499258+00:00] VideoclubLogger.INFO: Socio incluido: Juan {"cliente":1,"nombre":"Juan","username":""} []
[2026-01-04T18:48:12.499321+00:00] VideoclubLogger.INFO: Soporte no alquilado: Avatar {"soporte":1} []
[2026-01-04T18:48:12.499483+00:00] VideoclubLogger.INFO: Soporte no alquilado: Titanic {"soporte":2} []
[2026-01-04T18:48:12.499542+00:00] VideoclubLogger.INFO: Soporte no alquilado: Jaws {"soporte":3} []
[2026-01-04T18:48:12.499595+00:00] VideoclubLogger.INFO: Alquileres realizados {"cliente":1,"cantidad":3,"productos":[1,2,3]} []
[2026-01-04T18:48:12.499870+00:00] VideoclubLogger.INFO: Producto incluido: Avatar {"producto":1,"titulo":"Avatar","precio":3.5} []
[2026-01-04T18:48:12.500027+00:00] VideoclubLogger.INFO: Producto incluido: Titanic {"producto":2,"titulo":"Titanic","precio":2.5} []
[2026-01-04T18:48:12.500090+00:00] VideoclubLogger.INFO: Producto incluido: Jaws {"producto":3,"titulo":"Jaws","precio":2.0} []
[2026-01-04T18:48:12.500166+00:00] VideoclubLogger.INFO: Socio incluido: Juan {"cliente":1,"nombre":"Juan","username":""} []
[2026-01-04T18:48:12.500228+00:00] VideoclubLogger.INFO: Soporte no alquilado: Avatar {"soporte":1} []
[2026-01-04T18:48:12.500383+00:00] VideoclubLogger.INFO: Soporte no alquilado: Titanic {"soporte":2} []
[2026-01-04T18:48:12.500451+00:00] VideoclubLogger.INFO: Alquileres realizados {"cliente":1,"cantidad":2,"productos":[1,2]} []
[2026-01-04T18:48:12.500516+00:00] VideoclubLogger.INFO: Soporte ya alquilado: Avatar {"soporte":1} []
[2026-01-04T18:48:12.500567+00:00] VideoclubLogger.INFO: Soporte ya alquilado: Titanic {"soporte":2} []
[2026-01-04T18:48:12.500617+00:00] VideoclubLogger.INFO: Soporte no alquilado: Jaws {"soporte":3} []
[2026-01-04T18:48:12.500664+00:00] VideoclubLogger.WARNING: Intento de devolver soporte no alquilado por socio {"producto":3,"titulo":"Jaws","cliente":1} []
[2026-01-04T18:48:12.500976+00:00] VideoclubLogger.WARNING: Error soporte no encontrado al devolver varios {"soportes":[1,2,3],"cliente":1,"error":"El soporte Jaws no está alquilado por este socio."} []
[2026-01-04T18:48:12.501262+00:00] VideoclubLogger.INFO: Producto incluido: Avatar {"producto":1,"titulo":"Avatar","precio":3.5} []
[2026-01-04T18:48:12.501432+00:00] VideoclubLogger.INFO: Producto incluido: Titanic {"producto":2,"titulo":"Titanic","precio":2.5} []
[2026-01-04T18:48:12.501497+00:00] VideoclubLogger.INFO: Producto incluido: Jaws {"producto":3,"titulo":"Jaws","precio":2.0} []
[2026-01-04T18:48:12.501572+00:00] VideoclubLogger.INFO: Socio incluido: Juan {"cliente":1,"nombre":"Juan","username":""} []
[2026-01-04T18:48:12.501634+00:00] VideoclubLogger.INFO: Soporte no alquilado: Avatar {"soporte":1} []
[2026-01-04T18:48:12.501779+00:00] VideoclubLogger.INFO: Soporte no alquilado: Titanic {"soporte":2} []
[2026-01-04T18:48:12.501836+00:00] VideoclubLogger.INFO: Soporte no alquilado: Jaws {"soporte":3} []
[2026-01-04T18:48:12.501887+00:00] VideoclubLogger.INFO: Alquileres realizados {"cliente":1,"cantidad":3,"productos":[1,2,3]} []
[2026-01-04T18:48:12.501950+00:00] VideoclubLogger.INFO: Soporte ya alquilado: Avatar {"soporte":1} []
[2026-01-04T18:48:12.502001+00:00] VideoclubLogger.INFO: Soporte ya alquilado: Titanic {"soporte":2} []
[2026-01-04T18:48:12.502083+00:00] VideoclubLogger.INFO: Devoluciones realizadas {"cliente":1,"cantidad":2,"productos":[1,2]} []
[2026-01-04T18:48:12.502360+00:00] VideoclubLogger.INFO: Producto incluido: Avatar {"producto":1,"titulo":"Avatar","precio":3.5} []
[2026-01-04T18:48:12.502532+00:00] VideoclubLogger.INFO: Producto incluido: Inception {"producto":2,"titulo":"Inception","precio":4.5} []
[2026-01-04T18:48:12.502598+00:00] VideoclubLogger.INFO: Producto incluido: Elden Ring {"producto":3,"titulo":"Elden Ring","precio":59.99} []
[2026-01-04T18:48:12.502673+00:00] VideoclubLogger.INFO: Socio incluido: Juan {"cliente":1,"nombre":"Juan","username":""} []
[2026-01-04T18:48:12.502735+00:00] VideoclubLogger.INFO: Soporte no alquilado: Avatar {"soporte":1} []
[2026-01-04T18:48:12.502877+00:00] VideoclubLogger.INFO: Soporte no alquilado: Inception {"soporte":2} []
[2026-01-04T18:48:12.502933+00:00] VideoclubLogger.INFO: Soporte no alquilado: Elden Ring {"soporte":3} []
[2026-01-04T18:48:12.502983+00:00] VideoclubLogger.INFO: Alquileres realizados {"cliente":1,"cantidad":3,"productos":[1,2,3]} []
[2026-01-04T18:48:12.503046+00:00] VideoclubLogger.INFO: Soporte ya alquilado: Avatar {"soporte":1} []
[2026-01-04T18:48:12.503096+00:00] VideoclubLogger.INFO: Soporte ya alquilado: Inception {"soporte":2} []
[2026-01-04T18:48:12.503147+00:00] VideoclubLogger.INFO: Devoluciones realizadas {"cliente":1,"cantidad":2,"productos":[1,2]} []
[2026-01-04T18:48:12.503206+00:00] VideoclubLogger.INFO: Soporte no alquilado: Avatar {"soporte":1} []
[2026-01-04T18:48:12.503255+00:00] VideoclubLogger.INFO: Alquiler realizado {"cliente":1,"producto":1,"titulo":"Avatar"} []
[2026-01-04T18:48:12.503310+00:00] VideoclubLogger.INFO: Soporte ya alquilado: Avatar {"soporte":1} []
[2026-01-04T18:48:12.503359+00:00] VideoclubLogger.INFO: Soporte ya alquilado: Elden Ring {"soporte":3} []
[2026-01-04T18:48:12.503418+00:00] VideoclubLogger.INFO: Devoluciones realizadas {"cliente":1,"cantidad":2,"productos":[1,3]} []
[2026-01-04T18:48:12.503684+00:00] VideoclubLogger.INFO: Producto incluido: Avatar {"producto":1,"titulo":"Avatar","precio":3.5} []
[2026-01-04T18:48:12.503861+00:00] VideoclubLogger.INFO: Socio incluido: Juan {"cliente":1,"nombre":"Juan","username":""} []
[2026-01-04T18:48:12.503924+00:00] VideoclubLogger.INFO: Soporte no alquilado: Avatar {"soporte":1} []
[2026-01-04T18:48:12.504066+00:00] VideoclubLogger.INFO: Alquiler realizado {"cliente":1,"producto":1,"titulo":"Avatar"} []
[2026-01-04T18:48:12.504385+00:00] VideoclubLogger.INFO: Socio incluido: Socio 0 {"cliente":1,"nombre":"Socio 0","username":"user0"} []
[2026-01-04T18:48:12.504573+00:00] VideoclubLogger.INFO: Socio incluido: Socio 1 {"cliente":2,"nombre":"Socio 1","username":"user1"} []
[2026-01-04T18:48:12.504652+00:00] VideoclubLogger.INFO: Socio incluido: Socio 2 {"cliente":3,"nombre":"Socio 2","username":"user2"} []
[2026-01-04T18:48:12.505151+00:00] VideoclubLogger.INFO: Socio incluido: Socio 0 {"cliente":1,"nombre":"Socio 0","username":"user0"} []
[2026-01-04T18:48:12.505327+00:00] VideoclubLogger.INFO: Socio incluido: Socio 1 {"cliente":2,"nombre":"Socio 1","username":"user1"} []
[2026-01-04T18:48:12.505417+00:00] VideoclubLogger.INFO: Socio incluido: Socio 2 {"cliente":3,"nombre":"Socio 2","username":"user2"} []
[2026-01-04T18:48:12.505489+00:00] VideoclubLogger.INFO: Socio incluido: Socio 3 {"cliente":4,"nombre":"Socio 3","username":"user3"} []
[2026-01-04T18:48:12.505557+00:00] VideoclubLogger.INFO: Socio incluido: Socio 4 {"cliente":5,"nombre":"Socio 4","username":"user4"} []
[2026-01-04T18:48:12.505851+00:00] VideoclubLogger.INFO: Socio incluido: Socio 0 {"cliente":1,"nombre":"Socio 0","username":"user0"} []
[2026-01-04T18:48:12.506024+00:00] VideoclubLogger.INFO: Socio incluido: Socio 1 {"cliente":2,"nombre":"Socio 1","username":"user1"} []
[2026-01-04T18:48:12.506099+00:00] VideoclubLogger.INFO: Socio incluido: Socio 2 {"cliente":3,"nombre":"Socio 2","username":"user2"} []
[2026-01-04T18:48:12.506168+00:00] VideoclubLogger.INFO: Socio incluido: Socio 3 {"cliente":4,"nombre":"Socio 3","username":"user3"} []
[2026-01-04T18:48:12.506264+00:00] VideoclubLogger.INFO: Socio incluido: Socio 4 {"cliente":5,"nombre":"Socio 4","username":"user4"} []
[2026-01-04T18:48:12.506336+00:00] VideoclubLogger.INFO: Socio incluido: Socio 5 {"cliente":6,"nombre":"Socio 5","username":"user5"} []
[2026-01-04T18:48:12.506438+00:00] VideoclubLogger.INFO: Socio incluido: Socio 6 {"cliente":7,"nombre":"Socio 6","username":"user6"} []
[2026-01-04T18:48:12.506510+00:00] VideoclubLogger.INFO: Socio incluido: Socio 7 {"cliente":8,"nombre":"Socio 7","username":"user7"} []
[2026-01-04T18:48:12.506577+00:00] VideoclubLogger.INFO: Socio incluido: Socio 8 {"cliente":9,"nombre":"Socio 8","username":"user8"} []
[2026-01-04T18:48:12.506642+00:00] VideoclubLogger.INFO: Socio incluido: Socio 9 {"cliente":10,"nombre":"Socio 9","username":"user9"} []
[2026-01-04T18:48:12.506984+00:00] VideoclubLogger.INFO: Producto incluido: Avatar {"producto":1,"titulo":"Avatar","precio":3.5} []
[2026-01-04T18:48:12.507145+00:00] VideoclubLogger.WARNING: Socio no encontrado {"cliente":999} []
[2026-01-04T18:48:12.507487+00:00] VideoclubLogger.INFO: Error cliente no encontrado al devolver {"cliente":999,"error":"Socio con número 999 no encontrado."} []
[2026-01-04T18:48:12.507777+00:00] VideoclubLogger.INFO: Producto incluido: Avatar {"producto":1,"titulo":"Avatar","precio":3.5} []
[2026-01-04T18:48:12.507935+00:00] VideoclubLogger.WARNING: Socio no encontrado {"cliente":999} []
[2026-01-04T18:48:12.508126+00:00] VideoclubLogger.INFO: Error cliente no encontrado al alquilar {"cliente":999,"error":"Socio con número 999 no encontrado."} []
[2026-01-04T18:48:12.508436+00:00] VideoclubLogger.INFO: Producto incluido: Avatar {"producto":1,"titulo":"Avatar","precio":3.5} []
[2026-01-04T18:48:12.508605+00:00] VideoclubLogger.INFO: Producto incluido: Titanic {"producto":2,"titulo":"Titanic","precio":2.5} []
[2026-01-04T18:48:12.508672+00:00] VideoclubLogger.INFO: Producto incluido: Jaws {"producto":3,"titulo":"Jaws","precio":2.0} []
[2026-01-04T18:48:12.508750+00:00] VideoclubLogger.INFO: Socio incluido: Juan {"cliente":1,"nombre":"Juan","username":""} []
[2026-01-04T18:48:12.508822+00:00] VideoclubLogger.INFO: Socio incluido: Maria {"cliente":2,"nombre":"Maria","username":""} []
[2026-01-04T18:48:12.508879+00:00] VideoclubLogger.INFO: Soporte no alquilado: Avatar {"soporte":1} []
[2026-01-04T18:48:12.509024+00:00] VideoclubLogger.INFO: Alquiler realizado {"cliente":2,"producto":1,"titulo":"Avatar"} []
[2026-01-04T18:48:12.509087+00:00] VideoclubLogger.WARNING: Intento de alquiler de soporte ya alquilado {"soporte":1,"titulo":"Avatar","cliente":1} []
[2026-01-04T18:48:12.509503+00:00] VideoclubLogger.WARNING: Soporte ya alquilado al intentar alquilar varios {"soportes":[1,2,3],"cliente":1,"error":"El soporte Avatar ya está alquilado."} []
[2026-01-04T18:48:12.510100+00:00] VideoclubLogger.INFO: Producto incluido: Avatar {"producto":1,"titulo":"Avatar","precio":3.5} []
[2026-01-04T18:48:12.510329+00:00] VideoclubLogger.INFO: Socio incluido: Juan {"cliente":1,"nombre":"Juan","username":""} []
[2026-01-04T18:48:12.510436+00:00] VideoclubLogger.INFO: Soporte no alquilado: Avatar {"soporte":1} []
[2026-01-04T18:48:12.510652+00:00] VideoclubLogger.INFO: Alquiler realizado {"cliente":1,"producto":1,"titulo":"Avatar"} []
[2026-01-04T18:48:12.510740+00:00] VideoclubLogger.INFO: Devolución realizada {"cliente":1,"producto":1,"titulo":"Avatar"} []
[2026-01-04T18:48:12.511335+00:00] VideoclubLogger.INFO: Socio incluido: Juan {"cliente":1,"nombre":"Juan","username":""} []
[2026-01-04T18:48:12.511561+00:00] VideoclubLogger.INFO: Socio incluido: Maria {"cliente":2,"nombre":"Maria","username":""} []
[2026-01-04T18:48:12.511912+00:00] VideoclubLogger.INFO: Producto incluido: Inception {"producto":1,"titulo":"Inception","precio":4.5} []
[2026-01-04T18:48:12.512108+00:00] VideoclubLogger.INFO: Producto incluido: The Matrix {"producto":2,"titulo":"The Matrix","precio":3.0} []
[2026-01-04T18:48:12.512538+00:00] VideoclubLogger.INFO: Producto incluido: Película 0 {"producto":1,"titulo":"Película 0","precio":2.5} []
[2026-01-04T18:48:12.512777+00:00] VideoclubLogger.INFO: Producto incluido: Película 1 {"producto":2,"titulo":"Película 1","precio":3.0} []
[2026-01-04T18:48:12.512865+00:00] VideoclubLogger.INFO: Producto incluido: Película 2 {"producto":3,"titulo":"Película 2","precio":3.5} []
[2026-01-04T18:48:12.512940+00:00] VideoclubLogger.INFO: Producto incluido: Película 3 {"producto":4,"titulo":"Película 3","precio":4.0} []
[2026-01-04T18:48:12.513009+00:00] VideoclubLogger.INFO: Producto incluido: Película 4 {"producto":5,"titulo":"Película 4","precio":4.5} []
[2026-01-04T18:48:12.513372+00:00] VideoclubLogger.INFO: Producto incluido: Película 0 {"producto":1,"titulo":"Película 0","precio":2.5} []
[2026-01-04T18:48:12.513564+00:00] VideoclubLogger.INFO: Producto incluido: Película 1 {"producto":2,"titulo":"Película 1","precio":3.0} []
[2026-01-04T18:48:12.513632+00:00] VideoclubLogger.INFO: Producto incluido: Película 2 {"producto":3,"titulo":"Película 2","precio":3.5} []
[2026-01-04T18:48:12.513691+00:00] VideoclubLogger.INFO: Producto incluido: Película 3 {"producto":4,"titulo":"Película 3","precio":4.0} []
[2026-01-04T18:48:12.513746+00:00] VideoclubLogger.INFO: Producto incluido: Película 4 {"producto":5,"titulo":"Película 4","precio":4.5} []
[2026-01-04T18:48:12.513806+00:00] VideoclubLogger.INFO: Producto incluido: Película 5 {"producto":6,"titulo":"Película 5","precio":5.0} []
[2026-01-04T18:48:12.513861+00:00] VideoclubLogger.INFO: Producto incluido: Película 6 {"producto":7,"titulo":"Película 6","precio":5.5} []
[2026-01-04T18:48:12.513915+00:00] VideoclubLogger.INFO: Producto incluido: Película 7 {"producto":8,"titulo":"Película 7","precio":6.0} []
[2026-01-04T18:48:12.513969+00:00] VideoclubLogger.INFO: Producto incluido: Película 8 {"producto":9,"titulo":"Película 8","precio":6.5} []
[2026-01-04T18:48:12.514023+00:00] VideoclubLogger.INFO: Producto incluido: Película 9 {"producto":10,"titulo":"Película 9","precio":7.0} []
[2026-01-04T18:48:12.514341+00:00] VideoclubLogger.INFO: Producto incluido: Película 0 {"producto":1,"titulo":"Película 0","precio":2.5} []
[2026-01-04T18:48:12.514524+00:00] VideoclubLogger.INFO: Producto incluido: Película 1 {"producto":2,"titulo":"Película 1","precio":3.0} []
[2026-01-04T18:48:12.514589+00:00] VideoclubLogger.INFO: Producto incluido: Película 2 {"producto":3,"titulo":"Película 2","precio":3.5} []
[2026-01-04T18:48:12.514646+00:00] VideoclubLogger.INFO: Producto incluido: Película 3 {"producto":4,"titulo":"Película 3","precio":4.0} []
[2026-01-04T18:48:12.514700+00:00] VideoclubLogger.INFO: Producto incluido: Película 4 {"producto":5,"titulo":"Película 4","precio":4.5} []
[2026-01-04T18:48:12.514755+00:00] VideoclubLogger.INFO: Producto incluido: Película 5 {"producto":6,"titulo":"Película 5","precio":5.0} []
[2026-01-04T18:48:12.514808+00:00] VideoclubLogger.INFO: Producto incluido: Película 6 {"producto":7,"titulo":"Película 6","precio":5.5} []
[2026-01-04T18:48:12.514861+00:00] VideoclubLogger.INFO: Producto incluido: Película 7 {"producto":8,"titulo":"Película 7","precio":6.0} []
[2026-01-04T18:48:12.514913+00:00] VideoclubLogger.INFO: Producto incluido: Película 8 {"producto":9,"titulo":"Película 8","precio":6.5} []
[2026-01-04T18:48:12.514966+00:00] VideoclubLogger.INFO: Producto incluido: Película 9 {"producto":10,"titulo":"Película 9","precio":7.0} []
[2026-01-04T18:48:12.515018+00:00] VideoclubLogger.INFO: Producto incluido: Película 10 {"producto":11,"titulo":"Película 10","precio":7.5} []
[2026-01-04T18:48:12.515071+00:00] VideoclubLogger.INFO: Producto incluido: Película 11 {"producto":12,"titulo":"Película 11","precio":8.0} []
[2026-01-04T18:48:12.515124+00:00] VideoclubLogger.INFO: Producto incluido: Película 12 {"producto":13,"titulo":"Película 12","precio":8.5} []
[2026-01-04T18:48:12.515176+00:00] VideoclubLogger.INFO: Producto incluido: Película 13 {"producto":14,"titulo":"Película 13","precio":9.0} []
[2026-01-04T18:48:12.515229+00:00] VideoclubLogger.INFO: Producto incluido: Película 14 {"producto":15,"titulo":"Película 14","precio":9.5} []
[2026-01-04T18:48:12.515555+00:00] VideoclubLogger.INFO: Producto incluido: Película 0 {"producto":1,"titulo":"Película 0","precio":2.5} []
[2026-01-04T18:48:12.515717+00:00] VideoclubLogger.INFO: Producto incluido: Película 1 {"producto":2,"titulo":"Película 1","precio":3.0} []
[2026-01-04T18:48:12.515780+00:00] VideoclubLogger.INFO: Producto incluido: Película 2 {"producto":3,"titulo":"Película 2","precio":3.5} []
[2026-01-04T18:48:12.515837+00:00] VideoclubLogger.INFO: Producto incluido: Película 3 {"producto":4,"titulo":"Película 3","precio":4.0} []
[2026-01-04T18:48:12.515891+00:00] VideoclubLogger.INFO: Producto incluido: Película 4 {"producto":5,"titulo":"Película 4","precio":4.5} []
[2026-01-04T18:48:12.515944+00:00] VideoclubLogger.INFO: Producto incluido: Película 5 {"producto":6,"titulo":"Película 5","precio":5.0} []
[2026-01-04T18:48:12.515997+00:00] VideoclubLogger.INFO: Producto incluido: Película 6 {"producto":7,"titulo":"Película 6","precio":5.5} []
[2026-01-04T18:48:12.516050+00:00] VideoclubLogger.INFO: Producto incluido: Película 7 {"producto":8,"titulo":"Película 7","precio":6.0} []
[2026-01-04T18:48:12.516102+00:00] VideoclubLogger.INFO: Producto incluido: Película 8 {"producto":9,"titulo":"Película 8","precio":6.5} []
[2026-01-04T18:48:12.516155+00:00] VideoclubLogger.INFO: Producto incluido: Película 9 {"producto":10,"titulo":"Película 9","precio":7.0} []
[2026-01-04T18:48:12.516208+00:00] VideoclubLogger.INFO: Producto incluido: Película 10 {"producto":11,"titulo":"Película 10","precio":7.5} []
[2026-01-04T18:48:12.516261+00:00] VideoclubLogger.INFO: Producto incluido: Película 11 {"producto":12,"titulo":"Película 11","precio":8.0} []
[2026-01-04T18:48:12.516314+00:00] VideoclubLogger.INFO: Producto incluido: Película 12 {"producto":13,"titulo":"Película 12","precio":8.5} []
[2026-01-04T18:48:12.516367+00:00] VideoclubLogger.INFO: Producto incluido: Película 13 {"producto":14,"titulo":"Película 13","precio":9.0} []
[2026-01-04T18:48:12.516433+00:00] VideoclubLogger.INFO: Producto incluido: Película 14 {"producto":15,"titulo":"Película 14","precio":9.5} []
[2026-01-04T18:48:12.516487+00:00] VideoclubLogger.INFO: Producto incluido: Película 15 {"producto":16,"titulo":"Película 15","precio":10.0} []
[2026-01-04T18:48:12.516540+00:00] VideoclubLogger.INFO: Producto incluido: Película 16 {"producto":17,"titulo":"Película 16","precio":10.5} []
[2026-01-04T18:48:12.516593+00:00] VideoclubLogger.INFO: Producto incluido: Película 17 {"producto":18,"titulo":"Película 17","precio":11.0} []
[2026-01-04T18:48:12.516646+00:00] VideoclubLogger.INFO: Producto incluido: Película 18 {"producto":19,"titulo":"Película 18","precio":11.5} []
[2026-01-04T18:48:12.516699+00:00] VideoclubLogger.INFO: Producto incluido: Película 19 {"producto":20,"titulo":"Película 19","precio":12.0} []
[2026-01-04T18:48:12.517021+00:00] VideoclubLogger.INFO: Producto incluido: Avatar {"producto":1,"titulo":"Avatar","precio":3.5} []
[2026-01-04T18:48:12.517180+00:00] VideoclubLogger.WARNING: Socio no encontrado {"cliente":999} []
[2026-01-04T18:48:12.517375+00:00] VideoclubLogger.INFO: Error cliente no encontrado al alquilar {"cliente":999,"error":"Socio con número 999 no encontrado."} []
[2026-01-04T18:48:12.517663+00:00] VideoclubLogger.INFO: Producto incluido: Elden Ring {"producto":1,"titulo":"Elden Ring","precio":59.99} []
[2026-01-04T18:48:12.517824+00:00] VideoclubLogger.INFO: Producto incluido: God of War {"producto":2,"titulo":"God of War","precio":49.99} []
[2026-01-04T18:48:12.518112+00:00] VideoclubLogger.INFO: Socio incluido: Juan {"cliente":1,"nombre":"Juan","username":"juan"} []
[2026-01-04T18:48:12.518286+00:00] VideoclubLogger.INFO: Socio incluido: Maria {"cliente":2,"nombre":"Maria","username":"maria"} []
[2026-01-04T18:48:12.518570+00:00] VideoclubLogger.INFO: Producto incluido: Avatar {"producto":1,"titulo":"Avatar","precio":3.5} []
[2026-01-04T18:48:12.518726+00:00] VideoclubLogger.INFO: Producto incluido: Titanic {"producto":2,"titulo":"Titanic","precio":2.5} []
[2026-01-04T18:48:12.519030+00:00] VideoclubLogger.INFO: Producto incluido: Avatar {"producto":1,"titulo":"Avatar","precio":3.5} []
[2026-01-04T18:48:12.519186+00:00] VideoclubLogger.INFO: Producto incluido: Titanic {"producto":2,"titulo":"Titanic","precio":2.5} []
[2026-01-04T18:48:12.519251+00:00] VideoclubLogger.INFO: Producto incluido: Jaws {"producto":3,"titulo":"Jaws","precio":2.0} []
[2026-01-04T18:48:12.519327+00:00] VideoclubLogger.INFO: Socio incluido: Juan {"cliente":1,"nombre":"Juan","username":""} []
[2026-01-04T18:48:12.519417+00:00] VideoclubLogger.INFO: Socio incluido: Maria {"cliente":2,"nombre":"Maria","username":""} []
[2026-01-04T18:48:12.519485+00:00] VideoclubLogger.INFO: Soporte no alquilado: Avatar {"soporte":1} []
[2026-01-04T18:48:12.519632+00:00] VideoclubLogger.INFO: Alquiler realizado {"cliente":2,"producto":1,"titulo":"Avatar"} []
[2026-01-04T18:48:12.519695+00:00] VideoclubLogger.WARNING: Intento de alquiler de soporte ya alquilado {"soporte":1,"titulo":"Avatar","cliente":1} []
[2026-01-04T18:48:12.519880+00:00] VideoclubLogger.WARNING: Soporte ya alquilado al intentar alquilar varios {"soportes":[1,2,3],"cliente":1,"error":"El soporte Avatar ya está alquilado."} []
[2026-01-04T18:48:12.520171+00:00] VideoclubLogger.INFO: Socio incluido: Test {"cliente":1,"nombre":"Test","username":""} []
[2026-01-04T18:48:12.520547+00:00] VideoclubLogger.INFO: Producto incluido: Avatar {"producto":1,"titulo":"Avatar","precio":3.5} []
[2026-01-04T18:48:12.520724+00:00] VideoclubLogger.INFO: Socio incluido: Juan {"cliente":1,"nombre":"Juan","username":""} []
[2026-01-04T18:48:12.520788+00:00] VideoclubLogger.INFO: Soporte no alquilado: Avatar {"soporte":1} []
[2026-01-04T18:48:12.520932+00:00] VideoclubLogger.INFO: Alquiler realizado {"cliente":1,"producto":1,"titulo":"Avatar"} []
[2026-01-04T18:48:12.521001+00:00] VideoclubLogger.INFO: Devolución realizada {"cliente":1,"producto":1,"titulo":"Avatar"} []
[2026-01-04T18:48:12.521274+00:00] VideoclubLogger.INFO: Socio incluido: Juan {"cliente":1,"nombre":"Juan","username":""} []
[2026-01-04T18:48:12.521438+00:00] VideoclubLogger.WARNING: Producto no encontrado {"producto":999} []
[2026-01-04T18:48:12.521656+00:00] VideoclubLogger.INFO: Error soporte no encontrado al alquilar {"soporte":999,"error":"Producto con número 999 no encontrado."} []
[2026-01-04T18:48:12.523093+00:00] VideoclubLogger.INFO: Soporte no alquilado: Avatar {"soporte":1} []
[2026-01-04T18:48:12.523255+00:00] VideoclubLogger.INFO: Soporte ya alquilado: Avatar {"soporte":1} []
[2026-01-04T18:48:12.523584+00:00] VideoclubLogger.INFO: Soporte no alquilado: Película 0 {"soporte":100} []
[2026-01-04T18:48:12.523983+00:00] VideoclubLogger.INFO: Soporte no alquilado: Película 0 {"soporte":100} []
[2026-01-04T18:48:12.524136+00:00] VideoclubLogger.INFO: Soporte no alquilado: Película 1 {"soporte":101} []
[2026-01-04T18:48:12.524444+00:00] VideoclubLogger.INFO: Soporte no alquilado: Película 0 {"soporte":100} []
[2026-01-04T18:48:12.524598+00:00] VideoclubLogger.INFO: Soporte no alquilado: Película 1 {"soporte":101} []
[2026-01-04T18:48:12.524658+00:00] VideoclubLogger.INFO: Soporte no alquilado: Película 2 {"soporte":102} []
[2026-01-04T18:48:12.524947+00:00] VideoclubLogger.INFO: Soporte no alquilado: Película 0 {"soporte":100} []
[2026-01-04T18:48:12.525100+00:00] VideoclubLogger.INFO: Soporte no alquilado: Película 1 {"soporte":101} []
[2026-01-04T18:48:12.525159+00:00] VideoclubLogger.INFO: Soporte no alquilado: Película 2 {"soporte":102} []
[2026-01-04T18:48:12.525212+00:00] VideoclubLogger.INFO: Soporte no alquilado: Película 3 {"soporte":103} []
[2026-01-04T18:48:12.525262+00:00] VideoclubLogger.INFO: Soporte no alquilado: Película 4 {"soporte":104} []
[2026-01-04T18:48:12.525572+00:00] VideoclubLogger.INFO: Soporte no alquilado: Película 0 {"soporte":100} []
[2026-01-04T18:48:12.525722+00:00] VideoclubLogger.INFO: Soporte no alquilado: Película 1 {"soporte":101} []
[2026-01-04T18:48:12.525812+00:00] VideoclubLogger.INFO: Soporte no alquilado: Película 2 {"soporte":102} []
[2026-01-04T18:48:12.525869+00:00] VideoclubLogger.INFO: Soporte no alquilado: Película 3 {"soporte":103} []
[2026-01-04T18:48:12.525921+00:00] VideoclubLogger.INFO: Soporte no alquilado: Película 4 {"soporte":104} []
[2026-01-04T18:48:12.525971+00:00] VideoclubLogger.INFO: Soporte no alquilado: Película 5 {"soporte":105} []
[2026-01-04T18:48:12.526020+00:00] VideoclubLogger.INFO: Soporte no alquilado: Película 6 {"soporte":106} []
[2026-01-04T18:48:12.526068+00:00] VideoclubLogger.INFO: Soporte no alquilado: Película 7 {"soporte":107} []
[2026-01-04T18:48:12.526117+00:00] VideoclubLogger.INFO: Soporte no alquilado: Película 8 {"soporte":108} []
[2026-01-04T18:48:12.526166+00:00] VideoclubLogger.INFO: Soporte no alquilado: Película 9 {"soporte":109} []
[2026-01-04T18:48:12.526550+00:00] VideoclubLogger.INFO: Soporte no alquilado: Película 0 {"soporte":200} []
[2026-01-04T18:48:12.526710+00:00] VideoclubLogger.INFO: Soporte no alquilado: Película Extra 1 {"soporte":301} []
[2026-01-04T18:48:12.526767+00:00] VideoclubLogger.WARNING: Cupo superado al intentar alquilar: max 1 {"cliente":98} []
[2026-01-04T18:48:12.527824+00:00] VideoclubLogger.INFO: Soporte no alquilado: Película 0 {"soporte":200} []
[2026-01-04T18:48:12.527981+00:00] VideoclubLogger.INFO: Soporte no alquilado: Película 1 {"soporte":201} []
[2026-01-04T18:48:12.528047+00:00] VideoclubLogger.INFO: Soporte no alquilado: Película Extra 2 {"soporte":302} []
[2026-01-04T18:48:12.528099+00:00] VideoclubLogger.WARNING: Cupo superado al intentar alquilar: max 2 {"cliente":98} []
[2026-01-04T18:48:12.528574+00:00] VideoclubLogger.INFO: Soporte no alquilado: Película 0 {"soporte":200} []
[2026-01-04T18:48:12.528728+00:00] VideoclubLogger.INFO: Soporte no alquilado: Película 1 {"soporte":201} []
[2026-01-04T18:48:12.528789+00:00] VideoclubLogger.INFO: Soporte no alquilado: Película 2 {"soporte":202} []
[2026-01-04T18:48:12.528847+00:00] VideoclubLogger.INFO: Soporte no alquilado: Película Extra 3 {"soporte":303} []
[2026-01-04T18:48:12.528895+00:00] VideoclubLogger.WARNING: Cupo superado al intentar alquilar: max 3 {"cliente":98} []
[2026-01-04T18:48:12.529448+00:00] VideoclubLogger.INFO: Soporte no alquilado: Avatar {"soporte":50} []
[2026-01-04T18:48:12.529610+00:00] VideoclubLogger.INFO: Soporte ya alquilado: Avatar {"soporte":50} []
[2026-01-04T18:48:12.529947+00:00] VideoclubLogger.INFO: Soporte no alquilado: Inception {"soporte":51} []
[2026-01-04T18:48:12.530103+00:00] VideoclubLogger.INFO: Soporte ya alquilado: Inception {"soporte":51} []
[2026-01-04T18:48:12.530416+00:00] VideoclubLogger.INFO: Soporte no alquilado: Elden Ring {"soporte":52} []
[2026-01-04T18:48:12.530572+00:00] VideoclubLogger.INFO: Soporte ya alquilado: Elden Ring {"soporte":52} []
[2026-01-04T18:48:12.531136+00:00] VideoclubLogger.INFO: Soporte no alquilado: Avatar {"soporte":1} []
[2026-01-04T18:48:12.531513+00:00] VideoclubLogger.INFO: Soporte no alquilado: Avatar {"soporte":1} []
[2026-01-04T18:48:12.531894+00:00] VideoclubLogger.INFO: Soporte no alquilado: Avatar {"soporte":1} []
[2026-01-04T18:48:12.532047+00:00] VideoclubLogger.INFO: Soporte ya alquilado: Avatar {"soporte":1} []
[2026-01-04T18:48:12.532106+00:00] VideoclubLogger.WARNING: Intento de alquiler de soporte ya alquilado: Avatar {"soporte":1,"cliente":1} []
[2026-01-04T18:48:12.532761+00:00] VideoclubLogger.INFO: Soporte no alquilado: Avatar {"soporte":1} []
[2026-01-04T18:48:12.532919+00:00] VideoclubLogger.INFO: Soporte no alquilado: Inception {"soporte":4} []
[2026-01-04T18:48:12.532982+00:00] VideoclubLogger.INFO: Soporte no alquilado: Elden Ring {"soporte":7} []
[2026-01-04T18:48:12.533033+00:00] VideoclubLogger.WARNING: Cupo superado al intentar alquilar: max 2 {"cliente":1} []
[2026-01-04T18:48:12.533490+00:00] VideoclubLogger.INFO: Soporte no alquilado: Avatar {"soporte":1} []
[2026-01-04T18:48:12.533653+00:00] VideoclubLogger.INFO: Soporte no alquilado: Avatar {"soporte":1} []
[2026-01-04T18:48:12.534058+00:00] VideoclubLogger.WARNING: Intento de devolver soporte no alquilado: 1 {"cliente":1} []
[2026-01-04T18:48:12.534622+00:00] VideoclubLogger.INFO: Soporte no alquilado: Avatar {"soporte":1} []
[2026-01-04T18:48:12.534777+00:00] VideoclubLogger.WARNING: Intento de devolver soporte no alquilado: 999 {"cliente":1} []
[2026-01-04T18:48:12.535221+00:00] VideoclubLogger.INFO: Soporte no alquilado: Avatar {"soporte":1} []
[2026-01-04T18:48:12.535373+00:00] VideoclubLogger.INFO: Soporte no alquilado: Inception {"soporte":4} []
[2026-01-04T18:48:12.535445+00:00] VideoclubLogger.INFO: Soporte no alquilado: Elden Ring {"soporte":7} []
[2026-01-04T18:48:12.535508+00:00] VideoclubLogger.INFO: Soporte no alquilado: Avatar {"soporte":1} []
[2026-01-04T18:48:12.535567+00:00] VideoclubLogger.INFO: Soporte no alquilado: Inception {"soporte":4} []
[2026-01-04T18:48:12.535619+00:00] VideoclubLogger.INFO: Soporte no alquilado: Titanic {"soporte":2} []
[2026-01-04T18:48:12.535668+00:00] VideoclubLogger.INFO: Soporte no alquilado: Interstellar {"soporte":5} []
[2026-01-04T18:48:12.536142+00:00] VideoclubLogger.INFO: Soporte no alquilado: Avatar {"soporte":1} []
[2026-01-04T18:48:12.536593+00:00] VideoclubLogger.INFO: Soporte no alquilado: Avatar {"soporte":1} []
[2026-01-04T18:48:12.536747+00:00] VideoclubLogger.INFO: Soporte ya alquilado: Avatar {"soporte":1} []
[2026-01-04T18:48:12.536809+00:00] VideoclubLogger.INFO: Soporte no alquilado: Avatar {"soporte":1} []
[2026-01-04T18:53:16.213948+00:00] VideoclubLogger.INFO: Socio incluido: Cliente {"cliente":1,"nombre":"Cliente","username":""} []
[2026-01-04T18:53:16.215244+00:00] VideoclubLogger.INFO: Producto incluido: Elden Ring {"producto":1,"titulo":"Elden Ring","precio":59.99} []
[2026-01-04T18:53:16.215366+00:00] VideoclubLogger.INFO: Soporte no alquilado: Elden Ring {"soporte":1} []
[2026-01-04T18:53:16.215557+00:00] VideoclubLogger.INFO: Alquiler realizado {"cliente":1,"producto":1,"titulo":"Elden Ring"} []
[2026-01-04T18:53:16.398246+00:00] VideoclubLogger.INFO: Socio incluido: Cliente {"cliente":1,"nombre":"Cliente","username":""} []
[2026-01-04T18:53:16.398524+00:00] VideoclubLogger.INFO: Producto incluido: Inception {"producto":1,"titulo":"Inception","precio":4.5} []
[2026-01-04T18:53:16.398664+00:00] VideoclubLogger.INFO: Soporte no alquilado: Inception {"soporte":1} []
[2026-01-04T18:53:16.398861+00:00] VideoclubLogger.INFO: Alquiler realizado {"cliente":1,"producto":1,"titulo":"Inception"} []
[2026-01-04T18:53:16.400398+00:00] VideoclubLogger.INFO: Socio incluido: Cliente {"cliente":1,"nombre":"Cliente","username":""} []
[2026-01-04T18:53:16.400651+00:00] VideoclubLogger.INFO: Producto incluido: Avatar {"producto":1,"titulo":"Avatar","precio":3.5} []
[2026-01-04T18:53:16.400773+00:00] VideoclubLogger.INFO: Soporte no alquilado: Avatar {"soporte":1} []
[2026-01-04T18:53:16.400960+00:00] VideoclubLogger.INFO: Alquiler realizado {"cliente":1,"producto":1,"titulo":"Avatar"} []
[2026-01-04T18:53:16.401075+00:00] VideoclubLogger.INFO: Producto incluido: Inception {"producto":2,"titulo":"Inception","precio":4.5} []
[2026-01-04T18:53:16.401175+00:00] VideoclubLogger.INFO: Soporte no alquilado: Inception {"soporte":2} []
[2026-01-04T18:53:16.401252+00:00] VideoclubLogger.INFO: Alquiler realizado {"cliente":1,"producto":2,"titulo":"Inception"} []
[2026-01-04T18:53:16.402764+00:00] VideoclubLogger.INFO: Socio incluido: Cliente {"cliente":1,"nombre":"Cliente","username":""} []
[2026-01-04T18:53:16.403016+00:00] VideoclubLogger.INFO: Producto incluido: Avatar {"producto":1,"titulo":"Avatar","precio":3.5} []
[2026-01-04T18:53:16.403138+00:00] VideoclubLogger.INFO: Soporte no alquilado: Avatar {"soporte":1} []
[2026-01-04T18:53:16.403324+00:00] VideoclubLogger.INFO: Alquiler realizado {"cliente":1,"producto":1,"titulo":"Avatar"} []
[2026-01-04T18:53:16.404806+00:00] VideoclubLogger.INFO: Producto incluido: Avatar {"producto":1,"titulo":"Avatar","precio":3.5} []
[2026-01-04T18:53:16.405036+00:00] VideoclubLogger.INFO: Producto incluido: Inception {"producto":2,"titulo":"Inception","precio":4.5} []
[2026-01-04T18:53:16.405186+00:00] VideoclubLogger.INFO: Producto incluido: Elden Ring {"producto":3,"titulo":"Elden Ring","precio":59.99} []
[2026-01-04T18:53:16.405320+00:00] VideoclubLogger.INFO: Socio incluido: Juan {"cliente":1,"nombre":"Juan","username":""} []
[2026-01-04T18:53:16.405459+00:00] VideoclubLogger.INFO: Soporte no alquilado: Avatar {"soporte":1} []
[2026-01-04T18:53:16.405651+00:00] VideoclubLogger.INFO: Soporte no alquilado: Inception {"soporte":2} []
[2026-01-04T18:53:16.405742+00:00] VideoclubLogger.INFO: Soporte no alquilado: Elden Ring {"soporte":3} []
[2026-01-04T18:53:16.405825+00:00] VideoclubLogger.INFO: Alquileres realizados {"cliente":1,"cantidad":3,"productos":[1,2,3]} []
[2026-01-04T18:53:16.406265+00:00] VideoclubLogger.INFO: Soporte ya alquilado: Avatar {"soporte":1} []
[2026-01-04T18:53:16.406367+00:00] VideoclubLogger.INFO: Soporte ya alquilado: Inception {"soporte":2} []
[2026-01-04T18:53:16.406471+00:00] VideoclubLogger.INFO: Devoluciones realizadas {"cliente":1,"cantidad":2,"productos":[1,2]} []
[2026-01-04T18:53:16.406593+00:00] VideoclubLogger.INFO: Soporte no alquilado: Avatar {"soporte":1} []
[2026-01-04T18:53:16.406673+00:00] VideoclubLogger.INFO: Alquiler realizado {"cliente":1,"producto":1,"titulo":"Avatar"} []
[2026-01-04T18:53:16.406775+00:00] VideoclubLogger.INFO: Soporte ya alquilado: Avatar {"soporte":1} []
[2026-01-04T18:53:16.406857+00:00] VideoclubLogger.INFO: Soporte ya alquilado: Elden Ring {"soporte":3} []
[2026-01-04T18:53:16.406947+00:00] VideoclubLogger.INFO: Devoluciones realizadas {"cliente":1,"cantidad":2,"productos":[1,3]} []
[2026-01-04T18:53:16.408381+00:00] VideoclubLogger.INFO: Producto incluido: Avatar {"producto":1,"titulo":"Avatar","precio":3.5} []
[2026-01-04T18:53:16.408607+00:00] VideoclubLogger.INFO: Producto incluido: Titanic {"producto":2,"titulo":"Titanic","precio":2.5} []
[2026-01-04T18:53:16.408718+00:00] VideoclubLogger.INFO: Producto incluido: Jaws {"producto":3,"titulo":"Jaws","precio":2.0} []
[2026-01-04T18:53:16.408845+00:00] VideoclubLogger.INFO: Socio incluido: Juan {"cliente":1,"nombre":"Juan","username":""} []
[2026-01-04T18:53:16.408981+00:00] VideoclubLogger.INFO: Soporte no alquilado: Avatar {"soporte":1} []
[2026-01-04T18:53:16.409167+00:00] VideoclubLogger.INFO: Soporte no alquilado: Titanic {"soporte":2} []
[2026-01-04T18:53:16.409258+00:00] VideoclubLogger.INFO: Soporte no alquilado: Jaws {"soporte":3} []
[2026-01-04T18:53:16.409338+00:00] VideoclubLogger.INFO: Alquileres realizados {"cliente":1,"cantidad":3,"productos":[1,2,3]} []
[2026-01-04T18:53:16.410697+00:00] VideoclubLogger.INFO: Producto incluido: Avatar {"producto":1,"titulo":"Avatar","precio":3.5} []
[2026-01-04T18:53:16.410908+00:00] VideoclubLogger.INFO: Producto incluido: Titanic {"producto":2,"titulo":"Titanic","precio":2.5} []
[2026-01-04T18:53:16.411010+00:00] VideoclubLogger.INFO: Producto incluido: Jaws {"producto":3,"titulo":"Jaws","precio":2.0} []
[2026-01-04T18:53:16.411134+00:00] VideoclubLogger.INFO: Socio incluido: Juan {"cliente":1,"nombre":"Juan","username":""} []
[2026-01-04T18:53:16.411259+00:00] VideoclubLogger.INFO: Soporte no alquilado: Avatar {"soporte":1} []
[2026-01-04T18:53:16.411442+00:00] VideoclubLogger.INFO: Soporte no alquilado: Titanic {"soporte":2} []
[2026-01-04T18:53:16.411528+00:00] VideoclubLogger.INFO: Alquileres realizados {"cliente":1,"cantidad":2,"productos":[1,2]} []
[2026-01-04T18:53:16.411688+00:00] VideoclubLogger.INFO: Soporte ya alquilado: Avatar {"soporte":1} []
[2026-01-04T18:53:16.411777+00:00] VideoclubLogger.INFO: Soporte ya alquilado: Titanic {"soporte":2} []
[2026-01-04T18:53:16.411861+00:00] VideoclubLogger.INFO: Soporte no alquilado: Jaws {"soporte":3} []
[2026-01-04T18:53:16.411935+00:00] VideoclubLogger.WARNING: Intento de devolver soporte no alquilado por socio {"producto":3,"titulo":"Jaws","cliente":1} []
[2026-01-04T18:53:16.412429+00:00] VideoclubLogger.WARNING: Error soporte no encontrado al devolver varios {"soportes":[1,2,3],"cliente":1,"error":"El soporte Jaws no está alquilado por este socio."} []
[2026-01-04T18:53:16.417188+00:00] VideoclubLogger.INFO: Producto incluido: Avatar {"producto":1,"titulo":"Avatar","precio":3.5} []
[2026-01-04T18:53:16.417408+00:00] VideoclubLogger.INFO: Producto incluido: Titanic {"producto":2,"titulo":"Titanic","precio":2.5} []
[2026-01-04T18:53:16.417514+00:00] VideoclubLogger.INFO: Producto incluido: Jaws {"producto":3,"titulo":"Jaws","precio":2.0} []
[2026-01-04T18:53:16.417655+00:00] VideoclubLogger.INFO: Socio incluido: Juan {"cliente":1,"nombre":"Juan","username":""} []
[2026-01-04T18:53:16.417794+00:00] VideoclubLogger.INFO: Soporte no alquilado: Avatar {"soporte":1} []
[2026-01-04T18:53:16.417984+00:00] VideoclubLogger.INFO: Soporte no alquilado: Titanic {"soporte":2} []
[2026-01-04T18:53:16.418073+00:00] VideoclubLogger.INFO: Soporte no alquilado: Jaws {"soporte":3} []
[2026-01-04T18:53:16.418152+00:00] VideoclubLogger.INFO: Alquileres realizados {"cliente":1,"cantidad":3,"productos":[1,2,3]} []
[2026-01-04T18:53:16.418277+00:00] VideoclubLogger.INFO: Soporte ya alquilado: Avatar {"soporte":1} []
[2026-01-04T18:53:16.418360+00:00] VideoclubLogger.INFO: Soporte ya alquilado: Titanic {"soporte":2} []
[2026-01-04T18:53:16.418452+00:00] VideoclubLogger.INFO: Devoluciones realizadas {"cliente":1,"cantidad":2,"productos":[1,2]} []
[2026-01-04T18:53:16.419812+00:00] VideoclubLogger.INFO: Producto incluido: Avatar {"producto":1,"titulo":"Avatar","precio":3.5} []
[2026-01-04T18:53:16.420019+00:00] VideoclubLogger.INFO: Producto incluido: Titanic {"producto":2,"titulo":"Titanic","precio":2.5} []
[2026-01-04T18:53:16.420122+00:00] VideoclubLogger.INFO: Producto incluido: Jaws {"producto":3,"titulo":"Jaws","precio":2.0} []
[2026-01-04T18:53:16.420216+00:00] VideoclubLogger.INFO: Producto incluido: The Ring {"producto":4,"titulo":"The Ring","precio":1.5} []
[2026-01-04T18:53:16.420340+00:00] VideoclubLogger.INFO: Socio incluido: Juan {"cliente":1,"nombre":"Juan","username":""} []
[2026-01-04T18:53:16.420467+00:00] VideoclubLogger.WARNING: Cupo superado al intentar alquilar varios productos {"cliente":1,"intentados":3,"maximo":2} []
[2026-01-04T18:53:16.420847+00:00] VideoclubLogger.WARNING: Cupo superado al alquilar varios productos {"cliente":1,"cantidad_solicitada":3,"error":"No se pueden alquilar todos los productos: se superaría el máximo de alquileres."} []
[2026-01-04T18:53:16.423973+00:00] VideoclubLogger.INFO: Producto incluido: Avatar {"producto":1,"titulo":"Avatar","precio":3.5} []
[2026-01-04T18:53:16.424220+00:00] VideoclubLogger.INFO: Socio incluido: Juan {"cliente":1,"nombre":"Juan","username":""} []
[2026-01-04T18:53:16.424339+00:00] VideoclubLogger.INFO: Soporte no alquilado: Avatar {"soporte":1} []
[2026-01-04T18:53:16.424521+00:00] VideoclubLogger.INFO: Alquiler realizado {"cliente":1,"producto":1,"titulo":"Avatar"} []
[2026-01-04T18:53:16.425926+00:00] VideoclubLogger.INFO: Socio incluido: Socio 0 {"cliente":1,"nombre":"Socio 0","username":"user0"} []
[2026-01-04T18:53:16.426152+00:00] VideoclubLogger.INFO: Socio incluido: Socio 1 {"cliente":2,"nombre":"Socio 1","username":"user1"} []
[2026-01-04T18:53:16.426272+00:00] VideoclubLogger.INFO: Socio incluido: Socio 2 {"cliente":3,"nombre":"Socio 2","username":"user2"} []
[2026-01-04T18:53:16.428417+00:00] VideoclubLogger.INFO: Socio incluido: Socio 0 {"cliente":1,"nombre":"Socio 0","username":"user0"} []
[2026-01-04T18:53:16.428768+00:00] VideoclubLogger.INFO: Socio incluido: Socio 1 {"cliente":2,"nombre":"Socio 1","username":"user1"} []
[2026-01-04T18:53:16.428965+00:00] VideoclubLogger.INFO: Socio incluido: Socio 2 {"cliente":3,"nombre":"Socio 2","username":"user2"} []
[2026-01-04T18:53:16.429157+00:00] VideoclubLogger.INFO: Socio incluido: Socio 3 {"cliente":4,"nombre":"Socio 3","username":"user3"} []
[2026-01-04T18:53:16.429334+00:00] VideoclubLogger.INFO: Socio incluido: Socio 4 {"cliente":5,"nombre":"Socio 4","username":"user4"} []
[2026-01-04T18:53:16.430612+00:00] VideoclubLogger.INFO: Socio incluido: Socio 0 {"cliente":1,"nombre":"Socio 0","username":"user0"} []
[2026-01-04T18:53:16.430843+00:00] VideoclubLogger.INFO: Socio incluido: Socio 1 {"cliente":2,"nombre":"Socio 1","username":"user1"} []
[2026-01-04T18:53:16.431001+00:00] VideoclubLogger.INFO: Socio incluido: Socio 2 {"cliente":3,"nombre":"Socio 2","username":"user2"} []
[2026-01-04T18:53:16.431116+00:00] VideoclubLogger.INFO: Socio incluido: Socio 3 {"cliente":4,"nombre":"Socio 3","username":"user3"} []
[2026-01-04T18:53:16.431224+00:00] VideoclubLogger.INFO: Socio incluido: Socio 4 {"cliente":5,"nombre":"Socio 4","username":"user4"} []
[2026-01-04T18:53:16.431330+00:00] VideoclubLogger.INFO: Socio incluido: Socio 5 {"cliente":6,"nombre":"Socio 5","username":"user5"} []
[2026-01-04T18:53:16.431434+00:00] VideoclubLogger.INFO: Socio incluido: Socio 6 {"cliente":7,"nombre":"Socio 6","username":"user6"} []
[2026-01-04T18:53:16.431538+00:00] VideoclubLogger.INFO: Socio incluido: Socio 7 {"cliente":8,"nombre":"Socio 7","username":"user7"} []
[2026-01-04T18:53:16.431648+00:00] VideoclubLogger.INFO: Socio incluido: Socio 8 {"cliente":9,"nombre":"Socio 8","username":"user8"} []
[2026-01-04T18:53:16.431752+00:00] VideoclubLogger.INFO: Socio incluido: Socio 9 {"cliente":10,"nombre":"Socio 9","username":"user9"} []
[2026-01-04T18:53:16.433088+00:00] VideoclubLogger.INFO: Producto incluido: Avatar {"producto":1,"titulo":"Avatar","precio":3.5} []
[2026-01-04T18:53:16.433306+00:00] VideoclubLogger.WARNING: Socio no encontrado {"cliente":999} []
[2026-01-04T18:53:16.433618+00:00] VideoclubLogger.INFO: Error cliente no encontrado al devolver {"cliente":999,"error":"Socio con número 999 no encontrado."} []
[2026-01-04T18:53:16.436496+00:00] VideoclubLogger.INFO: Producto incluido: Avatar {"producto":1,"titulo":"Avatar","precio":3.5} []
[2026-01-04T18:53:16.436717+00:00] VideoclubLogger.WARNING: Socio no encontrado {"cliente":999} []
[2026-01-04T18:53:16.436808+00:00] VideoclubLogger.INFO: Error cliente no encontrado al alquilar {"cliente":999,"error":"Socio con número 999 no encontrado."} []
[2026-01-04T18:53:16.438072+00:00] VideoclubLogger.INFO: Producto incluido: Avatar {"producto":1,"titulo":"Avatar","precio":3.5} []
[2026-01-04T18:53:16.438281+00:00] VideoclubLogger.INFO: Producto incluido: Titanic {"producto":2,"titulo":"Titanic","precio":2.5} []
[2026-01-04T18:53:16.438384+00:00] VideoclubLogger.INFO: Producto incluido: Jaws {"producto":3,"titulo":"Jaws","precio":2.0} []
[2026-01-04T18:53:16.438510+00:00] VideoclubLogger.INFO: Socio incluido: Juan {"cliente":1,"nombre":"Juan","username":""} []
[2026-01-04T18:53:16.438630+00:00] VideoclubLogger.INFO: Socio incluido: Maria {"cliente":2,"nombre":"Maria","username":""} []
[2026-01-04T18:53:16.438742+00:00] VideoclubLogger.INFO: Soporte no alquilado: Avatar {"soporte":1} []
[2026-01-04T18:53:16.438934+00:00] VideoclubLogger.INFO: Alquiler realizado {"cliente":2,"producto":1,"titulo":"Avatar"} []
[2026-01-04T18:53:16.439057+00:00] VideoclubLogger.WARNING: Intento de alquiler de soporte ya alquilado {"soporte":1,"titulo":"Avatar","cliente":1} []
[2026-01-04T18:53:16.439364+00:00] VideoclubLogger.WARNING: Soporte ya alquilado al intentar alquilar varios {"soportes":[1,2,3],"cliente":1,"error":"El soporte Avatar ya está alquilado."} []
[2026-01-04T18:53:16.443025+00:00] VideoclubLogger.INFO: Producto incluido: Avatar {"producto":1,"titulo":"Avatar","precio":3.5} []
[2026-01-04T18:53:16.443378+00:00] VideoclubLogger.INFO: Socio incluido: Juan {"cliente":1,"nombre":"Juan","username":""} []
[2026-01-04T18:53:16.443551+00:00] VideoclubLogger.INFO: Soporte no alquilado: Avatar {"soporte":1} []
[2026-01-04T18:53:16.443851+00:00] VideoclubLogger.INFO: Alquiler realizado {"cliente":1,"producto":1,"titulo":"Avatar"} []
[2026-01-04T18:53:16.444035+00:00] VideoclubLogger.INFO: Devolución realizada {"cliente":1,"producto":1,"titulo":"Avatar"} []
[2026-01-04T18:53:16.446084+00:00] VideoclubLogger.INFO: Socio incluido: Juan {"cliente":1,"nombre":"Juan","username":""} []
[2026-01-04T18:53:16.446330+00:00] VideoclubLogger.INFO: Socio incluido: Maria {"cliente":2,"nombre":"Maria","username":""} []
[2026-01-04T18:53:16.447610+00:00] VideoclubLogger.INFO: Producto incluido: Inception {"producto":1,"titulo":"Inception","precio":4.5} []
[2026-01-04T18:53:16.447856+00:00] VideoclubLogger.INFO: Producto incluido: The Matrix {"producto":2,"titulo":"The Matrix","precio":3.0} []
[2026-01-04T18:53:16.449175+00:00] VideoclubLogger.INFO: Producto incluido: Película 0 {"producto":1,"titulo":"Película 0","precio":2.5} []
[2026-01-04T18:53:16.449386+00:00] VideoclubLogger.INFO: Producto incluido: Película 1 {"producto":2,"titulo":"Película 1","precio":3.0} []
[2026-01-04T18:53:16.449491+00:00] VideoclubLogger.INFO: Producto incluido: Película 2 {"producto":3,"titulo":"Película 2","precio":3.5} []
[2026-01-04T18:53:16.449594+00:00] VideoclubLogger.INFO: Producto incluido: Película 3 {"producto":4,"titulo":"Película 3","precio":4.0} []
[2026-01-04T18:53:16.449688+00:00] VideoclubLogger.INFO: Producto incluido: Película 4 {"producto":5,"titulo":"Película 4","precio":4.5} []
[2026-01-04T18:53:16.450939+00:00] VideoclubLogger.INFO: Producto incluido: Película 0 {"producto":1,"titulo":"Película 0","precio":2.5} []
[2026-01-04T18:53:16.451162+00:00] VideoclubLogger.INFO: Producto incluido: Película 1 {"producto":2,"titulo":"Película 1","precio":3.0} []
[2026-01-04T18:53:16.451267+00:00] VideoclubLogger.INFO: Producto incluido: Película 2 {"producto":3,"titulo":"Película 2","precio":3.5} []
[2026-01-04T18:53:16.451363+00:00] VideoclubLogger.INFO: Producto incluido: Película 3 {"producto":4,"titulo":"Película 3","precio":4.0} []
[2026-01-04T18:53:16.451456+00:00] VideoclubLogger.INFO: Producto incluido: Película 4 {"producto":5,"titulo":"Película 4","precio":4.5} []
[2026-01-04T18:53:16.451550+00:00] VideoclubLogger.INFO: Producto incluido: Película 5 {"producto":6,"titulo":"Película 5","precio":5.0} []
[2026-01-04T18:53:16.451648+00:00] VideoclubLogger.INFO: Producto incluido: Película 6 {"producto":7,"titulo":"Película 6","precio":5.5} []
[2026-01-04T18:53:16.451740+00:00] VideoclubLogger.INFO: Producto incluido: Película 7 {"producto":8,"titulo":"Película 7","precio":6.0} []
[2026-01-04T18:53:16.451831+00:00] VideoclubLogger.INFO: Producto incluido: Película 8 {"producto":9,"titulo":"Película 8","precio":6.5} []
[2026-01-04T18:53:16.451932+00:00] VideoclubLogger.INFO: Producto incluido: Película 9 {"producto":10,"titulo":"Película 9","precio":7.0} []
[2026-01-04T18:53:16.453157+00:00] VideoclubLogger.INFO: Producto incluido: Película 0 {"producto":1,"titulo":"Película 0","precio":2.5} []
[2026-01-04T18:53:16.453367+00:00] VideoclubLogger.INFO: Producto incluido: Película 1 {"producto":2,"titulo":"Película 1","precio":3.0} []
[2026-01-04T18:53:16.453473+00:00] VideoclubLogger.INFO: Producto incluido: Película 2 {"producto":3,"titulo":"Película 2","precio":3.5} []
[2026-01-04T18:53:16.453573+00:00] VideoclubLogger.INFO: Producto incluido: Película 3 {"producto":4,"titulo":"Película 3","precio":4.0} []
[2026-01-04T18:53:16.453670+00:00] VideoclubLogger.INFO: Producto incluido: Película 4 {"producto":5,"titulo":"Película 4","precio":4.5} []
[2026-01-04T18:53:16.453764+00:00] VideoclubLogger.INFO: Producto incluido: Película 5 {"producto":6,"titulo":"Película 5","precio":5.0} []
[2026-01-04T18:53:16.453856+00:00] VideoclubLogger.INFO: Producto incluido: Película 6 {"producto":7,"titulo":"Película 6","precio":5.5} []
[2026-01-04T18:53:16.453949+00:00] VideoclubLogger.INFO: Producto incluido: Película 7 {"producto":8,"titulo":"Película 7","precio":6.0} []
[2026-01-04T18:53:16.454039+00:00] VideoclubLogger.INFO: Producto incluido: Película 8 {"producto":9,"titulo":"Película 8","precio":6.5} []
[2026-01-04T18:53:16.454130+00:00] VideoclubLogger.INFO: Producto incluido: Película 9 {"producto":10,"titulo":"Película 9","precio":7.0} []
[2026-01-04T18:53:16.454219+00:00] VideoclubLogger.INFO: Producto incluido: Película 10 {"producto":11,"titulo":"Película 10","precio":7.5} []
[2026-01-04T18:53:16.454308+00:00] VideoclubLogger.INFO: Producto incluido: Película 11 {"producto":12,"titulo":"Película 11","precio":8.0} []
[2026-01-04T18:53:16.454397+00:00] VideoclubLogger.INFO: Producto incluido: Película 12 {"producto":13,"titulo":"Película 12","precio":8.5} []
[2026-01-04T18:53:16.454523+00:00] VideoclubLogger.INFO: Producto incluido: Película 13 {"producto":14,"titulo":"Película 13","precio":9.0} []
[2026-01-04T18:53:16.454623+00:00] VideoclubLogger.INFO: Producto incluido: Película 14 {"producto":15,"titulo":"Película 14","precio":9.5} []
[2026-01-04T18:53:16.455856+00:00] VideoclubLogger.INFO: Producto incluido: Película 0 {"producto":1,"titulo":"Película 0","precio":2.5} []
[2026-01-04T18:53:16.456065+00:00] VideoclubLogger.INFO: Producto incluido: Película 1 {"producto":2,"titulo":"Película 1","precio":3.0} []
[2026-01-04T18:53:16.456169+00:00] VideoclubLogger.INFO: Producto incluido: Película 2 {"producto":3,"titulo":"Película 2","precio":3.5} []
[2026-01-04T18:53:16.456266+00:00] VideoclubLogger.INFO: Producto incluido: Película 3 {"producto":4,"titulo":"Película 3","precio":4.0} []
[2026-01-04T18:53:16.456358+00:00] VideoclubLogger.INFO: Producto incluido: Película 4 {"producto":5,"titulo":"Película 4","precio":4.5} []
[2026-01-04T18:53:16.456448+00:00] VideoclubLogger.INFO: Producto incluido: Película 5 {"producto":6,"titulo":"Película 5","precio":5.0} []
[2026-01-04T18:53:16.456536+00:00] VideoclubLogger.INFO: Producto incluido: Película 6 {"producto":7,"titulo":"Película 6","precio":5.5} []
[2026-01-04T18:53:16.456631+00:00] VideoclubLogger.INFO: Producto incluido: Película 7 {"producto":8,"titulo":"Película 7","precio":6.0} []
[2026-01-04T18:53:16.456720+00:00] VideoclubLogger.INFO: Producto incluido: Película 8 {"producto":9,"titulo":"Película 8","precio":6.5} []
[2026-01-04T18:53:16.456809+00:00] VideoclubLogger.INFO: Producto incluido: Película 9 {"producto":10,"titulo":"Película 9","precio":7.0} []
[2026-01-04T18:53:16.456898+00:00] VideoclubLogger.INFO: Producto incluido: Película 10 {"producto":11,"titulo":"Película 10","precio":7.5} []
[2026-01-04T18:53:16.456987+00:00] VideoclubLogger.INFO: Producto incluido: Película 11 {"producto":12,"titulo":"Película 11","precio":8.0} []
[2026-01-04T18:53:16.457077+00:00] VideoclubLogger.INFO: Producto incluido: Película 12 {"producto":13,"titulo":"Película 12","precio":8.5} []
[2026-01-04T18:53:16.457180+00:00] VideoclubLogger.INFO: Producto incluido: Película 13 {"producto":14,"titulo":"Película 13","precio":9.0} []
[2026-01-04T18:53:16.457270+00:00] VideoclubLogger.INFO: Producto incluido: Película 14 {"producto":15,"titulo":"Película 14","precio":9.5} []
[2026-01-04T18:53:16.457360+00:00] VideoclubLogger.INFO: Producto incluido: Película 15 {"producto":16,"titulo":"Película 15","precio":10.0} []
[2026-01-04T18:53:16.457450+00:00] VideoclubLogger.INFO: Producto incluido: Película 16 {"producto":17,"titulo":"Película 16","precio":10.5} []
[2026-01-04T18:53:16.457539+00:00] VideoclubLogger.INFO: Producto incluido: Película 17 {"producto":18,"titulo":"Película 17","precio":11.0} []
[2026-01-04T18:53:16.457660+00:00] VideoclubLogger.INFO: Producto incluido: Película 18 {"producto":19,"titulo":"Película 18","precio":11.5} []
[2026-01-04T18:53:16.457749+00:00] VideoclubLogger.INFO: Producto incluido: Película 19 {"producto":20,"titulo":"Película 19","precio":12.0} []
[2026-01-04T18:53:16.459055+00:00] VideoclubLogger.INFO: Producto incluido: Avatar {"producto":1,"titulo":"Avatar","precio":3.5} []
[2026-01-04T18:53:16.459259+00:00] VideoclubLogger.WARNING: Socio no encontrado {"cliente":999} []
[2026-01-04T18:53:16.459349+00:00] VideoclubLogger.INFO: Error cliente no encontrado al alquilar {"cliente":999,"error":"Socio con número 999 no encontrado."} []
[2026-01-04T18:53:16.460615+00:00] VideoclubLogger.INFO: Producto incluido: Elden Ring {"producto":1,"titulo":"Elden Ring","precio":59.99} []
[2026-01-04T18:53:16.460826+00:00] VideoclubLogger.INFO: Producto incluido: God of War {"producto":2,"titulo":"God of War","precio":49.99} []
[2026-01-04T18:53:16.462078+00:00] VideoclubLogger.INFO: Socio incluido: Juan {"cliente":1,"nombre":"Juan","username":"juan"} []
[2026-01-04T18:53:16.462340+00:00] VideoclubLogger.INFO: Socio incluido: Maria {"cliente":2,"nombre":"Maria","username":"maria"} []
[2026-01-04T18:53:16.463686+00:00] VideoclubLogger.INFO: Producto incluido: Avatar {"producto":1,"titulo":"Avatar","precio":3.5} []
[2026-01-04T18:53:16.463912+00:00] VideoclubLogger.INFO: Producto incluido: Titanic {"producto":2,"titulo":"Titanic","precio":2.5} []
[2026-01-04T18:53:16.465168+00:00] VideoclubLogger.INFO: Producto incluido: Avatar {"producto":1,"titulo":"Avatar","precio":3.5} []
[2026-01-04T18:53:16.465378+00:00] VideoclubLogger.INFO: Producto incluido: Titanic {"producto":2,"titulo":"Titanic","precio":2.5} []
[2026-01-04T18:53:16.465481+00:00] VideoclubLogger.INFO: Producto incluido: Jaws {"producto":3,"titulo":"Jaws","precio":2.0} []
[2026-01-04T18:53:16.465615+00:00] VideoclubLogger.INFO: Socio incluido: Juan {"cliente":1,"nombre":"Juan","username":""} []
[2026-01-04T18:53:16.465728+00:00] VideoclubLogger.INFO: Socio incluido: Maria {"cliente":2,"nombre":"Maria","username":""} []
[2026-01-04T18:53:16.465838+00:00] VideoclubLogger.INFO: Soporte no alquilado: Avatar {"soporte":1} []
[2026-01-04T18:53:16.466023+00:00] VideoclubLogger.INFO: Alquiler realizado {"cliente":2,"producto":1,"titulo":"Avatar"} []
[2026-01-04T18:53:16.466132+00:00] VideoclubLogger.WARNING: Intento de alquiler de soporte ya alquilado {"soporte":1,"titulo":"Avatar","cliente":1} []
[2026-01-04T18:53:16.466223+00:00] VideoclubLogger.WARNING: Soporte ya alquilado al intentar alquilar varios {"soportes":[1,2,3],"cliente":1,"error":"El soporte Avatar ya está alquilado."} []
[2026-01-04T18:53:16.467592+00:00] VideoclubLogger.INFO: Socio incluido: Test {"cliente":1,"nombre":"Test","username":""} []
[2026-01-04T18:53:16.468895+00:00] VideoclubLogger.INFO: Producto incluido: Avatar {"producto":1,"titulo":"Avatar","precio":3.5} []
[2026-01-04T18:53:16.469131+00:00] VideoclubLogger.INFO: Socio incluido: Juan {"cliente":1,"nombre":"Juan","username":""} []
[2026-01-04T18:53:16.469257+00:00] VideoclubLogger.INFO: Soporte no alquilado: Avatar {"soporte":1} []
[2026-01-04T18:53:16.469446+00:00] VideoclubLogger.INFO: Alquiler realizado {"cliente":1,"producto":1,"titulo":"Avatar"} []
[2026-01-04T18:53:16.469592+00:00] VideoclubLogger.INFO: Devolución realizada {"cliente":1,"producto":1,"titulo":"Avatar"} []
[2026-01-04T18:53:16.470926+00:00] VideoclubLogger.INFO: Socio incluido: Juan {"cliente":1,"nombre":"Juan","username":""} []
[2026-01-04T18:53:16.471132+00:00] VideoclubLogger.WARNING: Producto no encontrado {"producto":999} []
[2026-01-04T18:53:16.471222+00:00] VideoclubLogger.INFO: Error soporte no encontrado al alquilar {"soporte":999,"error":"Producto con número 999 no encontrado."} []
[2026-01-04T18:53:16.475524+00:00] VideoclubLogger.INFO: Soporte no alquilado: Avatar {"soporte":1} []
[2026-01-04T18:53:16.475747+00:00] VideoclubLogger.INFO: Soporte ya alquilado: Avatar {"soporte":1} []
[2026-01-04T18:53:16.477134+00:00] VideoclubLogger.INFO: Soporte no alquilado: Película 0 {"soporte":100} []
[2026-01-04T18:53:16.478603+00:00] VideoclubLogger.INFO: Soporte no alquilado: Película 0 {"soporte":100} []
[2026-01-04T18:53:16.478804+00:00] VideoclubLogger.INFO: Soporte no alquilado: Película 1 {"soporte":101} []
[2026-01-04T18:53:16.480158+00:00] VideoclubLogger.INFO: Soporte no alquilado: Película 0 {"soporte":100} []
[2026-01-04T18:53:16.480361+00:00] VideoclubLogger.INFO: Soporte no alquilado: Película 1 {"soporte":101} []
[2026-01-04T18:53:16.480460+00:00] VideoclubLogger.INFO: Soporte no alquilado: Película 2 {"soporte":102} []
[2026-01-04T18:53:16.481828+00:00] VideoclubLogger.INFO: Soporte no alquilado: Película 0 {"soporte":100} []
[2026-01-04T18:53:16.482032+00:00] VideoclubLogger.INFO: Soporte no alquilado: Película 1 {"soporte":101} []
[2026-01-04T18:53:16.482131+00:00] VideoclubLogger.INFO: Soporte no alquilado: Película 2 {"soporte":102} []
[2026-01-04T18:53:16.482223+00:00] VideoclubLogger.INFO: Soporte no alquilado: Película 3 {"soporte":103} []
[2026-01-04T18:53:16.482313+00:00] VideoclubLogger.INFO: Soporte no alquilado: Película 4 {"soporte":104} []
[2026-01-04T18:53:16.483726+00:00] VideoclubLogger.INFO: Soporte no alquilado: Película 0 {"soporte":100} []
[2026-01-04T18:53:16.483931+00:00] VideoclubLogger.INFO: Soporte no alquilado: Película 1 {"soporte":101} []
[2026-01-04T18:53:16.484029+00:00] VideoclubLogger.INFO: Soporte no alquilado: Película 2 {"soporte":102} []
[2026-01-04T18:53:16.484119+00:00] VideoclubLogger.INFO: Soporte no alquilado: Película 3 {"soporte":103} []
[2026-01-04T18:53:16.484208+00:00] VideoclubLogger.INFO: Soporte no alquilado: Película 4 {"soporte":104} []
[2026-01-04T18:53:16.484297+00:00] VideoclubLogger.INFO: Soporte no alquilado: Película 5 {"soporte":105} []
[2026-01-04T18:53:16.484386+00:00] VideoclubLogger.INFO: Soporte no alquilado: Película 6 {"soporte":106} []
[2026-01-04T18:53:16.484476+00:00] VideoclubLogger.INFO: Soporte no alquilado: Película 7 {"soporte":107} []
[2026-01-04T18:53:16.484563+00:00] VideoclubLogger.INFO: Soporte no alquilado: Película 8 {"soporte":108} []
[2026-01-04T18:53:16.484655+00:00] VideoclubLogger.INFO: Soporte no alquilado: Película 9 {"soporte":109} []
[2026-01-04T18:53:16.486123+00:00] VideoclubLogger.INFO: Soporte no alquilado: Película 0 {"soporte":200} []
[2026-01-04T18:53:16.486352+00:00] VideoclubLogger.INFO: Soporte no alquilado: Película Extra 1 {"soporte":301} []
[2026-01-04T18:53:16.486436+00:00] VideoclubLogger.WARNING: Cupo superado al intentar alquilar: max 1 {"cliente":98} []
[2026-01-04T18:53:16.488442+00:00] VideoclubLogger.INFO: Soporte no alquilado: Película 0 {"soporte":200} []
[2026-01-04T18:53:16.488652+00:00] VideoclubLogger.INFO: Soporte no alquilado: Película 1 {"soporte":201} []
[2026-01-04T18:53:16.488780+00:00] VideoclubLogger.INFO: Soporte no alquilado: Película Extra 2 {"soporte":302} []
[2026-01-04T18:53:16.488856+00:00] VideoclubLogger.WARNING: Cupo superado al intentar alquilar: max 2 {"cliente":98} []
[2026-01-04T18:53:16.490197+00:00] VideoclubLogger.INFO: Soporte no alquilado: Película 0 {"soporte":200} []
[2026-01-04T18:53:16.490402+00:00] VideoclubLogger.INFO: Soporte no alquilado: Película 1 {"soporte":201} []
[2026-01-04T18:53:16.490502+00:00] VideoclubLogger.INFO: Soporte no alquilado: Película 2 {"soporte":202} []
[2026-01-04T18:53:16.490632+00:00] VideoclubLogger.INFO: Soporte no alquilado: Película Extra 3 {"soporte":303} []
[2026-01-04T18:53:16.490709+00:00] VideoclubLogger.WARNING: Cupo superado al intentar alquilar: max 3 {"cliente":98} []
[2026-01-04T18:53:16.492192+00:00] VideoclubLogger.INFO: Soporte no alquilado: Avatar {"soporte":50} []
[2026-01-04T18:53:16.492405+00:00] VideoclubLogger.INFO: Soporte ya alquilado: Avatar {"soporte":50} []
[2026-01-04T18:53:16.493799+00:00] VideoclubLogger.INFO: Soporte no alquilado: Inception {"soporte":51} []
[2026-01-04T18:53:16.494014+00:00] VideoclubLogger.INFO: Soporte ya alquilado: Inception {"soporte":51} []
[2026-01-04T18:53:16.495343+00:00] VideoclubLogger.INFO: Soporte no alquilado: Elden Ring {"soporte":52} []
[2026-01-04T18:53:16.495554+00:00] VideoclubLogger.INFO: Soporte ya alquilado: Elden Ring {"soporte":52} []
[2026-01-04T18:53:16.498200+00:00] VideoclubLogger.INFO: Soporte no alquilado: Avatar {"soporte":1} []
[2026-01-04T18:53:16.499629+00:00] VideoclubLogger.INFO: Soporte no alquilado: Avatar {"soporte":1} []
[2026-01-04T18:53:16.501078+00:00] VideoclubLogger.INFO: Soporte no alquilado: Avatar {"soporte":1} []
[2026-01-04T18:53:16.501284+00:00] VideoclubLogger.INFO: Soporte ya alquilado: Avatar {"soporte":1} []
[2026-01-04T18:53:16.501373+00:00] VideoclubLogger.WARNING: Intento de alquiler de soporte ya alquilado: Avatar {"soporte":1,"cliente":1} []
[2026-01-04T18:53:16.502950+00:00] VideoclubLogger.INFO: Soporte no alquilado: Avatar {"soporte":1} []
[2026-01-04T18:53:16.503149+00:00] VideoclubLogger.INFO: Soporte no alquilado: Inception {"soporte":4} []
[2026-01-04T18:53:16.503254+00:00] VideoclubLogger.INFO: Soporte no alquilado: Elden Ring {"soporte":7} []
[2026-01-04T18:53:16.503332+00:00] VideoclubLogger.WARNING: Cupo superado al intentar alquilar: max 2 {"cliente":1} []
[2026-01-04T18:53:16.504704+00:00] VideoclubLogger.INFO: Soporte no alquilado: Avatar {"soporte":1} []
[2026-01-04T18:53:16.504940+00:00] VideoclubLogger.INFO: Soporte no alquilado: Avatar {"soporte":1} []
[2026-01-04T18:53:16.506760+00:00] VideoclubLogger.WARNING: Intento de devolver soporte no alquilado: 1 {"cliente":1} []
[2026-01-04T18:53:16.508405+00:00] VideoclubLogger.INFO: Soporte no alquilado: Avatar {"soporte":1} []
[2026-01-04T18:53:16.508627+00:00] VideoclubLogger.WARNING: Intento de devolver soporte no alquilado: 999 {"cliente":1} []
[2026-01-04T18:53:16.510153+00:00] VideoclubLogger.INFO: Soporte no alquilado: Avatar {"soporte":1} []
[2026-01-04T18:53:16.510374+00:00] VideoclubLogger.INFO: Soporte no alquilado: Inception {"soporte":4} []
[2026-01-04T18:53:16.510467+00:00] VideoclubLogger.INFO: Soporte no alquilado: Elden Ring {"soporte":7} []
[2026-01-04T18:53:16.510609+00:00] VideoclubLogger.INFO: Soporte no alquilado: Avatar {"soporte":1} []
[2026-01-04T18:53:16.510721+00:00] VideoclubLogger.INFO: Soporte no alquilado: Inception {"soporte":4} []
[2026-01-04T18:53:16.510809+00:00] VideoclubLogger.INFO: Soporte no alquilado: Titanic {"soporte":2} []
[2026-01-04T18:53:16.510890+00:00] VideoclubLogger.INFO: Soporte no alquilado: Interstellar {"soporte":5} []
[2026-01-04T18:53:16.512513+00:00] VideoclubLogger.INFO: Soporte no alquilado: Avatar {"soporte":1} []
[2026-01-04T18:53:16.514107+00:00] VideoclubLogger.INFO: Soporte no alquilado: Avatar {"soporte":1} []
[2026-01-04T18:53:16.514305+00:00] VideoclubLogger.INFO: Soporte ya alquilado: Avatar {"soporte":1} []
[2026-01-04T18:53:16.514413+00:00] VideoclubLogger.INFO: Soporte no alquilado: Avatar {"soporte":1} []
[2026-01-04T19:06:33.878720+00:00] VideoclubLogger.INFO: Socio incluido: Cliente {"cliente":1,"nombre":"Cliente","username":""} []
[2026-01-04T19:06:33.879986+00:00] VideoclubLogger.INFO: Producto incluido: Avatar {"producto":1,"titulo":"Avatar","precio":3.5} []
[2026-01-04T19:06:33.880119+00:00] VideoclubLogger.INFO: Soporte no alquilado: Avatar {"soporte":1} []
[2026-01-04T19:06:33.880311+00:00] VideoclubLogger.INFO: Alquiler realizado {"cliente":1,"producto":1,"titulo":"Avatar"} []
[2026-01-04T19:06:33.921106+00:00] VideoclubLogger.INFO: Socio incluido: Cliente {"cliente":1,"nombre":"Cliente","username":""} []
[2026-01-04T19:06:33.921445+00:00] VideoclubLogger.INFO: Producto incluido: Inception {"producto":1,"titulo":"Inception","precio":4.5} []
[2026-01-04T19:06:33.921604+00:00] VideoclubLogger.INFO: Soporte no alquilado: Inception {"soporte":1} []
[2026-01-04T19:06:33.921830+00:00] VideoclubLogger.INFO: Alquiler realizado {"cliente":1,"producto":1,"titulo":"Inception"} []
[2026-01-04T19:06:33.923892+00:00] VideoclubLogger.INFO: Socio incluido: Cliente {"cliente":1,"nombre":"Cliente","username":""} []
[2026-01-04T19:06:33.924308+00:00] VideoclubLogger.INFO: Producto incluido: Avatar {"producto":1,"titulo":"Avatar","precio":3.5} []
[2026-01-04T19:06:33.924431+00:00] VideoclubLogger.INFO: Soporte no alquilado: Avatar {"soporte":1} []
[2026-01-04T19:06:33.924621+00:00] VideoclubLogger.INFO: Alquiler realizado {"cliente":1,"producto":1,"titulo":"Avatar"} []
[2026-01-04T19:06:33.924736+00:00] VideoclubLogger.INFO: Producto incluido: Inception {"producto":2,"titulo":"Inception","precio":4.5} []
[2026-01-04T19:06:33.924835+00:00] VideoclubLogger.INFO: Soporte no alquilado: Inception {"soporte":2} []
[2026-01-04T19:06:33.924913+00:00] VideoclubLogger.INFO: Alquiler realizado {"cliente":1,"producto":2,"titulo":"Inception"} []
[2026-01-04T19:06:33.926386+00:00] VideoclubLogger.INFO: Socio incluido: Cliente {"cliente":1,"nombre":"Cliente","username":""} []
[2026-01-04T19:06:33.926653+00:00] VideoclubLogger.INFO: Producto incluido: Elden Ring {"producto":1,"titulo":"Elden Ring","precio":59.99} []
[2026-01-04T19:06:33.926776+00:00] VideoclubLogger.INFO: Soporte no alquilado: Elden Ring {"soporte":1} []
[2026-01-04T19:06:33.926966+00:00] VideoclubLogger.INFO: Alquiler realizado {"cliente":1,"producto":1,"titulo":"Elden Ring"} []
[2026-01-04T19:06:33.928473+00:00] VideoclubLogger.INFO: Producto incluido: Avatar {"producto":1,"titulo":"Avatar","precio":3.5} []
[2026-01-04T19:06:33.928696+00:00] VideoclubLogger.INFO: Producto incluido: Titanic {"producto":2,"titulo":"Titanic","precio":2.5} []
[2026-01-04T19:06:33.928801+00:00] VideoclubLogger.INFO: Producto incluido: Jaws {"producto":3,"titulo":"Jaws","precio":2.0} []
[2026-01-04T19:06:33.928896+00:00] VideoclubLogger.INFO: Producto incluido: The Ring {"producto":4,"titulo":"The Ring","precio":1.5} []
[2026-01-04T19:06:33.929138+00:00] VideoclubLogger.INFO: Socio incluido: Juan {"cliente":1,"nombre":"Juan","username":""} []
[2026-01-04T19:06:33.929282+00:00] VideoclubLogger.WARNING: Cupo superado al intentar alquilar varios productos {"cliente":1,"intentados":3,"maximo":2} []
[2026-01-04T19:06:33.929955+00:00] VideoclubLogger.WARNING: Cupo superado al alquilar varios productos {"cliente":1,"cantidad_solicitada":3,"error":"No se pueden alquilar todos los productos: se superaría el máximo de alquileres."} []
[2026-01-04T19:06:33.932553+00:00] VideoclubLogger.INFO: Producto incluido: Avatar {"producto":1,"titulo":"Avatar","precio":3.5} []
[2026-01-04T19:06:33.932780+00:00] VideoclubLogger.INFO: Producto incluido: Titanic {"producto":2,"titulo":"Titanic","precio":2.5} []
[2026-01-04T19:06:33.932890+00:00] VideoclubLogger.INFO: Producto incluido: Jaws {"producto":3,"titulo":"Jaws","precio":2.0} []
[2026-01-04T19:06:33.933024+00:00] VideoclubLogger.INFO: Socio incluido: Juan {"cliente":1,"nombre":"Juan","username":""} []
[2026-01-04T19:06:33.933179+00:00] VideoclubLogger.INFO: Soporte no alquilado: Avatar {"soporte":1} []
[2026-01-04T19:06:33.933374+00:00] VideoclubLogger.INFO: Soporte no alquilado: Titanic {"soporte":2} []
[2026-01-04T19:06:33.933467+00:00] VideoclubLogger.INFO: Soporte no alquilado: Jaws {"soporte":3} []
[2026-01-04T19:06:33.933547+00:00] VideoclubLogger.INFO: Alquileres realizados {"cliente":1,"cantidad":3,"productos":[1,2,3]} []
[2026-01-04T19:06:33.934946+00:00] VideoclubLogger.INFO: Producto incluido: Avatar {"producto":1,"titulo":"Avatar","precio":3.5} []
[2026-01-04T19:06:33.935173+00:00] VideoclubLogger.INFO: Producto incluido: Titanic {"producto":2,"titulo":"Titanic","precio":2.5} []
[2026-01-04T19:06:33.935281+00:00] VideoclubLogger.INFO: Producto incluido: Jaws {"producto":3,"titulo":"Jaws","precio":2.0} []
[2026-01-04T19:06:33.935414+00:00] VideoclubLogger.INFO: Socio incluido: Juan {"cliente":1,"nombre":"Juan","username":""} []
[2026-01-04T19:06:33.935544+00:00] VideoclubLogger.INFO: Soporte no alquilado: Avatar {"soporte":1} []
[2026-01-04T19:06:33.935732+00:00] VideoclubLogger.INFO: Soporte no alquilado: Titanic {"soporte":2} []
[2026-01-04T19:06:33.935820+00:00] VideoclubLogger.INFO: Alquileres realizados {"cliente":1,"cantidad":2,"productos":[1,2]} []
[2026-01-04T19:06:33.935952+00:00] VideoclubLogger.INFO: Soporte ya alquilado: Avatar {"soporte":1} []
[2026-01-04T19:06:33.936042+00:00] VideoclubLogger.INFO: Soporte ya alquilado: Titanic {"soporte":2} []
[2026-01-04T19:06:33.936144+00:00] VideoclubLogger.INFO: Soporte no alquilado: Jaws {"soporte":3} []
[2026-01-04T19:06:33.936221+00:00] VideoclubLogger.WARNING: Intento de devolver soporte no alquilado por socio {"producto":3,"titulo":"Jaws","cliente":1} []
[2026-01-04T19:06:33.936573+00:00] VideoclubLogger.WARNING: Error soporte no encontrado al devolver varios {"soportes":[1,2,3],"cliente":1,"error":"El soporte Jaws no está alquilado por este socio."} []
[2026-01-04T19:06:33.938495+00:00] VideoclubLogger.INFO: Producto incluido: Avatar {"producto":1,"titulo":"Avatar","precio":3.5} []
[2026-01-04T19:06:33.938712+00:00] VideoclubLogger.INFO: Producto incluido: Titanic {"producto":2,"titulo":"Titanic","precio":2.5} []
[2026-01-04T19:06:33.938819+00:00] VideoclubLogger.INFO: Producto incluido: Jaws {"producto":3,"titulo":"Jaws","precio":2.0} []
[2026-01-04T19:06:33.938950+00:00] VideoclubLogger.INFO: Socio incluido: Juan {"cliente":1,"nombre":"Juan","username":""} []
[2026-01-04T19:06:33.939098+00:00] VideoclubLogger.INFO: Soporte no alquilado: Avatar {"soporte":1} []
[2026-01-04T19:06:33.939323+00:00] VideoclubLogger.INFO: Soporte no alquilado: Titanic {"soporte":2} []
[2026-01-04T19:06:33.939416+00:00] VideoclubLogger.INFO: Soporte no alquilado: Jaws {"soporte":3} []
[2026-01-04T19:06:33.939497+00:00] VideoclubLogger.INFO: Alquileres realizados {"cliente":1,"cantidad":3,"productos":[1,2,3]} []
[2026-01-04T19:06:33.939627+00:00] VideoclubLogger.INFO: Soporte ya alquilado: Avatar {"soporte":1} []
[2026-01-04T19:06:33.939712+00:00] VideoclubLogger.INFO: Soporte ya alquilado: Titanic {"soporte":2} []
[2026-01-04T19:06:33.939810+00:00] VideoclubLogger.INFO: Devoluciones realizadas {"cliente":1,"cantidad":2,"productos":[1,2]} []
[2026-01-04T19:06:33.941228+00:00] VideoclubLogger.INFO: Producto incluido: Avatar {"producto":1,"titulo":"Avatar","precio":3.5} []
[2026-01-04T19:06:33.941465+00:00] VideoclubLogger.INFO: Producto incluido: Inception {"producto":2,"titulo":"Inception","precio":4.5} []
[2026-01-04T19:06:33.941594+00:00] VideoclubLogger.INFO: Producto incluido: Elden Ring {"producto":3,"titulo":"Elden Ring","precio":59.99} []
[2026-01-04T19:06:33.941726+00:00] VideoclubLogger.INFO: Socio incluido: Juan {"cliente":1,"nombre":"Juan","username":""} []
[2026-01-04T19:06:33.941864+00:00] VideoclubLogger.INFO: Soporte no alquilado: Avatar {"soporte":1} []
[2026-01-04T19:06:33.942058+00:00] VideoclubLogger.INFO: Soporte no alquilado: Inception {"soporte":2} []
[2026-01-04T19:06:33.942156+00:00] VideoclubLogger.INFO: Soporte no alquilado: Elden Ring {"soporte":3} []
[2026-01-04T19:06:33.942234+00:00] VideoclubLogger.INFO: Alquileres realizados {"cliente":1,"cantidad":3,"productos":[1,2,3]} []
[2026-01-04T19:06:33.942375+00:00] VideoclubLogger.INFO: Soporte ya alquilado: Avatar {"soporte":1} []
[2026-01-04T19:06:33.942461+00:00] VideoclubLogger.INFO: Soporte ya alquilado: Inception {"soporte":2} []
[2026-01-04T19:06:33.942555+00:00] VideoclubLogger.INFO: Devoluciones realizadas {"cliente":1,"cantidad":2,"productos":[1,2]} []
[2026-01-04T19:06:33.942668+00:00] VideoclubLogger.INFO: Soporte no alquilado: Avatar {"soporte":1} []
[2026-01-04T19:06:33.942745+00:00] VideoclubLogger.INFO: Alquiler realizado {"cliente":1,"producto":1,"titulo":"Avatar"} []
[2026-01-04T19:06:33.942846+00:00] VideoclubLogger.INFO: Soporte ya alquilado: Avatar {"soporte":1} []
[2026-01-04T19:06:33.942931+00:00] VideoclubLogger.INFO: Soporte ya alquilado: Elden Ring {"soporte":3} []
[2026-01-04T19:06:33.943023+00:00] VideoclubLogger.INFO: Devoluciones realizadas {"cliente":1,"cantidad":2,"productos":[1,3]} []
[2026-01-04T19:06:33.944520+00:00] VideoclubLogger.INFO: Producto incluido: Avatar {"producto":1,"titulo":"Avatar","precio":3.5} []
[2026-01-04T19:06:33.944764+00:00] VideoclubLogger.INFO: Socio incluido: Juan {"cliente":1,"nombre":"Juan","username":""} []
[2026-01-04T19:06:33.944880+00:00] VideoclubLogger.INFO: Soporte no alquilado: Avatar {"soporte":1} []
[2026-01-04T19:06:33.945074+00:00] VideoclubLogger.INFO: Alquiler realizado {"cliente":1,"producto":1,"titulo":"Avatar"} []
[2026-01-04T19:06:33.946494+00:00] VideoclubLogger.INFO: Socio incluido: Socio 0 {"cliente":1,"nombre":"Socio 0","username":"user0"} []
[2026-01-04T19:06:33.946721+00:00] VideoclubLogger.INFO: Socio incluido: Socio 1 {"cliente":2,"nombre":"Socio 1","username":"user1"} []
[2026-01-04T19:06:33.946841+00:00] VideoclubLogger.INFO: Socio incluido: Socio 2 {"cliente":3,"nombre":"Socio 2","username":"user2"} []
[2026-01-04T19:06:33.948394+00:00] VideoclubLogger.INFO: Socio incluido: Socio 0 {"cliente":1,"nombre":"Socio 0","username":"user0"} []
[2026-01-04T19:06:33.948625+00:00] VideoclubLogger.INFO: Socio incluido: Socio 1 {"cliente":2,"nombre":"Socio 1","username":"user1"} []
[2026-01-04T19:06:33.948747+00:00] VideoclubLogger.INFO: Socio incluido: Socio 2 {"cliente":3,"nombre":"Socio 2","username":"user2"} []
[2026-01-04T19:06:33.948859+00:00] VideoclubLogger.INFO: Socio incluido: Socio 3 {"cliente":4,"nombre":"Socio 3","username":"user3"} []
[2026-01-04T19:06:33.948967+00:00] VideoclubLogger.INFO: Socio incluido: Socio 4 {"cliente":5,"nombre":"Socio 4","username":"user4"} []
[2026-01-04T19:06:33.950267+00:00] VideoclubLogger.INFO: Socio incluido: Socio 0 {"cliente":1,"nombre":"Socio 0","username":"user0"} []
[2026-01-04T19:06:33.950498+00:00] VideoclubLogger.INFO: Socio incluido: Socio 1 {"cliente":2,"nombre":"Socio 1","username":"user1"} []
[2026-01-04T19:06:33.950618+00:00] VideoclubLogger.INFO: Socio incluido: Socio 2 {"cliente":3,"nombre":"Socio 2","username":"user2"} []
[2026-01-04T19:06:33.950729+00:00] VideoclubLogger.INFO: Socio incluido: Socio 3 {"cliente":4,"nombre":"Socio 3","username":"user3"} []
[2026-01-04T19:06:33.950835+00:00] VideoclubLogger.INFO: Socio incluido: Socio 4 {"cliente":5,"nombre":"Socio 4","username":"user4"} []
[2026-01-04T19:06:33.950940+00:00] VideoclubLogger.INFO: Socio incluido: Socio 5 {"cliente":6,"nombre":"Socio 5","username":"user5"} []
[2026-01-04T19:06:33.951045+00:00] VideoclubLogger.INFO: Socio incluido: Socio 6 {"cliente":7,"nombre":"Socio 6","username":"user6"} []
[2026-01-04T19:06:33.951168+00:00] VideoclubLogger.INFO: Socio incluido: Socio 7 {"cliente":8,"nombre":"Socio 7","username":"user7"} []
[2026-01-04T19:06:33.951275+00:00] VideoclubLogger.INFO: Socio incluido: Socio 8 {"cliente":9,"nombre":"Socio 8","username":"user8"} []
[2026-01-04T19:06:33.951403+00:00] VideoclubLogger.INFO: Socio incluido: Socio 9 {"cliente":10,"nombre":"Socio 9","username":"user9"} []
[2026-01-04T19:06:33.952726+00:00] VideoclubLogger.INFO: Producto incluido: Avatar {"producto":1,"titulo":"Avatar","precio":3.5} []
[2026-01-04T19:06:33.952934+00:00] VideoclubLogger.WARNING: Socio no encontrado {"cliente":999} []
[2026-01-04T19:06:33.953266+00:00] VideoclubLogger.INFO: Error cliente no encontrado al devolver {"cliente":999,"error":"Socio con número 999 no encontrado."} []
[2026-01-04T19:06:33.955012+00:00] VideoclubLogger.INFO: Producto incluido: Avatar {"producto":1,"titulo":"Avatar","precio":3.5} []
[2026-01-04T19:06:33.955236+00:00] VideoclubLogger.WARNING: Socio no encontrado {"cliente":999} []
[2026-01-04T19:06:33.955330+00:00] VideoclubLogger.INFO: Error cliente no encontrado al alquilar {"cliente":999,"error":"Socio con número 999 no encontrado."} []
[2026-01-04T19:06:33.956610+00:00] VideoclubLogger.INFO: Producto incluido: Avatar {"producto":1,"titulo":"Avatar","precio":3.5} []
[2026-01-04T19:06:33.956820+00:00] VideoclubLogger.INFO: Producto incluido: Titanic {"producto":2,"titulo":"Titanic","precio":2.5} []
[2026-01-04T19:06:33.956925+00:00] VideoclubLogger.INFO: Producto incluido: Jaws {"producto":3,"titulo":"Jaws","precio":2.0} []
[2026-01-04T19:06:33.957054+00:00] VideoclubLogger.INFO: Socio incluido: Juan {"cliente":1,"nombre":"Juan","username":""} []
[2026-01-04T19:06:33.957182+00:00] VideoclubLogger.INFO: Socio incluido: Maria {"cliente":2,"nombre":"Maria","username":""} []
[2026-01-04T19:06:33.957293+00:00] VideoclubLogger.INFO: Soporte no alquilado: Avatar {"soporte":1} []
[2026-01-04T19:06:33.957477+00:00] VideoclubLogger.INFO: Alquiler realizado {"cliente":2,"producto":1,"titulo":"Avatar"} []
[2026-01-04T19:06:33.957585+00:00] VideoclubLogger.WARNING: Intento de alquiler de soporte ya alquilado {"soporte":1,"titulo":"Avatar","cliente":1} []
[2026-01-04T19:06:33.957897+00:00] VideoclubLogger.WARNING: Soporte ya alquilado al intentar alquilar varios {"soportes":[1,2,3],"cliente":1,"error":"El soporte Avatar ya está alquilado."} []
[2026-01-04T19:06:33.959900+00:00] VideoclubLogger.INFO: Producto incluido: Avatar {"producto":1,"titulo":"Avatar","precio":3.5} []
[2026-01-04T19:06:33.960156+00:00] VideoclubLogger.INFO: Socio incluido: Juan {"cliente":1,"nombre":"Juan","username":""} []
[2026-01-04T19:06:33.960274+00:00] VideoclubLogger.INFO: Soporte no alquilado: Avatar {"soporte":1} []
[2026-01-04T19:06:33.960462+00:00] VideoclubLogger.INFO: Alquiler realizado {"cliente":1,"producto":1,"titulo":"Avatar"} []
[2026-01-04T19:06:33.960578+00:00] VideoclubLogger.INFO: Devolución realizada {"cliente":1,"producto":1,"titulo":"Avatar"} []
[2026-01-04T19:06:33.962307+00:00] VideoclubLogger.INFO: Socio incluido: Juan {"cliente":1,"nombre":"Juan","username":""} []
[2026-01-04T19:06:33.962552+00:00] VideoclubLogger.INFO: Socio incluido: Maria {"cliente":2,"nombre":"Maria","username":""} []
[2026-01-04T19:06:33.963848+00:00] VideoclubLogger.INFO: Producto incluido: Inception {"producto":1,"titulo":"Inception","precio":4.5} []
[2026-01-04T19:06:33.964072+00:00] VideoclubLogger.INFO: Producto incluido: The Matrix {"producto":2,"titulo":"The Matrix","precio":3.0} []
[2026-01-04T19:06:33.965771+00:00] VideoclubLogger.INFO: Producto incluido: Película 0 {"producto":1,"titulo":"Película 0","precio":2.5} []
[2026-01-04T19:06:33.966008+00:00] VideoclubLogger.INFO: Producto incluido: Película 1 {"producto":2,"titulo":"Película 1","precio":3.0} []
[2026-01-04T19:06:33.966130+00:00] VideoclubLogger.INFO: Producto incluido: Película 2 {"producto":3,"titulo":"Película 2","precio":3.5} []
[2026-01-04T19:06:33.966231+00:00] VideoclubLogger.INFO: Producto incluido: Película 3 {"producto":4,"titulo":"Película 3","precio":4.0} []
[2026-01-04T19:06:33.966326+00:00] VideoclubLogger.INFO: Producto incluido: Película 4 {"producto":5,"titulo":"Película 4","precio":4.5} []
[2026-01-04T19:06:33.967621+00:00] VideoclubLogger.INFO: Producto incluido: Película 0 {"producto":1,"titulo":"Película 0","precio":2.5} []
[2026-01-04T19:06:33.967834+00:00] VideoclubLogger.INFO: Producto incluido: Película 1 {"producto":2,"titulo":"Película 1","precio":3.0} []
[2026-01-04T19:06:33.967940+00:00] VideoclubLogger.INFO: Producto incluido: Película 2 {"producto":3,"titulo":"Película 2","precio":3.5} []
[2026-01-04T19:06:33.968038+00:00] VideoclubLogger.INFO: Producto incluido: Película 3 {"producto":4,"titulo":"Película 3","precio":4.0} []
[2026-01-04T19:06:33.968148+00:00] VideoclubLogger.INFO: Producto incluido: Película 4 {"producto":5,"titulo":"Película 4","precio":4.5} []
[2026-01-04T19:06:33.968243+00:00] VideoclubLogger.INFO: Producto incluido: Película 5 {"producto":6,"titulo":"Película 5","precio":5.0} []
[2026-01-04T19:06:33.968335+00:00] VideoclubLogger.INFO: Producto incluido: Película 6 {"producto":7,"titulo":"Película 6","precio":5.5} []
[2026-01-04T19:06:33.968449+00:00] VideoclubLogger.INFO: Producto incluido: Película 7 {"producto":8,"titulo":"Película 7","precio":6.0} []
[2026-01-04T19:06:33.968550+00:00] VideoclubLogger.INFO: Producto incluido: Película 8 {"producto":9,"titulo":"Película 8","precio":6.5} []
[2026-01-04T19:06:33.968652+00:00] VideoclubLogger.INFO: Producto incluido: Película 9 {"producto":10,"titulo":"Película 9","precio":7.0} []
[2026-01-04T19:06:33.969939+00:00] VideoclubLogger.INFO: Producto incluido: Película 0 {"producto":1,"titulo":"Película 0","precio":2.5} []
[2026-01-04T19:06:33.970177+00:00] VideoclubLogger.INFO: Producto incluido: Película 1 {"producto":2,"titulo":"Película 1","precio":3.0} []
[2026-01-04T19:06:33.970285+00:00] VideoclubLogger.INFO: Producto incluido: Película 2 {"producto":3,"titulo":"Película 2","precio":3.5} []
[2026-01-04T19:06:33.970383+00:00] VideoclubLogger.INFO: Producto incluido: Película 3 {"producto":4,"titulo":"Película 3","precio":4.0} []
[2026-01-04T19:06:33.970476+00:00] VideoclubLogger.INFO: Producto incluido: Película 4 {"producto":5,"titulo":"Película 4","precio":4.5} []
[2026-01-04T19:06:33.970566+00:00] VideoclubLogger.INFO: Producto incluido: Película 5 {"producto":6,"titulo":"Película 5","precio":5.0} []
[2026-01-04T19:06:33.970655+00:00] VideoclubLogger.INFO: Producto incluido: Película 6 {"producto":7,"titulo":"Película 6","precio":5.5} []
[2026-01-04T19:06:33.970745+00:00] VideoclubLogger.INFO: Producto incluido: Película 7 {"producto":8,"titulo":"Película 7","precio":6.0} []
[2026-01-04T19:06:33.970834+00:00] VideoclubLogger.INFO: Producto incluido: Película 8 {"producto":9,"titulo":"Película 8","precio":6.5} []
[2026-01-04T19:06:33.970926+00:00] VideoclubLogger.INFO: Producto incluido: Película 9 {"producto":10,"titulo":"Película 9","precio":7.0} []
[2026-01-04T19:06:33.971022+00:00] VideoclubLogger.INFO: Producto incluido: Película 10 {"producto":11,"titulo":"Película 10","precio":7.5} []
[2026-01-04T19:06:33.971177+00:00] VideoclubLogger.INFO: Producto incluido: Película 11 {"producto":12,"titulo":"Película 11","precio":8.0} []
[2026-01-04T19:06:33.971277+00:00] VideoclubLogger.INFO: Producto incluido: Película 12 {"producto":13,"titulo":"Película 12","precio":8.5} []
[2026-01-04T19:06:33.971371+00:00] VideoclubLogger.INFO: Producto incluido: Película 13 {"producto":14,"titulo":"Película 13","precio":9.0} []
[2026-01-04T19:06:33.971462+00:00] VideoclubLogger.INFO: Producto incluido: Película 14 {"producto":15,"titulo":"Película 14","precio":9.5} []
[2026-01-04T19:06:33.972824+00:00] VideoclubLogger.INFO: Producto incluido: Película 0 {"producto":1,"titulo":"Película 0","precio":2.5} []
[2026-01-04T19:06:33.973042+00:00] VideoclubLogger.INFO: Producto incluido: Película 1 {"producto":2,"titulo":"Película 1","precio":3.0} []
[2026-01-04T19:06:33.973162+00:00] VideoclubLogger.INFO: Producto incluido: Película 2 {"producto":3,"titulo":"Película 2","precio":3.5} []
[2026-01-04T19:06:33.973258+00:00] VideoclubLogger.INFO: Producto incluido: Película 3 {"producto":4,"titulo":"Película 3","precio":4.0} []
[2026-01-04T19:06:33.973350+00:00] VideoclubLogger.INFO: Producto incluido: Película 4 {"producto":5,"titulo":"Película 4","precio":4.5} []
[2026-01-04T19:06:33.973440+00:00] VideoclubLogger.INFO: Producto incluido: Película 5 {"producto":6,"titulo":"Película 5","precio":5.0} []
[2026-01-04T19:06:33.973529+00:00] VideoclubLogger.INFO: Producto incluido: Película 6 {"producto":7,"titulo":"Película 6","precio":5.5} []
[2026-01-04T19:06:33.973619+00:00] VideoclubLogger.INFO: Producto incluido: Película 7 {"producto":8,"titulo":"Película 7","precio":6.0} []
[2026-01-04T19:06:33.973708+00:00] VideoclubLogger.INFO: Producto incluido: Película 8 {"producto":9,"titulo":"Película 8","precio":6.5} []
[2026-01-04T19:06:33.973797+00:00] VideoclubLogger.INFO: Producto incluido: Película 9 {"producto":10,"titulo":"Película 9","precio":7.0} []
[2026-01-04T19:06:33.973886+00:00] VideoclubLogger.INFO: Producto incluido: Película 10 {"producto":11,"titulo":"Película 10","precio":7.5} []
[2026-01-04T19:06:33.973976+00:00] VideoclubLogger.INFO: Producto incluido: Película 11 {"producto":12,"titulo":"Película 11","precio":8.0} []
[2026-01-04T19:06:33.974074+00:00] VideoclubLogger.INFO: Producto incluido: Película 12 {"producto":13,"titulo":"Película 12","precio":8.5} []
[2026-01-04T19:06:33.974173+00:00] VideoclubLogger.INFO: Producto incluido: Película 13 {"producto":14,"titulo":"Película 13","precio":9.0} []
[2026-01-04T19:06:33.974265+00:00] VideoclubLogger.INFO: Producto incluido: Película 14 {"producto":15,"titulo":"Película 14","precio":9.5} []
[2026-01-04T19:06:33.974356+00:00] VideoclubLogger.INFO: Producto incluido: Película 15 {"producto":16,"titulo":"Película 15","precio":10.0} []
[2026-01-04T19:06:33.974447+00:00] VideoclubLogger.INFO: Producto incluido: Película 16 {"producto":17,"titulo":"Película 16","precio":10.5} []
[2026-01-04T19:06:33.974537+00:00] VideoclubLogger.INFO: Producto incluido: Película 17 {"producto":18,"titulo":"Película 17","precio":11.0} []
[2026-01-04T19:06:33.974638+00:00] VideoclubLogger.INFO: Producto incluido: Película 18 {"producto":19,"titulo":"Película 18","precio":11.5} []
[2026-01-04T19:06:33.974728+00:00] VideoclubLogger.INFO: Producto incluido: Película 19 {"producto":20,"titulo":"Película 19","precio":12.0} []
[2026-01-04T19:06:33.976066+00:00] VideoclubLogger.INFO: Producto incluido: Avatar {"producto":1,"titulo":"Avatar","precio":3.5} []
[2026-01-04T19:06:33.976303+00:00] VideoclubLogger.WARNING: Socio no encontrado {"cliente":999} []
[2026-01-04T19:06:33.976395+00:00] VideoclubLogger.INFO: Error cliente no encontrado al alquilar {"cliente":999,"error":"Socio con número 999 no encontrado."} []
[2026-01-04T19:06:33.977701+00:00] VideoclubLogger.INFO: Producto incluido: Elden Ring {"producto":1,"titulo":"Elden Ring","precio":59.99} []
[2026-01-04T19:06:33.977967+00:00] VideoclubLogger.INFO: Producto incluido: God of War {"producto":2,"titulo":"God of War","precio":49.99} []
[2026-01-04T19:06:33.979311+00:00] VideoclubLogger.INFO: Socio incluido: Juan {"cliente":1,"nombre":"Juan","username":"juan"} []
[2026-01-04T19:06:33.979543+00:00] VideoclubLogger.INFO: Socio incluido: Maria {"cliente":2,"nombre":"Maria","username":"maria"} []
[2026-01-04T19:06:33.980823+00:00] VideoclubLogger.INFO: Producto incluido: Avatar {"producto":1,"titulo":"Avatar","precio":3.5} []
[2026-01-04T19:06:33.981030+00:00] VideoclubLogger.INFO: Producto incluido: Titanic {"producto":2,"titulo":"Titanic","precio":2.5} []
[2026-01-04T19:06:33.982307+00:00] VideoclubLogger.INFO: Producto incluido: Avatar {"producto":1,"titulo":"Avatar","precio":3.5} []
[2026-01-04T19:06:33.982517+00:00] VideoclubLogger.INFO: Producto incluido: Titanic {"producto":2,"titulo":"Titanic","precio":2.5} []
[2026-01-04T19:06:33.982620+00:00] VideoclubLogger.INFO: Producto incluido: Jaws {"producto":3,"titulo":"Jaws","precio":2.0} []
[2026-01-04T19:06:33.982748+00:00] VideoclubLogger.INFO: Socio incluido: Juan {"cliente":1,"nombre":"Juan","username":""} []
[2026-01-04T19:06:33.982859+00:00] VideoclubLogger.INFO: Socio incluido: Maria {"cliente":2,"nombre":"Maria","username":""} []
[2026-01-04T19:06:33.982969+00:00] VideoclubLogger.INFO: Soporte no alquilado: Avatar {"soporte":1} []
[2026-01-04T19:06:33.983166+00:00] VideoclubLogger.INFO: Alquiler realizado {"cliente":2,"producto":1,"titulo":"Avatar"} []
[2026-01-04T19:06:33.983278+00:00] VideoclubLogger.WARNING: Intento de alquiler de soporte ya alquilado {"soporte":1,"titulo":"Avatar","cliente":1} []
[2026-01-04T19:06:33.983369+00:00] VideoclubLogger.WARNING: Soporte ya alquilado al intentar alquilar varios {"soportes":[1,2,3],"cliente":1,"error":"El soporte Avatar ya está alquilado."} []
[2026-01-04T19:06:33.984764+00:00] VideoclubLogger.INFO: Socio incluido: Test {"cliente":1,"nombre":"Test","username":""} []
[2026-01-04T19:06:33.986105+00:00] VideoclubLogger.INFO: Producto incluido: Avatar {"producto":1,"titulo":"Avatar","precio":3.5} []
[2026-01-04T19:06:33.986349+00:00] VideoclubLogger.INFO: Socio incluido: Juan {"cliente":1,"nombre":"Juan","username":""} []
[2026-01-04T19:06:33.986464+00:00] VideoclubLogger.INFO: Soporte no alquilado: Avatar {"soporte":1} []
[2026-01-04T19:06:33.986646+00:00] VideoclubLogger.INFO: Alquiler realizado {"cliente":1,"producto":1,"titulo":"Avatar"} []
[2026-01-04T19:06:33.986783+00:00] VideoclubLogger.INFO: Devolución realizada {"cliente":1,"producto":1,"titulo":"Avatar"} []
[2026-01-04T19:06:33.988115+00:00] VideoclubLogger.INFO: Socio incluido: Juan {"cliente":1,"nombre":"Juan","username":""} []
[2026-01-04T19:06:33.988323+00:00] VideoclubLogger.WARNING: Producto no encontrado {"producto":999} []
[2026-01-04T19:06:33.988412+00:00] VideoclubLogger.INFO: Error soporte no encontrado al alquilar {"soporte":999,"error":"Producto con número 999 no encontrado."} []
[2026-01-04T19:06:33.991573+00:00] VideoclubLogger.INFO: Soporte no alquilado: Película 0 {"soporte":200} []
[2026-01-04T19:06:33.991777+00:00] VideoclubLogger.INFO: Soporte no alquilado: Película 1 {"soporte":201} []
[2026-01-04T19:06:33.991877+00:00] VideoclubLogger.INFO: Soporte no alquilado: Película 2 {"soporte":202} []
[2026-01-04T19:06:33.992002+00:00] VideoclubLogger.INFO: Soporte no alquilado: Película Extra 3 {"soporte":303} []
[2026-01-04T19:06:33.992090+00:00] VideoclubLogger.WARNING: Cupo superado al intentar alquilar: max 3 {"cliente":98} []
[2026-01-04T19:06:33.994199+00:00] VideoclubLogger.INFO: Soporte no alquilado: Película 0 {"soporte":200} []
[2026-01-04T19:06:33.994409+00:00] VideoclubLogger.INFO: Soporte no alquilado: Película 1 {"soporte":201} []
[2026-01-04T19:06:33.994538+00:00] VideoclubLogger.INFO: Soporte no alquilado: Película Extra 2 {"soporte":302} []
[2026-01-04T19:06:33.994614+00:00] VideoclubLogger.WARNING: Cupo superado al intentar alquilar: max 2 {"cliente":98} []
[2026-01-04T19:06:33.995993+00:00] VideoclubLogger.INFO: Soporte no alquilado: Película 0 {"soporte":200} []
[2026-01-04T19:06:33.996277+00:00] VideoclubLogger.INFO: Soporte no alquilado: Película Extra 1 {"soporte":301} []
[2026-01-04T19:06:33.996362+00:00] VideoclubLogger.WARNING: Cupo superado al intentar alquilar: max 1 {"cliente":98} []
[2026-01-04T19:06:33.997840+00:00] VideoclubLogger.INFO: Soporte no alquilado: Película 0 {"soporte":100} []
[2026-01-04T19:06:33.999316+00:00] VideoclubLogger.INFO: Soporte no alquilado: Película 0 {"soporte":100} []
[2026-01-04T19:06:33.999528+00:00] VideoclubLogger.INFO: Soporte no alquilado: Película 1 {"soporte":101} []
[2026-01-04T19:06:34.000910+00:00] VideoclubLogger.INFO: Soporte no alquilado: Película 0 {"soporte":100} []
[2026-01-04T19:06:34.001120+00:00] VideoclubLogger.INFO: Soporte no alquilado: Película 1 {"soporte":101} []
[2026-01-04T19:06:34.001221+00:00] VideoclubLogger.INFO: Soporte no alquilado: Película 2 {"soporte":102} []
[2026-01-04T19:06:34.002585+00:00] VideoclubLogger.INFO: Soporte no alquilado: Película 0 {"soporte":100} []
[2026-01-04T19:06:34.002788+00:00] VideoclubLogger.INFO: Soporte no alquilado: Película 1 {"soporte":101} []
[2026-01-04T19:06:34.002887+00:00] VideoclubLogger.INFO: Soporte no alquilado: Película 2 {"soporte":102} []
[2026-01-04T19:06:34.002978+00:00] VideoclubLogger.INFO: Soporte no alquilado: Película 3 {"soporte":103} []
[2026-01-04T19:06:34.003077+00:00] VideoclubLogger.INFO: Soporte no alquilado: Película 4 {"soporte":104} []
[2026-01-04T19:06:34.004469+00:00] VideoclubLogger.INFO: Soporte no alquilado: Película 0 {"soporte":100} []
[2026-01-04T19:06:34.004669+00:00] VideoclubLogger.INFO: Soporte no alquilado: Película 1 {"soporte":101} []
[2026-01-04T19:06:34.004768+00:00] VideoclubLogger.INFO: Soporte no alquilado: Película 2 {"soporte":102} []
[2026-01-04T19:06:34.004859+00:00] VideoclubLogger.INFO: Soporte no alquilado: Película 3 {"soporte":103} []
[2026-01-04T19:06:34.004947+00:00] VideoclubLogger.INFO: Soporte no alquilado: Película 4 {"soporte":104} []
[2026-01-04T19:06:34.005033+00:00] VideoclubLogger.INFO: Soporte no alquilado: Película 5 {"soporte":105} []
[2026-01-04T19:06:34.005135+00:00] VideoclubLogger.INFO: Soporte no alquilado: Película 6 {"soporte":106} []
[2026-01-04T19:06:34.005225+00:00] VideoclubLogger.INFO: Soporte no alquilado: Película 7 {"soporte":107} []
[2026-01-04T19:06:34.005313+00:00] VideoclubLogger.INFO: Soporte no alquilado: Película 8 {"soporte":108} []
[2026-01-04T19:06:34.005401+00:00] VideoclubLogger.INFO: Soporte no alquilado: Película 9 {"soporte":109} []
[2026-01-04T19:06:34.006879+00:00] VideoclubLogger.INFO: Soporte no alquilado: Avatar {"soporte":50} []
[2026-01-04T19:06:34.007103+00:00] VideoclubLogger.INFO: Soporte ya alquilado: Avatar {"soporte":50} []
[2026-01-04T19:06:34.008492+00:00] VideoclubLogger.INFO: Soporte no alquilado: Inception {"soporte":51} []
[2026-01-04T19:06:34.008704+00:00] VideoclubLogger.INFO: Soporte ya alquilado: Inception {"soporte":51} []
[2026-01-04T19:06:34.010051+00:00] VideoclubLogger.INFO: Soporte no alquilado: Elden Ring {"soporte":52} []
[2026-01-04T19:06:34.010275+00:00] VideoclubLogger.INFO: Soporte ya alquilado: Elden Ring {"soporte":52} []
[2026-01-04T19:06:34.012934+00:00] VideoclubLogger.INFO: Soporte no alquilado: Avatar {"soporte":1} []
[2026-01-04T19:06:34.013162+00:00] VideoclubLogger.INFO: Soporte ya alquilado: Avatar {"soporte":1} []
[2026-01-04T19:06:34.014501+00:00] VideoclubLogger.INFO: Soporte no alquilado: Avatar {"soporte":1} []
[2026-01-04T19:06:34.014720+00:00] VideoclubLogger.INFO: Soporte ya alquilado: Avatar {"soporte":1} []
[2026-01-04T19:06:34.014809+00:00] VideoclubLogger.WARNING: Intento de alquiler de soporte ya alquilado: Avatar {"soporte":1,"cliente":1} []
[2026-01-04T19:06:34.016538+00:00] VideoclubLogger.INFO: Soporte no alquilado: Avatar {"soporte":1} []
[2026-01-04T19:06:34.016742+00:00] VideoclubLogger.INFO: Soporte no alquilado: Inception {"soporte":4} []
[2026-01-04T19:06:34.016850+00:00] VideoclubLogger.INFO: Soporte no alquilado: Elden Ring {"soporte":7} []
[2026-01-04T19:06:34.016991+00:00] VideoclubLogger.WARNING: Cupo superado al intentar alquilar: max 2 {"cliente":1} []
[2026-01-04T19:06:34.018366+00:00] VideoclubLogger.INFO: Soporte no alquilado: Avatar {"soporte":1} []
[2026-01-04T19:06:34.018607+00:00] VideoclubLogger.INFO: Soporte no alquilado: Avatar {"soporte":1} []
[2026-01-04T19:06:34.020157+00:00] VideoclubLogger.WARNING: Intento de devolver soporte no alquilado: 1 {"cliente":1} []
[2026-01-04T19:06:34.021642+00:00] VideoclubLogger.INFO: Soporte no alquilado: Avatar {"soporte":1} []
[2026-01-04T19:06:34.021848+00:00] VideoclubLogger.WARNING: Intento de devolver soporte no alquilado: 999 {"cliente":1} []
[2026-01-04T19:06:34.023490+00:00] VideoclubLogger.INFO: Soporte no alquilado: Avatar {"soporte":1} []
[2026-01-04T19:06:34.026341+00:00] VideoclubLogger.INFO: Soporte no alquilado: Avatar {"soporte":1} []
[2026-01-04T19:06:34.027810+00:00] VideoclubLogger.INFO: Soporte no alquilado: Avatar {"soporte":1} []
[2026-01-04T19:06:34.029363+00:00] VideoclubLogger.INFO: Soporte no alquilado: Avatar {"soporte":1} []
[2026-01-04T19:06:34.029558+00:00] VideoclubLogger.INFO: Soporte ya alquilado: Avatar {"soporte":1} []
[2026-01-04T19:06:34.029667+00:00] VideoclubLogger.INFO: Soporte no alquilado: Avatar {"soporte":1} []
[2026-01-04T19:06:34.031232+00:00] VideoclubLogger.INFO: Soporte no alquilado: Avatar {"soporte":1} []
[2026-01-04T19:06:34.031434+00:00] VideoclubLogger.INFO: Soporte no alquilado: Inception {"soporte":4} []
[2026-01-04T19:06:34.031529+00:00] VideoclubLogger.INFO: Soporte no alquilado: Elden Ring {"soporte":7} []
[2026-01-04T19:06:34.031659+00:00] VideoclubLogger.INFO: Soporte no alquilado: Avatar {"soporte":1} []
[2026-01-04T19:06:34.031770+00:00] VideoclubLogger.INFO: Soporte no alquilado: Inception {"soporte":4} []
[2026-01-04T19:06:34.031864+00:00] VideoclubLogger.INFO: Soporte no alquilado: Titanic {"soporte":2} []
[2026-01-04T19:06:34.031944+00:00] VideoclubLogger.INFO: Soporte no alquilado: Interstellar {"soporte":5} []
[2026-01-04T19:12:38.186143+00:00] VideoclubLogger.INFO: Socio incluido: Cliente {"cliente":1,"nombre":"Cliente","username":""} []
[2026-01-04T19:12:38.187227+00:00] VideoclubLogger.INFO: Producto incluido: Elden Ring {"producto":1,"titulo":"Elden Ring","precio":59.99} []
[2026-01-04T19:12:38.187316+00:00] VideoclubLogger.INFO: Soporte no alquilado: Elden Ring {"soporte":1} []
[2026-01-04T19:12:38.187477+00:00] VideoclubLogger.INFO: Alquiler realizado {"cliente":1,"producto":1,"titulo":"Elden Ring"} []
[2026-01-04T19:12:38.191129+00:00] VideoclubLogger.INFO: Socio incluido: Cliente {"cliente":1,"nombre":"Cliente","username":""} []
[2026-01-04T19:12:38.191325+00:00] VideoclubLogger.INFO: Producto incluido: Inception {"producto":1,"titulo":"Inception","precio":4.5} []
[2026-01-04T19:12:38.191406+00:00] VideoclubLogger.INFO: Soporte no alquilado: Inception {"soporte":1} []
[2026-01-04T19:12:38.191564+00:00] VideoclubLogger.INFO: Alquiler realizado {"cliente":1,"producto":1,"titulo":"Inception"} []
[2026-01-04T19:12:38.191979+00:00] VideoclubLogger.INFO: Socio incluido: Cliente {"cliente":1,"nombre":"Cliente","username":""} []
[2026-01-04T19:12:38.192159+00:00] VideoclubLogger.INFO: Producto incluido: Avatar {"producto":1,"titulo":"Avatar","precio":3.5} []
[2026-01-04T19:12:38.192235+00:00] VideoclubLogger.INFO: Soporte no alquilado: Avatar {"soporte":1} []
[2026-01-04T19:12:38.192391+00:00] VideoclubLogger.INFO: Alquiler realizado {"cliente":1,"producto":1,"titulo":"Avatar"} []
[2026-01-04T19:12:38.192466+00:00] VideoclubLogger.INFO: Producto incluido: Inception {"producto":2,"titulo":"Inception","precio":4.5} []
[2026-01-04T19:12:38.192538+00:00] VideoclubLogger.INFO: Soporte no alquilado: Inception {"soporte":2} []
[2026-01-04T19:12:38.192596+00:00] VideoclubLogger.INFO: Alquiler realizado {"cliente":1,"producto":2,"titulo":"Inception"} []
[2026-01-04T19:12:38.193003+00:00] VideoclubLogger.INFO: Socio incluido: Cliente {"cliente":1,"nombre":"Cliente","username":""} []
[2026-01-04T19:12:38.193181+00:00] VideoclubLogger.INFO: Producto incluido: Avatar {"producto":1,"titulo":"Avatar","precio":3.5} []
[2026-01-04T19:12:38.193294+00:00] VideoclubLogger.INFO: Soporte no alquilado: Avatar {"soporte":1} []
[2026-01-04T19:12:38.193452+00:00] VideoclubLogger.INFO: Alquiler realizado {"cliente":1,"producto":1,"titulo":"Avatar"} []
[2026-01-04T19:12:38.193876+00:00] VideoclubLogger.INFO: Producto incluido: Avatar {"producto":1,"titulo":"Avatar","precio":3.5} []
[2026-01-04T19:12:38.194054+00:00] VideoclubLogger.INFO: Producto incluido: Titanic {"producto":2,"titulo":"Titanic","precio":2.5} []
[2026-01-04T19:12:38.194130+00:00] VideoclubLogger.INFO: Producto incluido: Jaws {"producto":3,"titulo":"Jaws","precio":2.0} []
[2026-01-04T19:12:38.194198+00:00] VideoclubLogger.INFO: Producto incluido: The Ring {"producto":4,"titulo":"The Ring","precio":1.5} []
[2026-01-04T19:12:38.194284+00:00] VideoclubLogger.INFO: Socio incluido: Juan {"cliente":1,"nombre":"Juan","username":""} []
[2026-01-04T19:12:38.194359+00:00] VideoclubLogger.WARNING: Cupo superado al intentar alquilar varios productos {"cliente":1,"intentados":3,"maximo":2} []
[2026-01-04T19:12:38.194807+00:00] VideoclubLogger.WARNING: Cupo superado al alquilar varios productos {"cliente":1,"cantidad_solicitada":3,"error":"No se pueden alquilar todos los productos: se superaría el máximo de alquileres."} []
[2026-01-04T19:12:38.195357+00:00] VideoclubLogger.INFO: Producto incluido: Avatar {"producto":1,"titulo":"Avatar","precio":3.5} []
[2026-01-04T19:12:38.195529+00:00] VideoclubLogger.INFO: Producto incluido: Titanic {"producto":2,"titulo":"Titanic","precio":2.5} []
[2026-01-04T19:12:38.195606+00:00] VideoclubLogger.INFO: Producto incluido: Jaws {"producto":3,"titulo":"Jaws","precio":2.0} []
[2026-01-04T19:12:38.195695+00:00] VideoclubLogger.INFO: Socio incluido: Juan {"cliente":1,"nombre":"Juan","username":""} []
[2026-01-04T19:12:38.195771+00:00] VideoclubLogger.INFO: Soporte no alquilado: Avatar {"soporte":1} []
[2026-01-04T19:12:38.195929+00:00] VideoclubLogger.INFO: Soporte no alquilado: Titanic {"soporte":2} []
[2026-01-04T19:12:38.195998+00:00] VideoclubLogger.INFO: Alquileres realizados {"cliente":1,"cantidad":2,"productos":[1,2]} []
[2026-01-04T19:12:38.196076+00:00] VideoclubLogger.INFO: Soporte ya alquilado: Avatar {"soporte":1} []
[2026-01-04T19:12:38.196137+00:00] VideoclubLogger.INFO: Soporte ya alquilado: Titanic {"soporte":2} []
[2026-01-04T19:12:38.196196+00:00] VideoclubLogger.INFO: Soporte no alquilado: Jaws {"soporte":3} []
[2026-01-04T19:12:38.196253+00:00] VideoclubLogger.WARNING: Intento de devolver soporte no alquilado por socio {"producto":3,"titulo":"Jaws","cliente":1} []
[2026-01-04T19:12:38.196483+00:00] VideoclubLogger.WARNING: Error soporte no encontrado al devolver varios {"soportes":[1,2,3],"cliente":1,"error":"El soporte Jaws no está alquilado por este socio."} []
[2026-01-04T19:12:38.196815+00:00] VideoclubLogger.INFO: Producto incluido: Avatar {"producto":1,"titulo":"Avatar","precio":3.5} []
[2026-01-04T19:12:38.196985+00:00] VideoclubLogger.INFO: Producto incluido: Titanic {"producto":2,"titulo":"Titanic","precio":2.5} []
[2026-01-04T19:12:38.197059+00:00] VideoclubLogger.INFO: Producto incluido: Jaws {"producto":3,"titulo":"Jaws","precio":2.0} []
[2026-01-04T19:12:38.197147+00:00] VideoclubLogger.INFO: Socio incluido: Juan {"cliente":1,"nombre":"Juan","username":""} []
[2026-01-04T19:12:38.197220+00:00] VideoclubLogger.INFO: Soporte no alquilado: Avatar {"soporte":1} []
[2026-01-04T19:12:38.197371+00:00] VideoclubLogger.INFO: Soporte no alquilado: Titanic {"soporte":2} []
[2026-01-04T19:12:38.197437+00:00] VideoclubLogger.INFO: Soporte no alquilado: Jaws {"soporte":3} []
[2026-01-04T19:12:38.197495+00:00] VideoclubLogger.INFO: Alquileres realizados {"cliente":1,"cantidad":3,"productos":[1,2,3]} []
[2026-01-04T19:12:38.197570+00:00] VideoclubLogger.INFO: Soporte ya alquilado: Avatar {"soporte":1} []
[2026-01-04T19:12:38.197628+00:00] VideoclubLogger.INFO: Soporte ya alquilado: Titanic {"soporte":2} []
[2026-01-04T19:12:38.197692+00:00] VideoclubLogger.INFO: Devoluciones realizadas {"cliente":1,"cantidad":2,"productos":[1,2]} []
[2026-01-04T19:12:38.198050+00:00] VideoclubLogger.INFO: Producto incluido: Avatar {"producto":1,"titulo":"Avatar","precio":3.5} []
[2026-01-04T19:12:38.198221+00:00] VideoclubLogger.INFO: Producto incluido: Titanic {"producto":2,"titulo":"Titanic","precio":2.5} []
[2026-01-04T19:12:38.198297+00:00] VideoclubLogger.INFO: Producto incluido: Jaws {"producto":3,"titulo":"Jaws","precio":2.0} []
[2026-01-04T19:12:38.198384+00:00] VideoclubLogger.INFO: Socio incluido: Juan {"cliente":1,"nombre":"Juan","username":""} []
[2026-01-04T19:12:38.198457+00:00] VideoclubLogger.INFO: Soporte no alquilado: Avatar {"soporte":1} []
[2026-01-04T19:12:38.198610+00:00] VideoclubLogger.INFO: Soporte no alquilado: Titanic {"soporte":2} []
[2026-01-04T19:12:38.198678+00:00] VideoclubLogger.INFO: Soporte no alquilado: Jaws {"soporte":3} []
[2026-01-04T19:12:38.198738+00:00] VideoclubLogger.INFO: Alquileres realizados {"cliente":1,"cantidad":3,"productos":[1,2,3]} []
[2026-01-04T19:12:38.199047+00:00] VideoclubLogger.INFO: Producto incluido: Avatar {"producto":1,"titulo":"Avatar","precio":3.5} []
[2026-01-04T19:12:38.199217+00:00] VideoclubLogger.INFO: Producto incluido: Inception {"producto":2,"titulo":"Inception","precio":4.5} []
[2026-01-04T19:12:38.199292+00:00] VideoclubLogger.INFO: Producto incluido: Elden Ring {"producto":3,"titulo":"Elden Ring","precio":59.99} []
[2026-01-04T19:12:38.199379+00:00] VideoclubLogger.INFO: Socio incluido: Juan {"cliente":1,"nombre":"Juan","username":""} []
[2026-01-04T19:12:38.199451+00:00] VideoclubLogger.INFO: Soporte no alquilado: Avatar {"soporte":1} []
[2026-01-04T19:12:38.199603+00:00] VideoclubLogger.INFO: Soporte no alquilado: Inception {"soporte":2} []
[2026-01-04T19:12:38.199668+00:00] VideoclubLogger.INFO: Soporte no alquilado: Elden Ring {"soporte":3} []
[2026-01-04T19:12:38.199727+00:00] VideoclubLogger.INFO: Alquileres realizados {"cliente":1,"cantidad":3,"productos":[1,2,3]} []
[2026-01-04T19:12:38.199806+00:00] VideoclubLogger.INFO: Soporte ya alquilado: Avatar {"soporte":1} []
[2026-01-04T19:12:38.199866+00:00] VideoclubLogger.INFO: Soporte ya alquilado: Inception {"soporte":2} []
[2026-01-04T19:12:38.199927+00:00] VideoclubLogger.INFO: Devoluciones realizadas {"cliente":1,"cantidad":2,"productos":[1,2]} []
[2026-01-04T19:12:38.199998+00:00] VideoclubLogger.INFO: Soporte no alquilado: Avatar {"soporte":1} []
[2026-01-04T19:12:38.200055+00:00] VideoclubLogger.INFO: Alquiler realizado {"cliente":1,"producto":1,"titulo":"Avatar"} []
[2026-01-04T19:12:38.200122+00:00] VideoclubLogger.INFO: Soporte ya alquilado: Avatar {"soporte":1} []
[2026-01-04T19:12:38.200181+00:00] VideoclubLogger.INFO: Soporte ya alquilado: Elden Ring {"soporte":3} []
[2026-01-04T19:12:38.200242+00:00] VideoclubLogger.INFO: Devoluciones realizadas {"cliente":1,"cantidad":2,"productos":[1,3]} []
[2026-01-04T19:12:38.200998+00:00] VideoclubLogger.INFO: Socio incluido: Juan {"cliente":1,"nombre":"Juan","username":""} []
[2026-01-04T19:12:38.201173+00:00] VideoclubLogger.WARNING: Producto no encontrado {"producto":999} []
[2026-01-04T19:12:38.201247+00:00] VideoclubLogger.INFO: Error soporte no encontrado al alquilar {"soporte":999,"error":"Producto con número 999 no encontrado."} []
[2026-01-04T19:12:38.201711+00:00] VideoclubLogger.INFO: Producto incluido: Avatar {"producto":1,"titulo":"Avatar","precio":3.5} []
[2026-01-04T19:12:38.201907+00:00] VideoclubLogger.INFO: Socio incluido: Juan {"cliente":1,"nombre":"Juan","username":""} []
[2026-01-04T19:12:38.201998+00:00] VideoclubLogger.INFO: Socio incluido: Maria {"cliente":2,"nombre":"Maria","username":""} []
[2026-01-04T19:12:38.202066+00:00] VideoclubLogger.INFO: Soporte no alquilado: Avatar {"soporte":1} []
[2026-01-04T19:12:38.202218+00:00] VideoclubLogger.INFO: Alquiler realizado {"cliente":1,"producto":1,"titulo":"Avatar"} []
[2026-01-04T19:12:38.202299+00:00] VideoclubLogger.INFO: Soporte no alquilado: Avatar {"soporte":1} []
[2026-01-04T19:12:38.202454+00:00] VideoclubLogger.INFO: Alquiler realizado {"cliente":2,"producto":1,"titulo":"Avatar"} []
[2026-01-04T19:12:38.202805+00:00] VideoclubLogger.INFO: Producto incluido: Avatar {"producto":1,"titulo":"Avatar","precio":3.5} []
[2026-01-04T19:12:38.202980+00:00] VideoclubLogger.INFO: Producto incluido: Titanic {"producto":2,"titulo":"Titanic","precio":2.5} []
[2026-01-04T19:12:38.203055+00:00] VideoclubLogger.INFO: Producto incluido: Inception {"producto":3,"titulo":"Inception","precio":4.5} []
[2026-01-04T19:12:38.203143+00:00] VideoclubLogger.INFO: Socio incluido: Juan {"cliente":1,"nombre":"Juan","username":""} []
[2026-01-04T19:12:38.203212+00:00] VideoclubLogger.INFO: Soporte no alquilado: Avatar {"soporte":1} []
[2026-01-04T19:12:38.203362+00:00] VideoclubLogger.INFO: Alquiler realizado {"cliente":1,"producto":1,"titulo":"Avatar"} []
[2026-01-04T19:12:38.203434+00:00] VideoclubLogger.INFO: Soporte no alquilado: Titanic {"soporte":2} []
[2026-01-04T19:12:38.203494+00:00] VideoclubLogger.INFO: Alquiler realizado {"cliente":1,"producto":2,"titulo":"Titanic"} []
[2026-01-04T19:12:38.203563+00:00] VideoclubLogger.INFO: Soporte no alquilado: Inception {"soporte":3} []
[2026-01-04T19:12:38.203621+00:00] VideoclubLogger.WARNING: Cupo superado al intentar alquilar: max 2 {"cliente":1} []
[2026-01-04T19:12:38.203685+00:00] VideoclubLogger.INFO: Cupo superado al intentar alquilar {"cliente":1,"error":"No se puede alquilar: se ha superado el maximo de 2 alquileres."} []
[2026-01-04T19:12:38.203988+00:00] VideoclubLogger.INFO: Producto incluido: Avatar {"producto":1,"titulo":"Avatar","precio":3.5} []
[2026-01-04T19:12:38.204154+00:00] VideoclubLogger.INFO: Producto incluido: Titanic {"producto":2,"titulo":"Titanic","precio":2.5} []
[2026-01-04T19:12:38.204226+00:00] VideoclubLogger.WARNING: Socio no encontrado {"cliente":999} []
[2026-01-04T19:12:38.204452+00:00] VideoclubLogger.WARNING: Error cliente no encontrado al alquilar varios {"cliente":999,"error":"Socio con número 999 no encontrado."} []
[2026-01-04T19:12:38.204772+00:00] VideoclubLogger.INFO: Producto incluido: Avatar {"producto":1,"titulo":"Avatar","precio":3.5} []
[2026-01-04T19:12:38.204966+00:00] VideoclubLogger.INFO: Socio incluido: Juan {"cliente":1,"nombre":"Juan","username":""} []
[2026-01-04T19:12:38.205041+00:00] VideoclubLogger.WARNING: Producto no encontrado {"producto":999} []
[2026-01-04T19:12:38.205105+00:00] VideoclubLogger.WARNING: Error soporte no encontrado al alquilar varios {"soportes":[1,999],"cliente":1,"error":"Producto con número 999 no encontrado."} []
[2026-01-04T19:12:38.205408+00:00] VideoclubLogger.INFO: Producto incluido: Avatar {"producto":1,"titulo":"Avatar","precio":3.5} []
[2026-01-04T19:12:38.205577+00:00] VideoclubLogger.INFO: Producto incluido: Titanic {"producto":2,"titulo":"Titanic","precio":2.5} []
[2026-01-04T19:12:38.205673+00:00] VideoclubLogger.INFO: Socio incluido: Juan {"cliente":1,"nombre":"Juan","username":""} []
[2026-01-04T19:12:38.205760+00:00] VideoclubLogger.INFO: Socio incluido: Maria {"cliente":2,"nombre":"Maria","username":""} []
[2026-01-04T19:12:38.205846+00:00] VideoclubLogger.INFO: Soporte no alquilado: Avatar {"soporte":1} []
[2026-01-04T19:12:38.206001+00:00] VideoclubLogger.INFO: Alquiler realizado {"cliente":1,"producto":1,"titulo":"Avatar"} []
[2026-01-04T19:12:38.206076+00:00] VideoclubLogger.WARNING: Intento de alquiler de soporte ya alquilado {"soporte":1,"titulo":"Avatar","cliente":2} []
[2026-01-04T19:12:38.206307+00:00] VideoclubLogger.WARNING: Soporte ya alquilado al intentar alquilar varios {"soportes":[1,2],"cliente":2,"error":"El soporte Avatar ya está alquilado."} []
[2026-01-04T19:12:38.206623+00:00] VideoclubLogger.INFO: Producto incluido: Avatar {"producto":1,"titulo":"Avatar","precio":3.5} []
[2026-01-04T19:12:38.206795+00:00] VideoclubLogger.INFO: Producto incluido: Titanic {"producto":2,"titulo":"Titanic","precio":2.5} []
[2026-01-04T19:12:38.206870+00:00] VideoclubLogger.INFO: Producto incluido: Inception {"producto":3,"titulo":"Inception","precio":4.5} []
[2026-01-04T19:12:38.206938+00:00] VideoclubLogger.INFO: Producto incluido: The Matrix {"producto":4,"titulo":"The Matrix","precio":3.0} []
[2026-01-04T19:12:38.207058+00:00] VideoclubLogger.INFO: Socio incluido: Juan {"cliente":1,"nombre":"Juan","username":""} []
[2026-01-04T19:12:38.207133+00:00] VideoclubLogger.WARNING: Cupo superado al intentar alquilar varios productos {"cliente":1,"intentados":3,"maximo":2} []
[2026-01-04T19:12:38.207198+00:00] VideoclubLogger.WARNING: Cupo superado al alquilar varios productos {"cliente":1,"cantidad_solicitada":3,"error":"No se pueden alquilar todos los productos: se superaría el máximo de alquileres."} []
[2026-01-04T19:12:38.207499+00:00] VideoclubLogger.INFO: Producto incluido: Avatar {"producto":1,"titulo":"Avatar","precio":3.5} []
[2026-01-04T19:12:38.207663+00:00] VideoclubLogger.WARNING: Socio no encontrado {"cliente":999} []
[2026-01-04T19:12:38.207732+00:00] VideoclubLogger.INFO: Error cliente no encontrado al devolver {"cliente":999,"error":"Socio con número 999 no encontrado."} []
[2026-01-04T19:12:38.208047+00:00] VideoclubLogger.INFO: Socio incluido: Juan {"cliente":1,"nombre":"Juan","username":""} []
[2026-01-04T19:12:38.208208+00:00] VideoclubLogger.WARNING: Producto no encontrado {"producto":999} []
[2026-01-04T19:12:38.208277+00:00] VideoclubLogger.INFO: Error soporte no encontrado al devolver {"soporte":999,"error":"Producto con número 999 no encontrado."} []
[2026-01-04T19:12:38.208581+00:00] VideoclubLogger.INFO: Producto incluido: Avatar {"producto":1,"titulo":"Avatar","precio":3.5} []
[2026-01-04T19:12:38.208747+00:00] VideoclubLogger.INFO: Producto incluido: Titanic {"producto":2,"titulo":"Titanic","precio":2.5} []
[2026-01-04T19:12:38.208822+00:00] VideoclubLogger.WARNING: Socio no encontrado {"cliente":999} []
[2026-01-04T19:12:38.208885+00:00] VideoclubLogger.WARNING: Error cliente no encontrado al devolver varios {"cliente":999,"error":"Socio con número 999 no encontrado."} []
[2026-01-04T19:12:38.209177+00:00] VideoclubLogger.INFO: Producto incluido: Avatar {"producto":1,"titulo":"Avatar","precio":3.5} []
[2026-01-04T19:12:38.209340+00:00] VideoclubLogger.INFO: Producto incluido: Titanic {"producto":2,"titulo":"Titanic","precio":2.5} []
[2026-01-04T19:12:38.209435+00:00] VideoclubLogger.INFO: Socio incluido: Juan {"cliente":1,"nombre":"Juan","username":""} []
[2026-01-04T19:12:38.209503+00:00] VideoclubLogger.INFO: Soporte no alquilado: Avatar {"soporte":1} []
[2026-01-04T19:12:38.209652+00:00] VideoclubLogger.WARNING: Intento de devolver soporte no alquilado por socio {"producto":1,"titulo":"Avatar","cliente":1} []
[2026-01-04T19:12:38.209723+00:00] VideoclubLogger.WARNING: Error soporte no encontrado al devolver varios {"soportes":[1,2],"cliente":1,"error":"El soporte Avatar no está alquilado por este socio."} []
[2026-01-04T19:12:38.210042+00:00] VideoclubLogger.INFO: No hay productos registrados {"videoclub":"Test Videoclub"} []
[2026-01-04T19:12:38.210429+00:00] VideoclubLogger.INFO: Producto incluido: Avatar {"producto":1,"titulo":"Avatar","precio":3.5} []
[2026-01-04T19:12:38.210595+00:00] VideoclubLogger.INFO: Producto incluido: Inception {"producto":2,"titulo":"Inception","precio":4.5} []
[2026-01-04T19:12:38.210669+00:00] VideoclubLogger.INFO: Producto listado {"producto":1,"titulo":"Avatar","precio":3.5,"alquilado":false} []
[2026-01-04T19:12:38.210734+00:00] VideoclubLogger.INFO: Producto listado {"producto":2,"titulo":"Inception","precio":4.5,"alquilado":false} []
[2026-01-04T19:12:38.211031+00:00] VideoclubLogger.INFO: No hay socios registrados {"videoclub":"Test Videoclub"} []
[2026-01-04T19:12:38.211416+00:00] VideoclubLogger.INFO: Producto incluido: Avatar {"producto":1,"titulo":"Avatar","precio":3.5} []
[2026-01-04T19:12:38.211576+00:00] VideoclubLogger.WARNING: Socio no encontrado {"cliente":999} []
[2026-01-04T19:12:38.211645+00:00] VideoclubLogger.INFO: Error cliente no encontrado al alquilar {"cliente":999,"error":"Socio con número 999 no encontrado."} []
[2026-01-04T19:12:38.211944+00:00] VideoclubLogger.INFO: Producto incluido: Avatar {"producto":1,"titulo":"Avatar","precio":3.5} []
[2026-01-04T19:12:38.212136+00:00] VideoclubLogger.INFO: Producto incluido: Titanic {"producto":2,"titulo":"Titanic","precio":2.5} []
[2026-01-04T19:12:38.212211+00:00] VideoclubLogger.INFO: Producto incluido: Jaws {"producto":3,"titulo":"Jaws","precio":2.0} []
[2026-01-04T19:12:38.212298+00:00] VideoclubLogger.INFO: Socio incluido: Juan {"cliente":1,"nombre":"Juan","username":""} []
[2026-01-04T19:12:38.212380+00:00] VideoclubLogger.INFO: Socio incluido: Maria {"cliente":2,"nombre":"Maria","username":""} []
[2026-01-04T19:12:38.212446+00:00] VideoclubLogger.INFO: Soporte no alquilado: Avatar {"soporte":1} []
[2026-01-04T19:12:38.212599+00:00] VideoclubLogger.INFO: Alquiler realizado {"cliente":2,"producto":1,"titulo":"Avatar"} []
[2026-01-04T19:12:38.212671+00:00] VideoclubLogger.WARNING: Intento de alquiler de soporte ya alquilado {"soporte":1,"titulo":"Avatar","cliente":1} []
[2026-01-04T19:12:38.212736+00:00] VideoclubLogger.WARNING: Soporte ya alquilado al intentar alquilar varios {"soportes":[1,2,3],"cliente":1,"error":"El soporte Avatar ya está alquilado."} []
[2026-01-04T19:12:38.213046+00:00] VideoclubLogger.INFO: Producto incluido: Avatar {"producto":1,"titulo":"Avatar","precio":3.5} []
[2026-01-04T19:12:38.213210+00:00] VideoclubLogger.WARNING: Socio no encontrado {"cliente":999} []
[2026-01-04T19:12:38.213280+00:00] VideoclubLogger.INFO: Error cliente no encontrado al devolver {"cliente":999,"error":"Socio con número 999 no encontrado."} []
[2026-01-04T19:12:38.213817+00:00] VideoclubLogger.INFO: Socio incluido: Juan {"cliente":1,"nombre":"Juan","username":""} []
[2026-01-04T19:12:38.213984+00:00] VideoclubLogger.WARNING: Producto no encontrado {"producto":999} []
[2026-01-04T19:12:38.214054+00:00] VideoclubLogger.INFO: Error soporte no encontrado al alquilar {"soporte":999,"error":"Producto con número 999 no encontrado."} []
[2026-01-04T19:12:38.214355+00:00] VideoclubLogger.INFO: Producto incluido: Inception {"producto":1,"titulo":"Inception","precio":4.5} []
[2026-01-04T19:12:38.214522+00:00] VideoclubLogger.INFO: Producto incluido: The Matrix {"producto":2,"titulo":"The Matrix","precio":3.0} []
[2026-01-04T19:12:38.214838+00:00] VideoclubLogger.INFO: Producto incluido: Elden Ring {"producto":1,"titulo":"Elden Ring","precio":59.99} []
[2026-01-04T19:12:38.215003+00:00] VideoclubLogger.INFO: Producto incluido: God of War {"producto":2,"titulo":"God of War","precio":49.99} []
[2026-01-04T19:12:38.215323+00:00] VideoclubLogger.INFO: Socio incluido: Juan {"cliente":1,"nombre":"Juan","username":"juan"} []
[2026-01-04T19:12:38.215506+00:00] VideoclubLogger.INFO: Socio incluido: Maria {"cliente":2,"nombre":"Maria","username":"maria"} []
[2026-01-04T19:12:38.215837+00:00] VideoclubLogger.INFO: Socio incluido: Test {"cliente":1,"nombre":"Test","username":""} []
[2026-01-04T19:12:38.216232+00:00] VideoclubLogger.INFO: Producto incluido: Avatar {"producto":1,"titulo":"Avatar","precio":3.5} []
[2026-01-04T19:12:38.216418+00:00] VideoclubLogger.INFO: Socio incluido: Juan {"cliente":1,"nombre":"Juan","username":""} []
[2026-01-04T19:12:38.216492+00:00] VideoclubLogger.INFO: Soporte no alquilado: Avatar {"soporte":1} []
[2026-01-04T19:12:38.216643+00:00] VideoclubLogger.INFO: Alquiler realizado {"cliente":1,"producto":1,"titulo":"Avatar"} []
[2026-01-04T19:12:38.216949+00:00] VideoclubLogger.INFO: Producto incluido: Avatar {"producto":1,"titulo":"Avatar","precio":3.5} []
[2026-01-04T19:12:38.217111+00:00] VideoclubLogger.WARNING: Socio no encontrado {"cliente":999} []
[2026-01-04T19:12:38.217180+00:00] VideoclubLogger.INFO: Error cliente no encontrado al alquilar {"cliente":999,"error":"Socio con número 999 no encontrado."} []
[2026-01-04T19:12:38.217480+00:00] VideoclubLogger.INFO: Producto incluido: Avatar {"producto":1,"titulo":"Avatar","precio":3.5} []
[2026-01-04T19:12:38.217665+00:00] VideoclubLogger.INFO: Socio incluido: Juan {"cliente":1,"nombre":"Juan","username":""} []
[2026-01-04T19:12:38.217738+00:00] VideoclubLogger.INFO: Soporte no alquilado: Avatar {"soporte":1} []
[2026-01-04T19:12:38.217892+00:00] VideoclubLogger.INFO: Alquiler realizado {"cliente":1,"producto":1,"titulo":"Avatar"} []
[2026-01-04T19:12:38.218003+00:00] VideoclubLogger.INFO: Devolución realizada {"cliente":1,"producto":1,"titulo":"Avatar"} []
[2026-01-04T19:12:38.218303+00:00] VideoclubLogger.INFO: Producto incluido: Avatar {"producto":1,"titulo":"Avatar","precio":3.5} []
[2026-01-04T19:12:38.218464+00:00] VideoclubLogger.WARNING: Socio no encontrado {"cliente":999} []
[2026-01-04T19:12:38.218534+00:00] VideoclubLogger.INFO: Error cliente no encontrado al alquilar {"cliente":999,"error":"Socio con número 999 no encontrado."} []
[2026-01-04T19:12:38.218834+00:00] VideoclubLogger.INFO: Producto incluido: Avatar {"producto":1,"titulo":"Avatar","precio":3.5} []
[2026-01-04T19:12:38.219000+00:00] VideoclubLogger.INFO: Producto incluido: Titanic {"producto":2,"titulo":"Titanic","precio":2.5} []
[2026-01-04T19:12:38.219076+00:00] VideoclubLogger.INFO: Producto incluido: Jaws {"producto":3,"titulo":"Jaws","precio":2.0} []
[2026-01-04T19:12:38.219165+00:00] VideoclubLogger.INFO: Socio incluido: Juan {"cliente":1,"nombre":"Juan","username":""} []
[2026-01-04T19:12:38.219248+00:00] VideoclubLogger.INFO: Socio incluido: Maria {"cliente":2,"nombre":"Maria","username":""} []
[2026-01-04T19:12:38.219314+00:00] VideoclubLogger.INFO: Soporte no alquilado: Avatar {"soporte":1} []
[2026-01-04T19:12:38.219464+00:00] VideoclubLogger.INFO: Alquiler realizado {"cliente":2,"producto":1,"titulo":"Avatar"} []
[2026-01-04T19:12:38.219536+00:00] VideoclubLogger.WARNING: Intento de alquiler de soporte ya alquilado {"soporte":1,"titulo":"Avatar","cliente":1} []
[2026-01-04T19:12:38.219602+00:00] VideoclubLogger.WARNING: Soporte ya alquilado al intentar alquilar varios {"soportes":[1,2,3],"cliente":1,"error":"El soporte Avatar ya está alquilado."} []
[2026-01-04T19:12:38.219964+00:00] VideoclubLogger.INFO: Producto incluido: Película 0 {"producto":1,"titulo":"Película 0","precio":2.5} []
[2026-01-04T19:12:38.220129+00:00] VideoclubLogger.INFO: Producto incluido: Película 1 {"producto":2,"titulo":"Película 1","precio":3.0} []
[2026-01-04T19:12:38.220203+00:00] VideoclubLogger.INFO: Producto incluido: Película 2 {"producto":3,"titulo":"Película 2","precio":3.5} []
[2026-01-04T19:12:38.220270+00:00] VideoclubLogger.INFO: Producto incluido: Película 3 {"producto":4,"titulo":"Película 3","precio":4.0} []
[2026-01-04T19:12:38.220335+00:00] VideoclubLogger.INFO: Producto incluido: Película 4 {"producto":5,"titulo":"Película 4","precio":4.5} []
[2026-01-04T19:12:38.220683+00:00] VideoclubLogger.INFO: Producto incluido: Película 0 {"producto":1,"titulo":"Película 0","precio":2.5} []
[2026-01-04T19:12:38.220874+00:00] VideoclubLogger.INFO: Producto incluido: Película 1 {"producto":2,"titulo":"Película 1","precio":3.0} []
[2026-01-04T19:12:38.220951+00:00] VideoclubLogger.INFO: Producto incluido: Película 2 {"producto":3,"titulo":"Película 2","precio":3.5} []
[2026-01-04T19:12:38.221018+00:00] VideoclubLogger.INFO: Producto incluido: Película 3 {"producto":4,"titulo":"Película 3","precio":4.0} []
[2026-01-04T19:12:38.221082+00:00] VideoclubLogger.INFO: Producto incluido: Película 4 {"producto":5,"titulo":"Película 4","precio":4.5} []
[2026-01-04T19:12:38.221146+00:00] VideoclubLogger.INFO: Producto incluido: Película 5 {"producto":6,"titulo":"Película 5","precio":5.0} []
[2026-01-04T19:12:38.221209+00:00] VideoclubLogger.INFO: Producto incluido: Película 6 {"producto":7,"titulo":"Película 6","precio":5.5} []
[2026-01-04T19:12:38.221272+00:00] VideoclubLogger.INFO: Producto incluido: Película 7 {"producto":8,"titulo":"Película 7","precio":6.0} []
[2026-01-04T19:12:38.221335+00:00] VideoclubLogger.INFO: Producto incluido: Película 8 {"producto":9,"titulo":"Película 8","precio":6.5} []
[2026-01-04T19:12:38.221402+00:00] VideoclubLogger.INFO: Producto incluido: Película 9 {"producto":10,"titulo":"Película 9","precio":7.0} []
[2026-01-04T19:12:38.221730+00:00] VideoclubLogger.INFO: Producto incluido: Película 0 {"producto":1,"titulo":"Película 0","precio":2.5} []
[2026-01-04T19:12:38.221928+00:00] VideoclubLogger.INFO: Producto incluido: Película 1 {"producto":2,"titulo":"Película 1","precio":3.0} []
[2026-01-04T19:12:38.222002+00:00] VideoclubLogger.INFO: Producto incluido: Película 2 {"producto":3,"titulo":"Película 2","precio":3.5} []
[2026-01-04T19:12:38.222069+00:00] VideoclubLogger.INFO: Producto incluido: Película 3 {"producto":4,"titulo":"Película 3","precio":4.0} []
[2026-01-04T19:12:38.222133+00:00] VideoclubLogger.INFO: Producto incluido: Película 4 {"producto":5,"titulo":"Película 4","precio":4.5} []
[2026-01-04T19:12:38.222197+00:00] VideoclubLogger.INFO: Producto incluido: Película 5 {"producto":6,"titulo":"Película 5","precio":5.0} []
[2026-01-04T19:12:38.222260+00:00] VideoclubLogger.INFO: Producto incluido: Película 6 {"producto":7,"titulo":"Película 6","precio":5.5} []
[2026-01-04T19:12:38.222322+00:00] VideoclubLogger.INFO: Producto incluido: Película 7 {"producto":8,"titulo":"Película 7","precio":6.0} []
[2026-01-04T19:12:38.222384+00:00] VideoclubLogger.INFO: Producto incluido: Película 8 {"producto":9,"titulo":"Película 8","precio":6.5} []
[2026-01-04T19:12:38.222447+00:00] VideoclubLogger.INFO: Producto incluido: Película 9 {"producto":10,"titulo":"Película 9","precio":7.0} []
[2026-01-04T19:12:38.222510+00:00] VideoclubLogger.INFO: Producto incluido: Película 10 {"producto":11,"titulo":"Película 10","precio":7.5} []
[2026-01-04T19:12:38.222572+00:00] VideoclubLogger.INFO: Producto incluido: Película 11 {"producto":12,"titulo":"Película 11","precio":8.0} []
[2026-01-04T19:12:38.222635+00:00] VideoclubLogger.INFO: Producto incluido: Película 12 {"producto":13,"titulo":"Película 12","precio":8.5} []
[2026-01-04T19:12:38.222698+00:00] VideoclubLogger.INFO: Producto incluido: Película 13 {"producto":14,"titulo":"Película 13","precio":9.0} []
[2026-01-04T19:12:38.222764+00:00] VideoclubLogger.INFO: Producto incluido: Película 14 {"producto":15,"titulo":"Película 14","precio":9.5} []
[2026-01-04T19:12:38.223085+00:00] VideoclubLogger.INFO: Producto incluido: Película 0 {"producto":1,"titulo":"Película 0","precio":2.5} []
[2026-01-04T19:12:38.223251+00:00] VideoclubLogger.INFO: Producto incluido: Película 1 {"producto":2,"titulo":"Película 1","precio":3.0} []
[2026-01-04T19:12:38.223324+00:00] VideoclubLogger.INFO: Producto incluido: Película 2 {"producto":3,"titulo":"Película 2","precio":3.5} []
[2026-01-04T19:12:38.223390+00:00] VideoclubLogger.INFO: Producto incluido: Película 3 {"producto":4,"titulo":"Película 3","precio":4.0} []
[2026-01-04T19:12:38.223455+00:00] VideoclubLogger.INFO: Producto incluido: Película 4 {"producto":5,"titulo":"Película 4","precio":4.5} []
[2026-01-04T19:12:38.223519+00:00] VideoclubLogger.INFO: Producto incluido: Película 5 {"producto":6,"titulo":"Película 5","precio":5.0} []
[2026-01-04T19:12:38.223583+00:00] VideoclubLogger.INFO: Producto incluido: Película 6 {"producto":7,"titulo":"Película 6","precio":5.5} []
[2026-01-04T19:12:38.223647+00:00] VideoclubLogger.INFO: Producto incluido: Película 7 {"producto":8,"titulo":"Película 7","precio":6.0} []
[2026-01-04T19:12:38.223711+00:00] VideoclubLogger.INFO: Producto incluido: Película 8 {"producto":9,"titulo":"Película 8","precio":6.5} []
[2026-01-04T19:12:38.223779+00:00] VideoclubLogger.INFO: Producto incluido: Película 9 {"producto":10,"titulo":"Película 9","precio":7.0} []
[2026-01-04T19:12:38.223843+00:00] VideoclubLogger.INFO: Producto incluido: Película 10 {"producto":11,"titulo":"Película 10","precio":7.5} []
[2026-01-04T19:12:38.223907+00:00] VideoclubLogger.INFO: Producto incluido: Película 11 {"producto":12,"titulo":"Película 11","precio":8.0} []
[2026-01-04T19:12:38.223971+00:00] VideoclubLogger.INFO: Producto incluido: Película 12 {"producto":13,"titulo":"Película 12","precio":8.5} []
[2026-01-04T19:12:38.224034+00:00] VideoclubLogger.INFO: Producto incluido: Película 13 {"producto":14,"titulo":"Película 13","precio":9.0} []
[2026-01-04T19:12:38.224097+00:00] VideoclubLogger.INFO: Producto incluido: Película 14 {"producto":15,"titulo":"Película 14","precio":9.5} []
[2026-01-04T19:12:38.224192+00:00] VideoclubLogger.INFO: Producto incluido: Película 15 {"producto":16,"titulo":"Película 15","precio":10.0} []
[2026-01-04T19:12:38.224263+00:00] VideoclubLogger.INFO: Producto incluido: Película 16 {"producto":17,"titulo":"Película 16","precio":10.5} []
[2026-01-04T19:12:38.224328+00:00] VideoclubLogger.INFO: Producto incluido: Película 17 {"producto":18,"titulo":"Película 17","precio":11.0} []
[2026-01-04T19:12:38.224392+00:00] VideoclubLogger.INFO: Producto incluido: Película 18 {"producto":19,"titulo":"Película 18","precio":11.5} []
[2026-01-04T19:12:38.224455+00:00] VideoclubLogger.INFO: Producto incluido: Película 19 {"producto":20,"titulo":"Película 19","precio":12.0} []
[2026-01-04T19:12:38.224881+00:00] VideoclubLogger.INFO: Socio incluido: Socio 0 {"cliente":1,"nombre":"Socio 0","username":"user0"} []
[2026-01-04T19:12:38.225066+00:00] VideoclubLogger.INFO: Socio incluido: Socio 1 {"cliente":2,"nombre":"Socio 1","username":"user1"} []
[2026-01-04T19:12:38.225154+00:00] VideoclubLogger.INFO: Socio incluido: Socio 2 {"cliente":3,"nombre":"Socio 2","username":"user2"} []
[2026-01-04T19:12:38.225491+00:00] VideoclubLogger.INFO: Socio incluido: Socio 0 {"cliente":1,"nombre":"Socio 0","username":"user0"} []
[2026-01-04T19:12:38.225674+00:00] VideoclubLogger.INFO: Socio incluido: Socio 1 {"cliente":2,"nombre":"Socio 1","username":"user1"} []
[2026-01-04T19:12:38.225768+00:00] VideoclubLogger.INFO: Socio incluido: Socio 2 {"cliente":3,"nombre":"Socio 2","username":"user2"} []
[2026-01-04T19:12:38.225874+00:00] VideoclubLogger.INFO: Socio incluido: Socio 3 {"cliente":4,"nombre":"Socio 3","username":"user3"} []
[2026-01-04T19:12:38.225956+00:00] VideoclubLogger.INFO: Socio incluido: Socio 4 {"cliente":5,"nombre":"Socio 4","username":"user4"} []
[2026-01-04T19:12:38.226290+00:00] VideoclubLogger.INFO: Socio incluido: Socio 0 {"cliente":1,"nombre":"Socio 0","username":"user0"} []
[2026-01-04T19:12:38.226473+00:00] VideoclubLogger.INFO: Socio incluido: Socio 1 {"cliente":2,"nombre":"Socio 1","username":"user1"} []
[2026-01-04T19:12:38.226561+00:00] VideoclubLogger.INFO: Socio incluido: Socio 2 {"cliente":3,"nombre":"Socio 2","username":"user2"} []
[2026-01-04T19:12:38.226642+00:00] VideoclubLogger.INFO: Socio incluido: Socio 3 {"cliente":4,"nombre":"Socio 3","username":"user3"} []
[2026-01-04T19:12:38.226721+00:00] VideoclubLogger.INFO: Socio incluido: Socio 4 {"cliente":5,"nombre":"Socio 4","username":"user4"} []
[2026-01-04T19:12:38.226805+00:00] VideoclubLogger.INFO: Socio incluido: Socio 5 {"cliente":6,"nombre":"Socio 5","username":"user5"} []
[2026-01-04T19:12:38.226884+00:00] VideoclubLogger.INFO: Socio incluido: Socio 6 {"cliente":7,"nombre":"Socio 6","username":"user6"} []
[2026-01-04T19:12:38.226969+00:00] VideoclubLogger.INFO: Socio incluido: Socio 7 {"cliente":8,"nombre":"Socio 7","username":"user7"} []
[2026-01-04T19:12:38.227049+00:00] VideoclubLogger.INFO: Socio incluido: Socio 8 {"cliente":9,"nombre":"Socio 8","username":"user8"} []
[2026-01-04T19:12:38.227128+00:00] VideoclubLogger.INFO: Socio incluido: Socio 9 {"cliente":10,"nombre":"Socio 9","username":"user9"} []
[2026-01-04T19:12:38.227512+00:00] VideoclubLogger.INFO: Socio incluido: Juan {"cliente":1,"nombre":"Juan","username":""} []
[2026-01-04T19:12:38.227698+00:00] VideoclubLogger.INFO: Socio incluido: Maria {"cliente":2,"nombre":"Maria","username":""} []
[2026-01-04T19:12:38.228018+00:00] VideoclubLogger.INFO: Producto incluido: Avatar {"producto":1,"titulo":"Avatar","precio":3.5} []
[2026-01-04T19:12:38.228202+00:00] VideoclubLogger.INFO: Socio incluido: Juan {"cliente":1,"nombre":"Juan","username":""} []
[2026-01-04T19:12:38.228274+00:00] VideoclubLogger.INFO: Soporte no alquilado: Avatar {"soporte":1} []
[2026-01-04T19:12:38.228424+00:00] VideoclubLogger.INFO: Alquiler realizado {"cliente":1,"producto":1,"titulo":"Avatar"} []
[2026-01-04T19:12:38.228499+00:00] VideoclubLogger.INFO: Devolución realizada {"cliente":1,"producto":1,"titulo":"Avatar"} []
[2026-01-04T19:12:38.228837+00:00] VideoclubLogger.INFO: Producto incluido: Avatar {"producto":1,"titulo":"Avatar","precio":3.5} []
[2026-01-04T19:12:38.229007+00:00] VideoclubLogger.INFO: Producto incluido: Titanic {"producto":2,"titulo":"Titanic","precio":2.5} []
[2026-01-04T19:12:38.229334+00:00] VideoclubLogger.INFO: Socio incluido: Juan {"cliente":1,"nombre":"Juan","username":""} []
[2026-01-04T19:12:38.229513+00:00] VideoclubLogger.INFO: Socio incluido: Maria {"cliente":2,"nombre":"Maria","username":""} []
[2026-01-04T19:12:38.229585+00:00] VideoclubLogger.INFO: Socio listado {"cliente":1,"nombre":"Juan","alquileres":0,"maximo":2} []
[2026-01-04T19:12:38.229649+00:00] VideoclubLogger.INFO: Socio listado {"cliente":2,"nombre":"Maria","alquileres":0,"maximo":3} []
[2026-01-04T19:12:38.230763+00:00] VideoclubLogger.INFO: Soporte no alquilado: Avatar {"soporte":50} []
[2026-01-04T19:12:38.230933+00:00] VideoclubLogger.INFO: Soporte ya alquilado: Avatar {"soporte":50} []
[2026-01-04T19:12:38.231330+00:00] VideoclubLogger.INFO: Soporte no alquilado: Inception {"soporte":51} []
[2026-01-04T19:12:38.231496+00:00] VideoclubLogger.INFO: Soporte ya alquilado: Inception {"soporte":51} []
[2026-01-04T19:12:38.231849+00:00] VideoclubLogger.INFO: Soporte no alquilado: Elden Ring {"soporte":52} []
[2026-01-04T19:12:38.232014+00:00] VideoclubLogger.INFO: Soporte ya alquilado: Elden Ring {"soporte":52} []
[2026-01-04T19:12:38.232444+00:00] VideoclubLogger.INFO: Soporte no alquilado: Película 0 {"soporte":100} []
[2026-01-04T19:12:38.232920+00:00] VideoclubLogger.INFO: Soporte no alquilado: Película 0 {"soporte":100} []
[2026-01-04T19:12:38.233088+00:00] VideoclubLogger.INFO: Soporte no alquilado: Película 1 {"soporte":101} []
[2026-01-04T19:12:38.233435+00:00] VideoclubLogger.INFO: Soporte no alquilado: Película 0 {"soporte":100} []
[2026-01-04T19:12:38.233597+00:00] VideoclubLogger.INFO: Soporte no alquilado: Película 1 {"soporte":101} []
[2026-01-04T19:12:38.233668+00:00] VideoclubLogger.INFO: Soporte no alquilado: Película 2 {"soporte":102} []
[2026-01-04T19:12:38.234009+00:00] VideoclubLogger.INFO: Soporte no alquilado: Película 0 {"soporte":100} []
[2026-01-04T19:12:38.234171+00:00] VideoclubLogger.INFO: Soporte no alquilado: Película 1 {"soporte":101} []
[2026-01-04T19:12:38.234241+00:00] VideoclubLogger.INFO: Soporte no alquilado: Película 2 {"soporte":102} []
[2026-01-04T19:12:38.234303+00:00] VideoclubLogger.INFO: Soporte no alquilado: Película 3 {"soporte":103} []
[2026-01-04T19:12:38.234365+00:00] VideoclubLogger.INFO: Soporte no alquilado: Película 4 {"soporte":104} []
[2026-01-04T19:12:38.234696+00:00] VideoclubLogger.INFO: Soporte no alquilado: Película 0 {"soporte":100} []
[2026-01-04T19:12:38.234860+00:00] VideoclubLogger.INFO: Soporte no alquilado: Película 1 {"soporte":101} []
[2026-01-04T19:12:38.234932+00:00] VideoclubLogger.INFO: Soporte no alquilado: Película 2 {"soporte":102} []
[2026-01-04T19:12:38.234994+00:00] VideoclubLogger.INFO: Soporte no alquilado: Película 3 {"soporte":103} []
[2026-01-04T19:12:38.235056+00:00] VideoclubLogger.INFO: Soporte no alquilado: Película 4 {"soporte":104} []
[2026-01-04T19:12:38.235119+00:00] VideoclubLogger.INFO: Soporte no alquilado: Película 5 {"soporte":105} []
[2026-01-04T19:12:38.235179+00:00] VideoclubLogger.INFO: Soporte no alquilado: Película 6 {"soporte":106} []
[2026-01-04T19:12:38.235240+00:00] VideoclubLogger.INFO: Soporte no alquilado: Película 7 {"soporte":107} []
[2026-01-04T19:12:38.235299+00:00] VideoclubLogger.INFO: Soporte no alquilado: Película 8 {"soporte":108} []
[2026-01-04T19:12:38.235360+00:00] VideoclubLogger.INFO: Soporte no alquilado: Película 9 {"soporte":109} []
[2026-01-04T19:12:38.235791+00:00] VideoclubLogger.INFO: Soporte no alquilado: Película 0 {"soporte":200} []
[2026-01-04T19:12:38.235966+00:00] VideoclubLogger.INFO: Soporte no alquilado: Película Extra 1 {"soporte":301} []
[2026-01-04T19:12:38.236033+00:00] VideoclubLogger.WARNING: Cupo superado al intentar alquilar: max 1 {"cliente":98} []
[2026-01-04T19:12:38.236947+00:00] VideoclubLogger.INFO: Soporte no alquilado: Película 0 {"soporte":200} []
[2026-01-04T19:12:38.237113+00:00] VideoclubLogger.INFO: Soporte no alquilado: Película 1 {"soporte":201} []
[2026-01-04T19:12:38.237191+00:00] VideoclubLogger.INFO: Soporte no alquilado: Película Extra 2 {"soporte":302} []
[2026-01-04T19:12:38.237253+00:00] VideoclubLogger.WARNING: Cupo superado al intentar alquilar: max 2 {"cliente":98} []
[2026-01-04T19:12:38.237597+00:00] VideoclubLogger.INFO: Soporte no alquilado: Película 0 {"soporte":200} []
[2026-01-04T19:12:38.237766+00:00] VideoclubLogger.INFO: Soporte no alquilado: Película 1 {"soporte":201} []
[2026-01-04T19:12:38.237837+00:00] VideoclubLogger.INFO: Soporte no alquilado: Película 2 {"soporte":202} []
[2026-01-04T19:12:38.237905+00:00] VideoclubLogger.INFO: Soporte no alquilado: Película Extra 3 {"soporte":303} []
[2026-01-04T19:12:38.237962+00:00] VideoclubLogger.WARNING: Cupo superado al intentar alquilar: max 3 {"cliente":98} []
[2026-01-04T19:12:38.238621+00:00] VideoclubLogger.INFO: Soporte no alquilado: Avatar {"soporte":1} []
[2026-01-04T19:12:38.238789+00:00] VideoclubLogger.INFO: Soporte ya alquilado: Avatar {"soporte":1} []
[2026-01-04T19:12:38.238861+00:00] VideoclubLogger.INFO: Soporte no alquilado: Avatar {"soporte":1} []
[2026-01-04T19:12:38.239463+00:00] VideoclubLogger.INFO: Soporte no alquilado: Avatar {"soporte":1} []
[2026-01-04T19:12:38.239897+00:00] VideoclubLogger.INFO: Soporte no alquilado: Avatar {"soporte":1} []
[2026-01-04T19:12:38.240319+00:00] VideoclubLogger.INFO: Soporte no alquilado: Avatar {"soporte":1} []
[2026-01-04T19:12:38.240482+00:00] VideoclubLogger.INFO: Soporte ya alquilado: Avatar {"soporte":1} []
[2026-01-04T19:12:38.240972+00:00] VideoclubLogger.INFO: Soporte no alquilado: Avatar {"soporte":1} []
[2026-01-04T19:12:38.241707+00:00] VideoclubLogger.INFO: Soporte no alquilado: Avatar {"soporte":1} []
[2026-01-04T19:12:38.241884+00:00] VideoclubLogger.INFO: Soporte no alquilado: Inception {"soporte":4} []
[2026-01-04T19:12:38.241955+00:00] VideoclubLogger.INFO: Soporte no alquilado: Elden Ring {"soporte":7} []
[2026-01-04T19:12:38.242028+00:00] VideoclubLogger.INFO: Soporte no alquilado: Avatar {"soporte":1} []
[2026-01-04T19:12:38.242098+00:00] VideoclubLogger.INFO: Soporte no alquilado: Inception {"soporte":4} []
[2026-01-04T19:12:38.242160+00:00] VideoclubLogger.INFO: Soporte no alquilado: Titanic {"soporte":2} []
[2026-01-04T19:12:38.242218+00:00] VideoclubLogger.INFO: Soporte no alquilado: Interstellar {"soporte":5} []
[2026-01-04T19:12:38.242554+00:00] VideoclubLogger.INFO: Soporte no alquilado: Avatar {"soporte":1} []
[2026-01-04T19:12:38.242715+00:00] VideoclubLogger.WARNING: Intento de devolver soporte no alquilado: 999 {"cliente":1} []
[2026-01-04T19:12:38.243047+00:00] VideoclubLogger.WARNING: Intento de devolver soporte no alquilado: 1 {"cliente":1} []
[2026-01-04T19:12:38.243620+00:00] VideoclubLogger.INFO: Soporte no alquilado: Avatar {"soporte":1} []
[2026-01-04T19:12:38.243802+00:00] VideoclubLogger.INFO: Soporte no alquilado: Avatar {"soporte":1} []
[2026-01-04T19:12:38.244113+00:00] VideoclubLogger.INFO: Soporte no alquilado: Avatar {"soporte":1} []
[2026-01-04T19:12:38.244270+00:00] VideoclubLogger.INFO: Soporte no alquilado: Inception {"soporte":4} []
[2026-01-04T19:12:38.244340+00:00] VideoclubLogger.INFO: Soporte no alquilado: Elden Ring {"soporte":7} []
[2026-01-04T19:12:38.244400+00:00] VideoclubLogger.WARNING: Cupo superado al intentar alquilar: max 2 {"cliente":1} []
[2026-01-04T19:12:38.244786+00:00] VideoclubLogger.INFO: Soporte no alquilado: Avatar {"soporte":1} []
[2026-01-04T19:12:38.245041+00:00] VideoclubLogger.INFO: Soporte ya alquilado: Avatar {"soporte":1} []
[2026-01-04T19:12:38.245162+00:00] VideoclubLogger.WARNING: Intento de alquiler de soporte ya alquilado: Avatar {"soporte":1,"cliente":1} []
[2026-01-04T19:12:38.245682+00:00] VideoclubLogger.INFO: Alquileres actuales: 0 {"cliente":1} []
[2026-01-04T19:12:38.245922+00:00] VideoclubLogger.INFO: No hay alquileres registrados para el cliente. {"cliente":1} []
[2026-01-04T19:12:38.246518+00:00] VideoclubLogger.INFO: Soporte no alquilado: Avatar {"soporte":1} []
[2026-01-04T19:12:38.246765+00:00] VideoclubLogger.INFO: Soporte no alquilado: Inception {"soporte":4} []
[2026-01-04T19:12:38.246876+00:00] VideoclubLogger.INFO: Alquileres actuales: 2 {"cliente":1} []
[2026-01-04T19:12:38.246980+00:00] VideoclubLogger.INFO: Soporte alquilado: Avatar {"soporte":1,"precio":3.5} []
[2026-01-04T19:12:38.247092+00:00] VideoclubLogger.INFO: Soporte alquilado: Inception {"soporte":4,"precio":4.5} []
[2026-01-04T19:12:38.248882+00:00] VideoclubLogger.INFO: Soporte no alquilado: Avatar {"soporte":1} []
[2026-01-04T19:12:38.249127+00:00] VideoclubLogger.INFO: Soporte no alquilado: Inception {"soporte":4} []
[2026-01-04T19:12:38.249697+00:00] VideoclubLogger.INFO: Soporte no alquilado: Avatar {"soporte":1} []
[2026-01-04T19:12:38.249950+00:00] VideoclubLogger.INFO: Soporte no alquilado: Inception {"soporte":4} []
[2026-01-04T19:12:49.220980+00:00] VideoclubLogger.INFO: Socio incluido: Cliente {"cliente":1,"nombre":"Cliente","username":""} []
[2026-01-04T19:12:49.222055+00:00] VideoclubLogger.INFO: Producto incluido: Avatar {"producto":1,"titulo":"Avatar","precio":3.5} []
[2026-01-04T19:12:49.222141+00:00] VideoclubLogger.INFO: Soporte no alquilado: Avatar {"soporte":1} []
[2026-01-04T19:12:49.222299+00:00] VideoclubLogger.INFO: Alquiler realizado {"cliente":1,"producto":1,"titulo":"Avatar"} []
[2026-01-04T19:12:49.225884+00:00] VideoclubLogger.INFO: Socio incluido: Cliente {"cliente":1,"nombre":"Cliente","username":""} []
[2026-01-04T19:12:49.226076+00:00] VideoclubLogger.INFO: Producto incluido: Inception {"producto":1,"titulo":"Inception","precio":4.5} []
[2026-01-04T19:12:49.226155+00:00] VideoclubLogger.INFO: Soporte no alquilado: Inception {"soporte":1} []
[2026-01-04T19:12:49.226312+00:00] VideoclubLogger.INFO: Alquiler realizado {"cliente":1,"producto":1,"titulo":"Inception"} []
[2026-01-04T19:12:49.226725+00:00] VideoclubLogger.INFO: Socio incluido: Cliente {"cliente":1,"nombre":"Cliente","username":""} []
[2026-01-04T19:12:49.226902+00:00] VideoclubLogger.INFO: Producto incluido: Avatar {"producto":1,"titulo":"Avatar","precio":3.5} []
[2026-01-04T19:12:49.226979+00:00] VideoclubLogger.INFO: Soporte no alquilado: Avatar {"soporte":1} []
[2026-01-04T19:12:49.227134+00:00] VideoclubLogger.INFO: Alquiler realizado {"cliente":1,"producto":1,"titulo":"Avatar"} []
[2026-01-04T19:12:49.227207+00:00] VideoclubLogger.INFO: Producto incluido: Inception {"producto":2,"titulo":"Inception","precio":4.5} []
[2026-01-04T19:12:49.227281+00:00] VideoclubLogger.INFO: Soporte no alquilado: Inception {"soporte":2} []
[2026-01-04T19:12:49.227341+00:00] VideoclubLogger.INFO: Alquiler realizado {"cliente":1,"producto":2,"titulo":"Inception"} []
[2026-01-04T19:12:49.227735+00:00] VideoclubLogger.INFO: Socio incluido: Cliente {"cliente":1,"nombre":"Cliente","username":""} []
[2026-01-04T19:12:49.227915+00:00] VideoclubLogger.INFO: Producto incluido: Elden Ring {"producto":1,"titulo":"Elden Ring","precio":59.99} []
[2026-01-04T19:12:49.227991+00:00] VideoclubLogger.INFO: Soporte no alquilado: Elden Ring {"soporte":1} []
[2026-01-04T19:12:49.228144+00:00] VideoclubLogger.INFO: Alquiler realizado {"cliente":1,"producto":1,"titulo":"Elden Ring"} []
[2026-01-04T19:12:49.228586+00:00] VideoclubLogger.INFO: Producto incluido: Avatar {"producto":1,"titulo":"Avatar","precio":3.5} []
[2026-01-04T19:12:49.228771+00:00] VideoclubLogger.INFO: Producto incluido: Titanic {"producto":2,"titulo":"Titanic","precio":2.5} []
[2026-01-04T19:12:49.228847+00:00] VideoclubLogger.INFO: Producto incluido: Jaws {"producto":3,"titulo":"Jaws","precio":2.0} []
[2026-01-04T19:12:49.228914+00:00] VideoclubLogger.INFO: Producto incluido: The Ring {"producto":4,"titulo":"The Ring","precio":1.5} []
[2026-01-04T19:12:49.229001+00:00] VideoclubLogger.INFO: Socio incluido: Juan {"cliente":1,"nombre":"Juan","username":""} []
[2026-01-04T19:12:49.229075+00:00] VideoclubLogger.WARNING: Cupo superado al intentar alquilar varios productos {"cliente":1,"intentados":3,"maximo":2} []
[2026-01-04T19:12:49.229517+00:00] VideoclubLogger.WARNING: Cupo superado al alquilar varios productos {"cliente":1,"cantidad_solicitada":3,"error":"No se pueden alquilar todos los productos: se superaría el máximo de alquileres."} []
[2026-01-04T19:12:49.230060+00:00] VideoclubLogger.INFO: Producto incluido: Avatar {"producto":1,"titulo":"Avatar","precio":3.5} []
[2026-01-04T19:12:49.230233+00:00] VideoclubLogger.INFO: Producto incluido: Titanic {"producto":2,"titulo":"Titanic","precio":2.5} []
[2026-01-04T19:12:49.230309+00:00] VideoclubLogger.INFO: Producto incluido: Jaws {"producto":3,"titulo":"Jaws","precio":2.0} []
[2026-01-04T19:12:49.230397+00:00] VideoclubLogger.INFO: Socio incluido: Juan {"cliente":1,"nombre":"Juan","username":""} []
[2026-01-04T19:12:49.230480+00:00] VideoclubLogger.INFO: Soporte no alquilado: Avatar {"soporte":1} []
[2026-01-04T19:12:49.230645+00:00] VideoclubLogger.INFO: Soporte no alquilado: Titanic {"soporte":2} []
[2026-01-04T19:12:49.230712+00:00] VideoclubLogger.INFO: Alquileres realizados {"cliente":1,"cantidad":2,"productos":[1,2]} []
[2026-01-04T19:12:49.230788+00:00] VideoclubLogger.INFO: Soporte ya alquilado: Avatar {"soporte":1} []
[2026-01-04T19:12:49.230851+00:00] VideoclubLogger.INFO: Soporte ya alquilado: Titanic {"soporte":2} []
[2026-01-04T19:12:49.230912+00:00] VideoclubLogger.INFO: Soporte no alquilado: Jaws {"soporte":3} []
[2026-01-04T19:12:49.230969+00:00] VideoclubLogger.WARNING: Intento de devolver soporte no alquilado por socio {"producto":3,"titulo":"Jaws","cliente":1} []
[2026-01-04T19:12:49.231205+00:00] VideoclubLogger.WARNING: Error soporte no encontrado al devolver varios {"soportes":[1,2,3],"cliente":1,"error":"El soporte Jaws no está alquilado por este socio."} []
[2026-01-04T19:12:49.231542+00:00] VideoclubLogger.INFO: Producto incluido: Avatar {"producto":1,"titulo":"Avatar","precio":3.5} []
[2026-01-04T19:12:49.231713+00:00] VideoclubLogger.INFO: Producto incluido: Titanic {"producto":2,"titulo":"Titanic","precio":2.5} []
[2026-01-04T19:12:49.231789+00:00] VideoclubLogger.INFO: Producto incluido: Jaws {"producto":3,"titulo":"Jaws","precio":2.0} []
[2026-01-04T19:12:49.231877+00:00] VideoclubLogger.INFO: Socio incluido: Juan {"cliente":1,"nombre":"Juan","username":""} []
[2026-01-04T19:12:49.231953+00:00] VideoclubLogger.INFO: Soporte no alquilado: Avatar {"soporte":1} []
[2026-01-04T19:12:49.232119+00:00] VideoclubLogger.INFO: Soporte no alquilado: Titanic {"soporte":2} []
[2026-01-04T19:12:49.232195+00:00] VideoclubLogger.INFO: Soporte no alquilado: Jaws {"soporte":3} []
[2026-01-04T19:12:49.232255+00:00] VideoclubLogger.INFO: Alquileres realizados {"cliente":1,"cantidad":3,"productos":[1,2,3]} []
[2026-01-04T19:12:49.232330+00:00] VideoclubLogger.INFO: Soporte ya alquilado: Avatar {"soporte":1} []
[2026-01-04T19:12:49.232389+00:00] VideoclubLogger.INFO: Soporte ya alquilado: Titanic {"soporte":2} []
[2026-01-04T19:12:49.232454+00:00] VideoclubLogger.INFO: Devoluciones realizadas {"cliente":1,"cantidad":2,"productos":[1,2]} []
[2026-01-04T19:12:49.232771+00:00] VideoclubLogger.INFO: Producto incluido: Avatar {"producto":1,"titulo":"Avatar","precio":3.5} []
[2026-01-04T19:12:49.232939+00:00] VideoclubLogger.INFO: Producto incluido: Titanic {"producto":2,"titulo":"Titanic","precio":2.5} []
[2026-01-04T19:12:49.233015+00:00] VideoclubLogger.INFO: Producto incluido: Jaws {"producto":3,"titulo":"Jaws","precio":2.0} []
[2026-01-04T19:12:49.233107+00:00] VideoclubLogger.INFO: Socio incluido: Juan {"cliente":1,"nombre":"Juan","username":""} []
[2026-01-04T19:12:49.233180+00:00] VideoclubLogger.INFO: Soporte no alquilado: Avatar {"soporte":1} []
[2026-01-04T19:12:49.233330+00:00] VideoclubLogger.INFO: Soporte no alquilado: Titanic {"soporte":2} []
[2026-01-04T19:12:49.233396+00:00] VideoclubLogger.INFO: Soporte no alquilado: Jaws {"soporte":3} []
[2026-01-04T19:12:49.233455+00:00] VideoclubLogger.INFO: Alquileres realizados {"cliente":1,"cantidad":3,"productos":[1,2,3]} []
[2026-01-04T19:12:49.233773+00:00] VideoclubLogger.INFO: Producto incluido: Avatar {"producto":1,"titulo":"Avatar","precio":3.5} []
[2026-01-04T19:12:49.233975+00:00] VideoclubLogger.INFO: Producto incluido: Inception {"producto":2,"titulo":"Inception","precio":4.5} []
[2026-01-04T19:12:49.234052+00:00] VideoclubLogger.INFO: Producto incluido: Elden Ring {"producto":3,"titulo":"Elden Ring","precio":59.99} []
[2026-01-04T19:12:49.234140+00:00] VideoclubLogger.INFO: Socio incluido: Juan {"cliente":1,"nombre":"Juan","username":""} []
[2026-01-04T19:12:49.234213+00:00] VideoclubLogger.INFO: Soporte no alquilado: Avatar {"soporte":1} []
[2026-01-04T19:12:49.234367+00:00] VideoclubLogger.INFO: Soporte no alquilado: Inception {"soporte":2} []
[2026-01-04T19:12:49.234436+00:00] VideoclubLogger.INFO: Soporte no alquilado: Elden Ring {"soporte":3} []
[2026-01-04T19:12:49.234507+00:00] VideoclubLogger.INFO: Alquileres realizados {"cliente":1,"cantidad":3,"productos":[1,2,3]} []
[2026-01-04T19:12:49.234584+00:00] VideoclubLogger.INFO: Soporte ya alquilado: Avatar {"soporte":1} []
[2026-01-04T19:12:49.234644+00:00] VideoclubLogger.INFO: Soporte ya alquilado: Inception {"soporte":2} []
[2026-01-04T19:12:49.234706+00:00] VideoclubLogger.INFO: Devoluciones realizadas {"cliente":1,"cantidad":2,"productos":[1,2]} []
[2026-01-04T19:12:49.234777+00:00] VideoclubLogger.INFO: Soporte no alquilado: Avatar {"soporte":1} []
[2026-01-04T19:12:49.234834+00:00] VideoclubLogger.INFO: Alquiler realizado {"cliente":1,"producto":1,"titulo":"Avatar"} []
[2026-01-04T19:12:49.234900+00:00] VideoclubLogger.INFO: Soporte ya alquilado: Avatar {"soporte":1} []
[2026-01-04T19:12:49.234959+00:00] VideoclubLogger.INFO: Soporte ya alquilado: Elden Ring {"soporte":3} []
[2026-01-04T19:12:49.235019+00:00] VideoclubLogger.INFO: Devoluciones realizadas {"cliente":1,"cantidad":2,"productos":[1,3]} []
[2026-01-04T19:12:49.235872+00:00] VideoclubLogger.INFO: Socio incluido: Juan {"cliente":1,"nombre":"Juan","username":""} []
[2026-01-04T19:12:49.236046+00:00] VideoclubLogger.WARNING: Producto no encontrado {"producto":999} []
[2026-01-04T19:12:49.236121+00:00] VideoclubLogger.INFO: Error soporte no encontrado al alquilar {"soporte":999,"error":"Producto con número 999 no encontrado."} []
[2026-01-04T19:12:49.236599+00:00] VideoclubLogger.INFO: Producto incluido: Avatar {"producto":1,"titulo":"Avatar","precio":3.5} []
[2026-01-04T19:12:49.236793+00:00] VideoclubLogger.INFO: Socio incluido: Juan {"cliente":1,"nombre":"Juan","username":""} []
[2026-01-04T19:12:49.236885+00:00] VideoclubLogger.INFO: Socio incluido: Maria {"cliente":2,"nombre":"Maria","username":""} []
[2026-01-04T19:12:49.236960+00:00] VideoclubLogger.INFO: Soporte no alquilado: Avatar {"soporte":1} []
[2026-01-04T19:12:49.237114+00:00] VideoclubLogger.INFO: Alquiler realizado {"cliente":1,"producto":1,"titulo":"Avatar"} []
[2026-01-04T19:12:49.237193+00:00] VideoclubLogger.INFO: Soporte no alquilado: Avatar {"soporte":1} []
[2026-01-04T19:12:49.237345+00:00] VideoclubLogger.INFO: Alquiler realizado {"cliente":2,"producto":1,"titulo":"Avatar"} []
[2026-01-04T19:12:49.237666+00:00] VideoclubLogger.INFO: Producto incluido: Avatar {"producto":1,"titulo":"Avatar","precio":3.5} []
[2026-01-04T19:12:49.237836+00:00] VideoclubLogger.INFO: Producto incluido: Titanic {"producto":2,"titulo":"Titanic","precio":2.5} []
[2026-01-04T19:12:49.237912+00:00] VideoclubLogger.INFO: Producto incluido: Inception {"producto":3,"titulo":"Inception","precio":4.5} []
[2026-01-04T19:12:49.238004+00:00] VideoclubLogger.INFO: Socio incluido: Juan {"cliente":1,"nombre":"Juan","username":""} []
[2026-01-04T19:12:49.238072+00:00] VideoclubLogger.INFO: Soporte no alquilado: Avatar {"soporte":1} []
[2026-01-04T19:12:49.238223+00:00] VideoclubLogger.INFO: Alquiler realizado {"cliente":1,"producto":1,"titulo":"Avatar"} []
[2026-01-04T19:12:49.238295+00:00] VideoclubLogger.INFO: Soporte no alquilado: Titanic {"soporte":2} []
[2026-01-04T19:12:49.238355+00:00] VideoclubLogger.INFO: Alquiler realizado {"cliente":1,"producto":2,"titulo":"Titanic"} []
[2026-01-04T19:12:49.238425+00:00] VideoclubLogger.INFO: Soporte no alquilado: Inception {"soporte":3} []
[2026-01-04T19:12:49.238533+00:00] VideoclubLogger.WARNING: Cupo superado al intentar alquilar: max 2 {"cliente":1} []
[2026-01-04T19:12:49.238607+00:00] VideoclubLogger.INFO: Cupo superado al intentar alquilar {"cliente":1,"error":"No se puede alquilar: se ha superado el maximo de 2 alquileres."} []
[2026-01-04T19:12:49.238914+00:00] VideoclubLogger.INFO: Producto incluido: Avatar {"producto":1,"titulo":"Avatar","precio":3.5} []
[2026-01-04T19:12:49.239082+00:00] VideoclubLogger.INFO: Producto incluido: Titanic {"producto":2,"titulo":"Titanic","precio":2.5} []
[2026-01-04T19:12:49.239155+00:00] VideoclubLogger.WARNING: Socio no encontrado {"cliente":999} []
[2026-01-04T19:12:49.239382+00:00] VideoclubLogger.WARNING: Error cliente no encontrado al alquilar varios {"cliente":999,"error":"Socio con número 999 no encontrado."} []
[2026-01-04T19:12:49.239708+00:00] VideoclubLogger.INFO: Producto incluido: Avatar {"producto":1,"titulo":"Avatar","precio":3.5} []
[2026-01-04T19:12:49.239900+00:00] VideoclubLogger.INFO: Socio incluido: Juan {"cliente":1,"nombre":"Juan","username":""} []
[2026-01-04T19:12:49.239974+00:00] VideoclubLogger.WARNING: Producto no encontrado {"producto":999} []
[2026-01-04T19:12:49.240038+00:00] VideoclubLogger.WARNING: Error soporte no encontrado al alquilar varios {"soportes":[1,999],"cliente":1,"error":"Producto con número 999 no encontrado."} []
[2026-01-04T19:12:49.240341+00:00] VideoclubLogger.INFO: Producto incluido: Avatar {"producto":1,"titulo":"Avatar","precio":3.5} []
[2026-01-04T19:12:49.240519+00:00] VideoclubLogger.INFO: Producto incluido: Titanic {"producto":2,"titulo":"Titanic","precio":2.5} []
[2026-01-04T19:12:49.240620+00:00] VideoclubLogger.INFO: Socio incluido: Juan {"cliente":1,"nombre":"Juan","username":""} []
[2026-01-04T19:12:49.240707+00:00] VideoclubLogger.INFO: Socio incluido: Maria {"cliente":2,"nombre":"Maria","username":""} []
[2026-01-04T19:12:49.240774+00:00] VideoclubLogger.INFO: Soporte no alquilado: Avatar {"soporte":1} []
[2026-01-04T19:12:49.240927+00:00] VideoclubLogger.INFO: Alquiler realizado {"cliente":1,"producto":1,"titulo":"Avatar"} []
[2026-01-04T19:12:49.241000+00:00] VideoclubLogger.WARNING: Intento de alquiler de soporte ya alquilado {"soporte":1,"titulo":"Avatar","cliente":2} []
[2026-01-04T19:12:49.241231+00:00] VideoclubLogger.WARNING: Soporte ya alquilado al intentar alquilar varios {"soportes":[1,2],"cliente":2,"error":"El soporte Avatar ya está alquilado."} []
[2026-01-04T19:12:49.241566+00:00] VideoclubLogger.INFO: Producto incluido: Avatar {"producto":1,"titulo":"Avatar","precio":3.5} []
[2026-01-04T19:12:49.241735+00:00] VideoclubLogger.INFO: Producto incluido: Titanic {"producto":2,"titulo":"Titanic","precio":2.5} []
[2026-01-04T19:12:49.241811+00:00] VideoclubLogger.INFO: Producto incluido: Inception {"producto":3,"titulo":"Inception","precio":4.5} []
[2026-01-04T19:12:49.241881+00:00] VideoclubLogger.INFO: Producto incluido: The Matrix {"producto":4,"titulo":"The Matrix","precio":3.0} []
[2026-01-04T19:12:49.241968+00:00] VideoclubLogger.INFO: Socio incluido: Juan {"cliente":1,"nombre":"Juan","username":""} []
[2026-01-04T19:12:49.242040+00:00] VideoclubLogger.WARNING: Cupo superado al intentar alquilar varios productos {"cliente":1,"intentados":3,"maximo":2} []
[2026-01-04T19:12:49.242106+00:00] VideoclubLogger.WARNING: Cupo superado al alquilar varios productos {"cliente":1,"cantidad_solicitada":3,"error":"No se pueden alquilar todos los productos: se superaría el máximo de alquileres."} []
[2026-01-04T19:12:49.242414+00:00] VideoclubLogger.INFO: Producto incluido: Avatar {"producto":1,"titulo":"Avatar","precio":3.5} []
[2026-01-04T19:12:49.242594+00:00] VideoclubLogger.WARNING: Socio no encontrado {"cliente":999} []
[2026-01-04T19:12:49.242664+00:00] VideoclubLogger.INFO: Error cliente no encontrado al devolver {"cliente":999,"error":"Socio con número 999 no encontrado."} []
[2026-01-04T19:12:49.242977+00:00] VideoclubLogger.INFO: Socio incluido: Juan {"cliente":1,"nombre":"Juan","username":""} []
[2026-01-04T19:12:49.243168+00:00] VideoclubLogger.WARNING: Producto no encontrado {"producto":999} []
[2026-01-04T19:12:49.243239+00:00] VideoclubLogger.INFO: Error soporte no encontrado al devolver {"soporte":999,"error":"Producto con número 999 no encontrado."} []
[2026-01-04T19:12:49.243548+00:00] VideoclubLogger.INFO: Producto incluido: Avatar {"producto":1,"titulo":"Avatar","precio":3.5} []
[2026-01-04T19:12:49.243715+00:00] VideoclubLogger.INFO: Producto incluido: Titanic {"producto":2,"titulo":"Titanic","precio":2.5} []
[2026-01-04T19:12:49.243788+00:00] VideoclubLogger.WARNING: Socio no encontrado {"cliente":999} []
[2026-01-04T19:12:49.243852+00:00] VideoclubLogger.WARNING: Error cliente no encontrado al devolver varios {"cliente":999,"error":"Socio con número 999 no encontrado."} []
[2026-01-04T19:12:49.244146+00:00] VideoclubLogger.INFO: Producto incluido: Avatar {"producto":1,"titulo":"Avatar","precio":3.5} []
[2026-01-04T19:12:49.244310+00:00] VideoclubLogger.INFO: Producto incluido: Titanic {"producto":2,"titulo":"Titanic","precio":2.5} []
[2026-01-04T19:12:49.244403+00:00] VideoclubLogger.INFO: Socio incluido: Juan {"cliente":1,"nombre":"Juan","username":""} []
[2026-01-04T19:12:49.244483+00:00] VideoclubLogger.INFO: Soporte no alquilado: Avatar {"soporte":1} []
[2026-01-04T19:12:49.244651+00:00] VideoclubLogger.WARNING: Intento de devolver soporte no alquilado por socio {"producto":1,"titulo":"Avatar","cliente":1} []
[2026-01-04T19:12:49.244723+00:00] VideoclubLogger.WARNING: Error soporte no encontrado al devolver varios {"soportes":[1,2],"cliente":1,"error":"El soporte Avatar no está alquilado por este socio."} []
[2026-01-04T19:12:49.245023+00:00] VideoclubLogger.INFO: No hay productos registrados {"videoclub":"Test Videoclub"} []
[2026-01-04T19:12:49.245408+00:00] VideoclubLogger.INFO: Producto incluido: Avatar {"producto":1,"titulo":"Avatar","precio":3.5} []
[2026-01-04T19:12:49.245597+00:00] VideoclubLogger.INFO: Producto incluido: Inception {"producto":2,"titulo":"Inception","precio":4.5} []
[2026-01-04T19:12:49.245673+00:00] VideoclubLogger.INFO: Producto listado {"producto":1,"titulo":"Avatar","precio":3.5,"alquilado":false} []
[2026-01-04T19:12:49.245738+00:00] VideoclubLogger.INFO: Producto listado {"producto":2,"titulo":"Inception","precio":4.5,"alquilado":false} []
[2026-01-04T19:12:49.246033+00:00] VideoclubLogger.INFO: No hay socios registrados {"videoclub":"Test Videoclub"} []
[2026-01-04T19:12:49.246424+00:00] VideoclubLogger.INFO: Producto incluido: Avatar {"producto":1,"titulo":"Avatar","precio":3.5} []
[2026-01-04T19:12:49.246600+00:00] VideoclubLogger.WARNING: Socio no encontrado {"cliente":999} []
[2026-01-04T19:12:49.246671+00:00] VideoclubLogger.INFO: Error cliente no encontrado al alquilar {"cliente":999,"error":"Socio con número 999 no encontrado."} []
[2026-01-04T19:12:49.246970+00:00] VideoclubLogger.INFO: Producto incluido: Avatar {"producto":1,"titulo":"Avatar","precio":3.5} []
[2026-01-04T19:12:49.247135+00:00] VideoclubLogger.INFO: Producto incluido: Titanic {"producto":2,"titulo":"Titanic","precio":2.5} []
[2026-01-04T19:12:49.247209+00:00] VideoclubLogger.INFO: Producto incluido: Jaws {"producto":3,"titulo":"Jaws","precio":2.0} []
[2026-01-04T19:12:49.247296+00:00] VideoclubLogger.INFO: Socio incluido: Juan {"cliente":1,"nombre":"Juan","username":""} []
[2026-01-04T19:12:49.247378+00:00] VideoclubLogger.INFO: Socio incluido: Maria {"cliente":2,"nombre":"Maria","username":""} []
[2026-01-04T19:12:49.247443+00:00] VideoclubLogger.INFO: Soporte no alquilado: Avatar {"soporte":1} []
[2026-01-04T19:12:49.247607+00:00] VideoclubLogger.INFO: Alquiler realizado {"cliente":2,"producto":1,"titulo":"Avatar"} []
[2026-01-04T19:12:49.247679+00:00] VideoclubLogger.WARNING: Intento de alquiler de soporte ya alquilado {"soporte":1,"titulo":"Avatar","cliente":1} []
[2026-01-04T19:12:49.247745+00:00] VideoclubLogger.WARNING: Soporte ya alquilado al intentar alquilar varios {"soportes":[1,2,3],"cliente":1,"error":"El soporte Avatar ya está alquilado."} []
[2026-01-04T19:12:49.248093+00:00] VideoclubLogger.INFO: Producto incluido: Avatar {"producto":1,"titulo":"Avatar","precio":3.5} []
[2026-01-04T19:12:49.248257+00:00] VideoclubLogger.WARNING: Socio no encontrado {"cliente":999} []
[2026-01-04T19:12:49.248325+00:00] VideoclubLogger.INFO: Error cliente no encontrado al devolver {"cliente":999,"error":"Socio con número 999 no encontrado."} []
[2026-01-04T19:12:49.248849+00:00] VideoclubLogger.INFO: Socio incluido: Juan {"cliente":1,"nombre":"Juan","username":""} []
[2026-01-04T19:12:49.249016+00:00] VideoclubLogger.WARNING: Producto no encontrado {"producto":999} []
[2026-01-04T19:12:49.249087+00:00] VideoclubLogger.INFO: Error soporte no encontrado al alquilar {"soporte":999,"error":"Producto con número 999 no encontrado."} []
[2026-01-04T19:12:49.249387+00:00] VideoclubLogger.INFO: Producto incluido: Inception {"producto":1,"titulo":"Inception","precio":4.5} []
[2026-01-04T19:12:49.249564+00:00] VideoclubLogger.INFO: Producto incluido: The Matrix {"producto":2,"titulo":"The Matrix","precio":3.0} []
[2026-01-04T19:12:49.249881+00:00] VideoclubLogger.INFO: Producto incluido: Elden Ring {"producto":1,"titulo":"Elden Ring","precio":59.99} []
[2026-01-04T19:12:49.250048+00:00] VideoclubLogger.INFO: Producto incluido: God of War {"producto":2,"titulo":"God of War","precio":49.99} []
[2026-01-04T19:12:49.250371+00:00] VideoclubLogger.INFO: Socio incluido: Juan {"cliente":1,"nombre":"Juan","username":"juan"} []
[2026-01-04T19:12:49.250569+00:00] VideoclubLogger.INFO: Socio incluido: Maria {"cliente":2,"nombre":"Maria","username":"maria"} []
[2026-01-04T19:12:49.250898+00:00] VideoclubLogger.INFO: Socio incluido: Test {"cliente":1,"nombre":"Test","username":""} []
[2026-01-04T19:12:49.251295+00:00] VideoclubLogger.INFO: Producto incluido: Avatar {"producto":1,"titulo":"Avatar","precio":3.5} []
[2026-01-04T19:12:49.251492+00:00] VideoclubLogger.INFO: Socio incluido: Juan {"cliente":1,"nombre":"Juan","username":""} []
[2026-01-04T19:12:49.251567+00:00] VideoclubLogger.INFO: Soporte no alquilado: Avatar {"soporte":1} []
[2026-01-04T19:12:49.251722+00:00] VideoclubLogger.INFO: Alquiler realizado {"cliente":1,"producto":1,"titulo":"Avatar"} []
[2026-01-04T19:12:49.252025+00:00] VideoclubLogger.INFO: Producto incluido: Avatar {"producto":1,"titulo":"Avatar","precio":3.5} []
[2026-01-04T19:12:49.252185+00:00] VideoclubLogger.WARNING: Socio no encontrado {"cliente":999} []
[2026-01-04T19:12:49.252253+00:00] VideoclubLogger.INFO: Error cliente no encontrado al alquilar {"cliente":999,"error":"Socio con número 999 no encontrado."} []
[2026-01-04T19:12:49.252566+00:00] VideoclubLogger.INFO: Producto incluido: Avatar {"producto":1,"titulo":"Avatar","precio":3.5} []
[2026-01-04T19:12:49.252751+00:00] VideoclubLogger.INFO: Socio incluido: Juan {"cliente":1,"nombre":"Juan","username":""} []
[2026-01-04T19:12:49.252822+00:00] VideoclubLogger.INFO: Soporte no alquilado: Avatar {"soporte":1} []
[2026-01-04T19:12:49.252975+00:00] VideoclubLogger.INFO: Alquiler realizado {"cliente":1,"producto":1,"titulo":"Avatar"} []
[2026-01-04T19:12:49.253056+00:00] VideoclubLogger.INFO: Devolución realizada {"cliente":1,"producto":1,"titulo":"Avatar"} []
[2026-01-04T19:12:49.253356+00:00] VideoclubLogger.INFO: Producto incluido: Avatar {"producto":1,"titulo":"Avatar","precio":3.5} []
[2026-01-04T19:12:49.253530+00:00] VideoclubLogger.WARNING: Socio no encontrado {"cliente":999} []
[2026-01-04T19:12:49.253602+00:00] VideoclubLogger.INFO: Error cliente no encontrado al alquilar {"cliente":999,"error":"Socio con número 999 no encontrado."} []
[2026-01-04T19:12:49.253904+00:00] VideoclubLogger.INFO: Producto incluido: Avatar {"producto":1,"titulo":"Avatar","precio":3.5} []
[2026-01-04T19:12:49.254071+00:00] VideoclubLogger.INFO: Producto incluido: Titanic {"producto":2,"titulo":"Titanic","precio":2.5} []
[2026-01-04T19:12:49.254146+00:00] VideoclubLogger.INFO: Producto incluido: Jaws {"producto":3,"titulo":"Jaws","precio":2.0} []
[2026-01-04T19:12:49.254233+00:00] VideoclubLogger.INFO: Socio incluido: Juan {"cliente":1,"nombre":"Juan","username":""} []
[2026-01-04T19:12:49.254354+00:00] VideoclubLogger.INFO: Socio incluido: Maria {"cliente":2,"nombre":"Maria","username":""} []
[2026-01-04T19:12:49.254424+00:00] VideoclubLogger.INFO: Soporte no alquilado: Avatar {"soporte":1} []
[2026-01-04T19:12:49.254590+00:00] VideoclubLogger.INFO: Alquiler realizado {"cliente":2,"producto":1,"titulo":"Avatar"} []
[2026-01-04T19:12:49.254662+00:00] VideoclubLogger.WARNING: Intento de alquiler de soporte ya alquilado {"soporte":1,"titulo":"Avatar","cliente":1} []
[2026-01-04T19:12:49.254728+00:00] VideoclubLogger.WARNING: Soporte ya alquilado al intentar alquilar varios {"soportes":[1,2,3],"cliente":1,"error":"El soporte Avatar ya está alquilado."} []
[2026-01-04T19:12:49.255091+00:00] VideoclubLogger.INFO: Producto incluido: Película 0 {"producto":1,"titulo":"Película 0","precio":2.5} []
[2026-01-04T19:12:49.255259+00:00] VideoclubLogger.INFO: Producto incluido: Película 1 {"producto":2,"titulo":"Película 1","precio":3.0} []
[2026-01-04T19:12:49.255337+00:00] VideoclubLogger.INFO: Producto incluido: Película 2 {"producto":3,"titulo":"Película 2","precio":3.5} []
[2026-01-04T19:12:49.255404+00:00] VideoclubLogger.INFO: Producto incluido: Película 3 {"producto":4,"titulo":"Película 3","precio":4.0} []
[2026-01-04T19:12:49.255478+00:00] VideoclubLogger.INFO: Producto incluido: Película 4 {"producto":5,"titulo":"Película 4","precio":4.5} []
[2026-01-04T19:12:49.255811+00:00] VideoclubLogger.INFO: Producto incluido: Película 0 {"producto":1,"titulo":"Película 0","precio":2.5} []
[2026-01-04T19:12:49.255979+00:00] VideoclubLogger.INFO: Producto incluido: Película 1 {"producto":2,"titulo":"Película 1","precio":3.0} []
[2026-01-04T19:12:49.256054+00:00] VideoclubLogger.INFO: Producto incluido: Película 2 {"producto":3,"titulo":"Película 2","precio":3.5} []
[2026-01-04T19:12:49.256120+00:00] VideoclubLogger.INFO: Producto incluido: Película 3 {"producto":4,"titulo":"Película 3","precio":4.0} []
[2026-01-04T19:12:49.256184+00:00] VideoclubLogger.INFO: Producto incluido: Película 4 {"producto":5,"titulo":"Película 4","precio":4.5} []
[2026-01-04T19:12:49.256248+00:00] VideoclubLogger.INFO: Producto incluido: Película 5 {"producto":6,"titulo":"Película 5","precio":5.0} []
[2026-01-04T19:12:49.256311+00:00] VideoclubLogger.INFO: Producto incluido: Película 6 {"producto":7,"titulo":"Película 6","precio":5.5} []
[2026-01-04T19:12:49.256378+00:00] VideoclubLogger.INFO: Producto incluido: Película 7 {"producto":8,"titulo":"Película 7","precio":6.0} []
[2026-01-04T19:12:49.256443+00:00] VideoclubLogger.INFO: Producto incluido: Película 8 {"producto":9,"titulo":"Película 8","precio":6.5} []
[2026-01-04T19:12:49.256520+00:00] VideoclubLogger.INFO: Producto incluido: Película 9 {"producto":10,"titulo":"Película 9","precio":7.0} []
[2026-01-04T19:12:49.256843+00:00] VideoclubLogger.INFO: Producto incluido: Película 0 {"producto":1,"titulo":"Película 0","precio":2.5} []
[2026-01-04T19:12:49.257013+00:00] VideoclubLogger.INFO: Producto incluido: Película 1 {"producto":2,"titulo":"Película 1","precio":3.0} []
[2026-01-04T19:12:49.257086+00:00] VideoclubLogger.INFO: Producto incluido: Película 2 {"producto":3,"titulo":"Película 2","precio":3.5} []
[2026-01-04T19:12:49.257155+00:00] VideoclubLogger.INFO: Producto incluido: Película 3 {"producto":4,"titulo":"Película 3","precio":4.0} []
[2026-01-04T19:12:49.257220+00:00] VideoclubLogger.INFO: Producto incluido: Película 4 {"producto":5,"titulo":"Película 4","precio":4.5} []
[2026-01-04T19:12:49.257284+00:00] VideoclubLogger.INFO: Producto incluido: Película 5 {"producto":6,"titulo":"Película 5","precio":5.0} []
[2026-01-04T19:12:49.257346+00:00] VideoclubLogger.INFO: Producto incluido: Película 6 {"producto":7,"titulo":"Película 6","precio":5.5} []
[2026-01-04T19:12:49.257412+00:00] VideoclubLogger.INFO: Producto incluido: Película 7 {"producto":8,"titulo":"Película 7","precio":6.0} []
[2026-01-04T19:12:49.257486+00:00] VideoclubLogger.INFO: Producto incluido: Película 8 {"producto":9,"titulo":"Película 8","precio":6.5} []
[2026-01-04T19:12:49.257586+00:00] VideoclubLogger.INFO: Producto incluido: Película 9 {"producto":10,"titulo":"Película 9","precio":7.0} []
[2026-01-04T19:12:49.257656+00:00] VideoclubLogger.INFO: Producto incluido: Película 10 {"producto":11,"titulo":"Película 10","precio":7.5} []
[2026-01-04T19:12:49.257722+00:00] VideoclubLogger.INFO: Producto incluido: Película 11 {"producto":12,"titulo":"Película 11","precio":8.0} []
[2026-01-04T19:12:49.257785+00:00] VideoclubLogger.INFO: Producto incluido: Película 12 {"producto":13,"titulo":"Película 12","precio":8.5} []
[2026-01-04T19:12:49.257849+00:00] VideoclubLogger.INFO: Producto incluido: Película 13 {"producto":14,"titulo":"Película 13","precio":9.0} []
[2026-01-04T19:12:49.257912+00:00] VideoclubLogger.INFO: Producto incluido: Película 14 {"producto":15,"titulo":"Película 14","precio":9.5} []
[2026-01-04T19:12:49.258231+00:00] VideoclubLogger.INFO: Producto incluido: Película 0 {"producto":1,"titulo":"Película 0","precio":2.5} []
[2026-01-04T19:12:49.258400+00:00] VideoclubLogger.INFO: Producto incluido: Película 1 {"producto":2,"titulo":"Película 1","precio":3.0} []
[2026-01-04T19:12:49.258484+00:00] VideoclubLogger.INFO: Producto incluido: Película 2 {"producto":3,"titulo":"Película 2","precio":3.5} []
[2026-01-04T19:12:49.258553+00:00] VideoclubLogger.INFO: Producto incluido: Película 3 {"producto":4,"titulo":"Película 3","precio":4.0} []
[2026-01-04T19:12:49.258617+00:00] VideoclubLogger.INFO: Producto incluido: Película 4 {"producto":5,"titulo":"Película 4","precio":4.5} []
[2026-01-04T19:12:49.258681+00:00] VideoclubLogger.INFO: Producto incluido: Película 5 {"producto":6,"titulo":"Película 5","precio":5.0} []
[2026-01-04T19:12:49.258744+00:00] VideoclubLogger.INFO: Producto incluido: Película 6 {"producto":7,"titulo":"Película 6","precio":5.5} []
[2026-01-04T19:12:49.258806+00:00] VideoclubLogger.INFO: Producto incluido: Película 7 {"producto":8,"titulo":"Película 7","precio":6.0} []
[2026-01-04T19:12:49.258869+00:00] VideoclubLogger.INFO: Producto incluido: Película 8 {"producto":9,"titulo":"Película 8","precio":6.5} []
[2026-01-04T19:12:49.258932+00:00] VideoclubLogger.INFO: Producto incluido: Película 9 {"producto":10,"titulo":"Película 9","precio":7.0} []
[2026-01-04T19:12:49.258995+00:00] VideoclubLogger.INFO: Producto incluido: Película 10 {"producto":11,"titulo":"Película 10","precio":7.5} []
[2026-01-04T19:12:49.259058+00:00] VideoclubLogger.INFO: Producto incluido: Película 11 {"producto":12,"titulo":"Película 11","precio":8.0} []
[2026-01-04T19:12:49.259120+00:00] VideoclubLogger.INFO: Producto incluido: Película 12 {"producto":13,"titulo":"Película 12","precio":8.5} []
[2026-01-04T19:12:49.259183+00:00] VideoclubLogger.INFO: Producto incluido: Película 13 {"producto":14,"titulo":"Película 13","precio":9.0} []
[2026-01-04T19:12:49.259245+00:00] VideoclubLogger.INFO: Producto incluido: Película 14 {"producto":15,"titulo":"Película 14","precio":9.5} []
[2026-01-04T19:12:49.259308+00:00] VideoclubLogger.INFO: Producto incluido: Película 15 {"producto":16,"titulo":"Película 15","precio":10.0} []
[2026-01-04T19:12:49.259371+00:00] VideoclubLogger.INFO: Producto incluido: Película 16 {"producto":17,"titulo":"Película 16","precio":10.5} []
[2026-01-04T19:12:49.259434+00:00] VideoclubLogger.INFO: Producto incluido: Película 17 {"producto":18,"titulo":"Película 17","precio":11.0} []
[2026-01-04T19:12:49.259507+00:00] VideoclubLogger.INFO: Producto incluido: Película 18 {"producto":19,"titulo":"Película 18","precio":11.5} []
[2026-01-04T19:12:49.259571+00:00] VideoclubLogger.INFO: Producto incluido: Película 19 {"producto":20,"titulo":"Película 19","precio":12.0} []
[2026-01-04T19:12:49.259992+00:00] VideoclubLogger.INFO: Socio incluido: Socio 0 {"cliente":1,"nombre":"Socio 0","username":"user0"} []
[2026-01-04T19:12:49.260180+00:00] VideoclubLogger.INFO: Socio incluido: Socio 1 {"cliente":2,"nombre":"Socio 1","username":"user1"} []
[2026-01-04T19:12:49.260302+00:00] VideoclubLogger.INFO: Socio incluido: Socio 2 {"cliente":3,"nombre":"Socio 2","username":"user2"} []
[2026-01-04T19:12:49.260685+00:00] VideoclubLogger.INFO: Socio incluido: Socio 0 {"cliente":1,"nombre":"Socio 0","username":"user0"} []
[2026-01-04T19:12:49.260869+00:00] VideoclubLogger.INFO: Socio incluido: Socio 1 {"cliente":2,"nombre":"Socio 1","username":"user1"} []
[2026-01-04T19:12:49.260958+00:00] VideoclubLogger.INFO: Socio incluido: Socio 2 {"cliente":3,"nombre":"Socio 2","username":"user2"} []
[2026-01-04T19:12:49.261040+00:00] VideoclubLogger.INFO: Socio incluido: Socio 3 {"cliente":4,"nombre":"Socio 3","username":"user3"} []
[2026-01-04T19:12:49.261119+00:00] VideoclubLogger.INFO: Socio incluido: Socio 4 {"cliente":5,"nombre":"Socio 4","username":"user4"} []
[2026-01-04T19:12:49.261453+00:00] VideoclubLogger.INFO: Socio incluido: Socio 0 {"cliente":1,"nombre":"Socio 0","username":"user0"} []
[2026-01-04T19:12:49.261651+00:00] VideoclubLogger.INFO: Socio incluido: Socio 1 {"cliente":2,"nombre":"Socio 1","username":"user1"} []
[2026-01-04T19:12:49.261740+00:00] VideoclubLogger.INFO: Socio incluido: Socio 2 {"cliente":3,"nombre":"Socio 2","username":"user2"} []
[2026-01-04T19:12:49.261822+00:00] VideoclubLogger.INFO: Socio incluido: Socio 3 {"cliente":4,"nombre":"Socio 3","username":"user3"} []
[2026-01-04T19:12:49.261904+00:00] VideoclubLogger.INFO: Socio incluido: Socio 4 {"cliente":5,"nombre":"Socio 4","username":"user4"} []
[2026-01-04T19:12:49.261983+00:00] VideoclubLogger.INFO: Socio incluido: Socio 5 {"cliente":6,"nombre":"Socio 5","username":"user5"} []
[2026-01-04T19:12:49.262061+00:00] VideoclubLogger.INFO: Socio incluido: Socio 6 {"cliente":7,"nombre":"Socio 6","username":"user6"} []
[2026-01-04T19:12:49.262140+00:00] VideoclubLogger.INFO: Socio incluido: Socio 7 {"cliente":8,"nombre":"Socio 7","username":"user7"} []
[2026-01-04T19:12:49.262217+00:00] VideoclubLogger.INFO: Socio incluido: Socio 8 {"cliente":9,"nombre":"Socio 8","username":"user8"} []
[2026-01-04T19:12:49.262294+00:00] VideoclubLogger.INFO: Socio incluido: Socio 9 {"cliente":10,"nombre":"Socio 9","username":"user9"} []
[2026-01-04T19:12:49.262698+00:00] VideoclubLogger.INFO: Socio incluido: Juan {"cliente":1,"nombre":"Juan","username":""} []
[2026-01-04T19:12:49.262883+00:00] VideoclubLogger.INFO: Socio incluido: Maria {"cliente":2,"nombre":"Maria","username":""} []
[2026-01-04T19:12:49.263196+00:00] VideoclubLogger.INFO: Producto incluido: Avatar {"producto":1,"titulo":"Avatar","precio":3.5} []
[2026-01-04T19:12:49.263380+00:00] VideoclubLogger.INFO: Socio incluido: Juan {"cliente":1,"nombre":"Juan","username":""} []
[2026-01-04T19:12:49.263452+00:00] VideoclubLogger.INFO: Soporte no alquilado: Avatar {"soporte":1} []
[2026-01-04T19:12:49.263618+00:00] VideoclubLogger.INFO: Alquiler realizado {"cliente":1,"producto":1,"titulo":"Avatar"} []
[2026-01-04T19:12:49.263693+00:00] VideoclubLogger.INFO: Devolución realizada {"cliente":1,"producto":1,"titulo":"Avatar"} []
[2026-01-04T19:12:49.263991+00:00] VideoclubLogger.INFO: Producto incluido: Avatar {"producto":1,"titulo":"Avatar","precio":3.5} []
[2026-01-04T19:12:49.264155+00:00] VideoclubLogger.INFO: Producto incluido: Titanic {"producto":2,"titulo":"Titanic","precio":2.5} []
[2026-01-04T19:12:49.264491+00:00] VideoclubLogger.INFO: Socio incluido: Juan {"cliente":1,"nombre":"Juan","username":""} []
[2026-01-04T19:12:49.264676+00:00] VideoclubLogger.INFO: Socio incluido: Maria {"cliente":2,"nombre":"Maria","username":""} []
[2026-01-04T19:12:49.264749+00:00] VideoclubLogger.INFO: Socio listado {"cliente":1,"nombre":"Juan","alquileres":0,"maximo":2} []
[2026-01-04T19:12:49.264816+00:00] VideoclubLogger.INFO: Socio listado {"cliente":2,"nombre":"Maria","alquileres":0,"maximo":3} []
[2026-01-04T19:12:49.266195+00:00] VideoclubLogger.INFO: Soporte no alquilado: Película 0 {"soporte":200} []
[2026-01-04T19:12:49.266366+00:00] VideoclubLogger.INFO: Soporte no alquilado: Película Extra 1 {"soporte":301} []
[2026-01-04T19:12:49.266433+00:00] VideoclubLogger.WARNING: Cupo superado al intentar alquilar: max 1 {"cliente":98} []
[2026-01-04T19:12:49.267361+00:00] VideoclubLogger.INFO: Soporte no alquilado: Película 0 {"soporte":200} []
[2026-01-04T19:12:49.267543+00:00] VideoclubLogger.INFO: Soporte no alquilado: Película 1 {"soporte":201} []
[2026-01-04T19:12:49.267624+00:00] VideoclubLogger.INFO: Soporte no alquilado: Película Extra 2 {"soporte":302} []
[2026-01-04T19:12:49.267686+00:00] VideoclubLogger.WARNING: Cupo superado al intentar alquilar: max 2 {"cliente":98} []
[2026-01-04T19:12:49.268034+00:00] VideoclubLogger.INFO: Soporte no alquilado: Película 0 {"soporte":200} []
[2026-01-04T19:12:49.268198+00:00] VideoclubLogger.INFO: Soporte no alquilado: Película 1 {"soporte":201} []
[2026-01-04T19:12:49.268268+00:00] VideoclubLogger.INFO: Soporte no alquilado: Película 2 {"soporte":202} []
[2026-01-04T19:12:49.268336+00:00] VideoclubLogger.INFO: Soporte no alquilado: Película Extra 3 {"soporte":303} []
[2026-01-04T19:12:49.268393+00:00] VideoclubLogger.WARNING: Cupo superado al intentar alquilar: max 3 {"cliente":98} []
[2026-01-04T19:12:49.268779+00:00] VideoclubLogger.INFO: Soporte no alquilado: Avatar {"soporte":1} []
[2026-01-04T19:12:49.269191+00:00] VideoclubLogger.INFO: Soporte no alquilado: Avatar {"soporte":1} []
[2026-01-04T19:12:49.269614+00:00] VideoclubLogger.INFO: Soporte no alquilado: Avatar {"soporte":1} []
[2026-01-04T19:12:49.269784+00:00] VideoclubLogger.INFO: Soporte ya alquilado: Avatar {"soporte":1} []
[2026-01-04T19:12:49.270149+00:00] VideoclubLogger.INFO: Soporte no alquilado: Avatar {"soporte":50} []
[2026-01-04T19:12:49.270314+00:00] VideoclubLogger.INFO: Soporte ya alquilado: Avatar {"soporte":50} []
[2026-01-04T19:12:49.270707+00:00] VideoclubLogger.INFO: Soporte no alquilado: Inception {"soporte":51} []
[2026-01-04T19:12:49.270874+00:00] VideoclubLogger.INFO: Soporte ya alquilado: Inception {"soporte":51} []
[2026-01-04T19:12:49.271222+00:00] VideoclubLogger.INFO: Soporte no alquilado: Elden Ring {"soporte":52} []
[2026-01-04T19:12:49.271390+00:00] VideoclubLogger.INFO: Soporte ya alquilado: Elden Ring {"soporte":52} []
[2026-01-04T19:12:49.272117+00:00] VideoclubLogger.INFO: Soporte no alquilado: Película 0 {"soporte":100} []
[2026-01-04T19:12:49.272576+00:00] VideoclubLogger.INFO: Soporte no alquilado: Película 0 {"soporte":100} []
[2026-01-04T19:12:49.272743+00:00] VideoclubLogger.INFO: Soporte no alquilado: Película 1 {"soporte":101} []
[2026-01-04T19:12:49.273090+00:00] VideoclubLogger.INFO: Soporte no alquilado: Película 0 {"soporte":100} []
[2026-01-04T19:12:49.273252+00:00] VideoclubLogger.INFO: Soporte no alquilado: Película 1 {"soporte":101} []
[2026-01-04T19:12:49.273321+00:00] VideoclubLogger.INFO: Soporte no alquilado: Película 2 {"soporte":102} []
[2026-01-04T19:12:49.273676+00:00] VideoclubLogger.INFO: Soporte no alquilado: Película 0 {"soporte":100} []
[2026-01-04T19:12:49.273837+00:00] VideoclubLogger.INFO: Soporte no alquilado: Película 1 {"soporte":101} []
[2026-01-04T19:12:49.273907+00:00] VideoclubLogger.INFO: Soporte no alquilado: Película 2 {"soporte":102} []
[2026-01-04T19:12:49.273969+00:00] VideoclubLogger.INFO: Soporte no alquilado: Película 3 {"soporte":103} []
[2026-01-04T19:12:49.274029+00:00] VideoclubLogger.INFO: Soporte no alquilado: Película 4 {"soporte":104} []
[2026-01-04T19:12:49.274377+00:00] VideoclubLogger.INFO: Soporte no alquilado: Película 0 {"soporte":100} []
[2026-01-04T19:12:49.274549+00:00] VideoclubLogger.INFO: Soporte no alquilado: Película 1 {"soporte":101} []
[2026-01-04T19:12:49.274623+00:00] VideoclubLogger.INFO: Soporte no alquilado: Película 2 {"soporte":102} []
[2026-01-04T19:12:49.274689+00:00] VideoclubLogger.INFO: Soporte no alquilado: Película 3 {"soporte":103} []
[2026-01-04T19:12:49.274750+00:00] VideoclubLogger.INFO: Soporte no alquilado: Película 4 {"soporte":104} []
[2026-01-04T19:12:49.274809+00:00] VideoclubLogger.INFO: Soporte no alquilado: Película 5 {"soporte":105} []
[2026-01-04T19:12:49.274868+00:00] VideoclubLogger.INFO: Soporte no alquilado: Película 6 {"soporte":106} []
[2026-01-04T19:12:49.274966+00:00] VideoclubLogger.INFO: Soporte no alquilado: Película 7 {"soporte":107} []
[2026-01-04T19:12:49.275032+00:00] VideoclubLogger.INFO: Soporte no alquilado: Película 8 {"soporte":108} []
[2026-01-04T19:12:49.275093+00:00] VideoclubLogger.INFO: Soporte no alquilado: Película 9 {"soporte":109} []
[2026-01-04T19:12:49.275469+00:00] VideoclubLogger.WARNING: Intento de devolver soporte no alquilado: 1 {"cliente":1} []
[2026-01-04T19:12:49.276075+00:00] VideoclubLogger.INFO: Soporte no alquilado: Avatar {"soporte":1} []
[2026-01-04T19:12:49.276240+00:00] VideoclubLogger.WARNING: Intento de devolver soporte no alquilado: 999 {"cliente":1} []
[2026-01-04T19:12:49.276596+00:00] VideoclubLogger.INFO: Soporte no alquilado: Avatar {"soporte":1} []
[2026-01-04T19:12:49.276771+00:00] VideoclubLogger.INFO: Soporte no alquilado: Avatar {"soporte":1} []
[2026-01-04T19:12:49.277217+00:00] VideoclubLogger.INFO: Soporte no alquilado: Avatar {"soporte":1} []
[2026-01-04T19:12:49.277382+00:00] VideoclubLogger.INFO: Soporte ya alquilado: Avatar {"soporte":1} []
[2026-01-04T19:12:49.277449+00:00] VideoclubLogger.WARNING: Intento de alquiler de soporte ya alquilado: Avatar {"soporte":1,"cliente":1} []
[2026-01-04T19:12:49.278557+00:00] VideoclubLogger.INFO: Soporte no alquilado: Avatar {"soporte":1} []
[2026-01-04T19:12:49.278726+00:00] VideoclubLogger.INFO: Soporte ya alquilado: Avatar {"soporte":1} []
[2026-01-04T19:12:49.278799+00:00] VideoclubLogger.INFO: Soporte no alquilado: Avatar {"soporte":1} []
[2026-01-04T19:12:49.279265+00:00] VideoclubLogger.INFO: Soporte no alquilado: Avatar {"soporte":1} []
[2026-01-04T19:12:49.279427+00:00] VideoclubLogger.INFO: Soporte no alquilado: Inception {"soporte":4} []
[2026-01-04T19:12:49.279510+00:00] VideoclubLogger.INFO: Soporte no alquilado: Elden Ring {"soporte":7} []
[2026-01-04T19:12:49.279569+00:00] VideoclubLogger.WARNING: Cupo superado al intentar alquilar: max 2 {"cliente":1} []
[2026-01-04T19:12:49.280084+00:00] VideoclubLogger.INFO: Soporte no alquilado: Avatar {"soporte":1} []
[2026-01-04T19:12:49.280568+00:00] VideoclubLogger.INFO: Soporte no alquilado: Avatar {"soporte":1} []
[2026-01-04T19:12:49.280740+00:00] VideoclubLogger.INFO: Soporte no alquilado: Inception {"soporte":4} []
[2026-01-04T19:12:49.280808+00:00] VideoclubLogger.INFO: Soporte no alquilado: Elden Ring {"soporte":7} []
[2026-01-04T19:12:49.280880+00:00] VideoclubLogger.INFO: Soporte no alquilado: Avatar {"soporte":1} []
[2026-01-04T19:12:49.280949+00:00] VideoclubLogger.INFO: Soporte no alquilado: Inception {"soporte":4} []
[2026-01-04T19:12:49.281011+00:00] VideoclubLogger.INFO: Soporte no alquilado: Titanic {"soporte":2} []
[2026-01-04T19:12:49.281069+00:00] VideoclubLogger.INFO: Soporte no alquilado: Interstellar {"soporte":5} []
[2026-01-04T19:12:49.281422+00:00] VideoclubLogger.INFO: Alquileres actuales: 0 {"cliente":1} []
[2026-01-04T19:12:49.281590+00:00] VideoclubLogger.INFO: No hay alquileres registrados para el cliente. {"cliente":1} []
[2026-01-04T19:12:49.281946+00:00] VideoclubLogger.INFO: Soporte no alquilado: Avatar {"soporte":1} []
[2026-01-04T19:12:49.282104+00:00] VideoclubLogger.INFO: Soporte no alquilado: Inception {"soporte":4} []
[2026-01-04T19:12:49.282170+00:00] VideoclubLogger.INFO: Alquileres actuales: 2 {"cliente":1} []
[2026-01-04T19:12:49.282229+00:00] VideoclubLogger.INFO: Soporte alquilado: Avatar {"soporte":1,"precio":3.5} []
[2026-01-04T19:12:49.282290+00:00] VideoclubLogger.INFO: Soporte alquilado: Inception {"soporte":4,"precio":4.5} []
[2026-01-04T19:12:49.282870+00:00] VideoclubLogger.INFO: Soporte no alquilado: Avatar {"soporte":1} []
[2026-01-04T19:12:49.283039+00:00] VideoclubLogger.INFO: Soporte no alquilado: Inception {"soporte":4} []
[2026-01-04T19:12:49.283411+00:00] VideoclubLogger.INFO: Soporte no alquilado: Avatar {"soporte":1} []
[2026-01-04T19:12:49.283589+00:00] VideoclubLogger.INFO: Soporte no alquilado: Inception {"soporte":4} []
[2026-01-04T19:12:52.469277+00:00] VideoclubLogger.INFO: Socio incluido: Cliente {"cliente":1,"nombre":"Cliente","username":""} []
[2026-01-04T19:12:52.470364+00:00] VideoclubLogger.INFO: Producto incluido: Elden Ring {"producto":1,"titulo":"Elden Ring","precio":59.99} []
[2026-01-04T19:12:52.470454+00:00] VideoclubLogger.INFO: Soporte no alquilado: Elden Ring {"soporte":1} []
[2026-01-04T19:12:52.470629+00:00] VideoclubLogger.INFO: Alquiler realizado {"cliente":1,"producto":1,"titulo":"Elden Ring"} []
[2026-01-04T19:12:52.474204+00:00] VideoclubLogger.INFO: Socio incluido: Cliente {"cliente":1,"nombre":"Cliente","username":""} []
[2026-01-04T19:12:52.474399+00:00] VideoclubLogger.INFO: Producto incluido: Inception {"producto":1,"titulo":"Inception","precio":4.5} []
[2026-01-04T19:12:52.474478+00:00] VideoclubLogger.INFO: Soporte no alquilado: Inception {"soporte":1} []
[2026-01-04T19:12:52.474640+00:00] VideoclubLogger.INFO: Alquiler realizado {"cliente":1,"producto":1,"titulo":"Inception"} []
[2026-01-04T19:12:52.475048+00:00] VideoclubLogger.INFO: Socio incluido: Cliente {"cliente":1,"nombre":"Cliente","username":""} []
[2026-01-04T19:12:52.475228+00:00] VideoclubLogger.INFO: Producto incluido: Avatar {"producto":1,"titulo":"Avatar","precio":3.5} []
[2026-01-04T19:12:52.475304+00:00] VideoclubLogger.INFO: Soporte no alquilado: Avatar {"soporte":1} []
[2026-01-04T19:12:52.475458+00:00] VideoclubLogger.INFO: Alquiler realizado {"cliente":1,"producto":1,"titulo":"Avatar"} []
[2026-01-04T19:12:52.475536+00:00] VideoclubLogger.INFO: Producto incluido: Inception {"producto":2,"titulo":"Inception","precio":4.5} []
[2026-01-04T19:12:52.475610+00:00] VideoclubLogger.INFO: Soporte no alquilado: Inception {"soporte":2} []
[2026-01-04T19:12:52.475669+00:00] VideoclubLogger.INFO: Alquiler realizado {"cliente":1,"producto":2,"titulo":"Inception"} []
[2026-01-04T19:12:52.476051+00:00] VideoclubLogger.INFO: Socio incluido: Cliente {"cliente":1,"nombre":"Cliente","username":""} []
[2026-01-04T19:12:52.476227+00:00] VideoclubLogger.INFO: Producto incluido: Avatar {"producto":1,"titulo":"Avatar","precio":3.5} []
[2026-01-04T19:12:52.476301+00:00] VideoclubLogger.INFO: Soporte no alquilado: Avatar {"soporte":1} []
[2026-01-04T19:12:52.476452+00:00] VideoclubLogger.INFO: Alquiler realizado {"cliente":1,"producto":1,"titulo":"Avatar"} []
[2026-01-04T19:12:52.476872+00:00] VideoclubLogger.INFO: Producto incluido: Avatar {"producto":1,"titulo":"Avatar","precio":3.5} []
[2026-01-04T19:12:52.477050+00:00] VideoclubLogger.INFO: Producto incluido: Titanic {"producto":2,"titulo":"Titanic","precio":2.5} []
[2026-01-04T19:12:52.477125+00:00] VideoclubLogger.INFO: Producto incluido: Jaws {"producto":3,"titulo":"Jaws","precio":2.0} []
[2026-01-04T19:12:52.477192+00:00] VideoclubLogger.INFO: Producto incluido: The Ring {"producto":4,"titulo":"The Ring","precio":1.5} []
[2026-01-04T19:12:52.477278+00:00] VideoclubLogger.INFO: Socio incluido: Juan {"cliente":1,"nombre":"Juan","username":""} []
[2026-01-04T19:12:52.477354+00:00] VideoclubLogger.WARNING: Cupo superado al intentar alquilar varios productos {"cliente":1,"intentados":3,"maximo":2} []
[2026-01-04T19:12:52.477766+00:00] VideoclubLogger.WARNING: Cupo superado al alquilar varios productos {"cliente":1,"cantidad_solicitada":3,"error":"No se pueden alquilar todos los productos: se superaría el máximo de alquileres."} []
[2026-01-04T19:12:52.478308+00:00] VideoclubLogger.INFO: Producto incluido: Avatar {"producto":1,"titulo":"Avatar","precio":3.5} []
[2026-01-04T19:12:52.478481+00:00] VideoclubLogger.INFO: Producto incluido: Titanic {"producto":2,"titulo":"Titanic","precio":2.5} []
[2026-01-04T19:12:52.478561+00:00] VideoclubLogger.INFO: Producto incluido: Jaws {"producto":3,"titulo":"Jaws","precio":2.0} []
[2026-01-04T19:12:52.478650+00:00] VideoclubLogger.INFO: Socio incluido: Juan {"cliente":1,"nombre":"Juan","username":""} []
[2026-01-04T19:12:52.478721+00:00] VideoclubLogger.INFO: Soporte no alquilado: Avatar {"soporte":1} []
[2026-01-04T19:12:52.478876+00:00] VideoclubLogger.INFO: Soporte no alquilado: Titanic {"soporte":2} []
[2026-01-04T19:12:52.478945+00:00] VideoclubLogger.INFO: Alquileres realizados {"cliente":1,"cantidad":2,"productos":[1,2]} []
[2026-01-04T19:12:52.479063+00:00] VideoclubLogger.INFO: Soporte ya alquilado: Avatar {"soporte":1} []
[2026-01-04T19:12:52.479129+00:00] VideoclubLogger.INFO: Soporte ya alquilado: Titanic {"soporte":2} []
[2026-01-04T19:12:52.479189+00:00] VideoclubLogger.INFO: Soporte no alquilado: Jaws {"soporte":3} []
[2026-01-04T19:12:52.479246+00:00] VideoclubLogger.WARNING: Intento de devolver soporte no alquilado por socio {"producto":3,"titulo":"Jaws","cliente":1} []
[2026-01-04T19:12:52.479473+00:00] VideoclubLogger.WARNING: Error soporte no encontrado al devolver varios {"soportes":[1,2,3],"cliente":1,"error":"El soporte Jaws no está alquilado por este socio."} []
[2026-01-04T19:12:52.479805+00:00] VideoclubLogger.INFO: Producto incluido: Avatar {"producto":1,"titulo":"Avatar","precio":3.5} []
[2026-01-04T19:12:52.479975+00:00] VideoclubLogger.INFO: Producto incluido: Titanic {"producto":2,"titulo":"Titanic","precio":2.5} []
[2026-01-04T19:12:52.480050+00:00] VideoclubLogger.INFO: Producto incluido: Jaws {"producto":3,"titulo":"Jaws","precio":2.0} []
[2026-01-04T19:12:52.480137+00:00] VideoclubLogger.INFO: Socio incluido: Juan {"cliente":1,"nombre":"Juan","username":""} []
[2026-01-04T19:12:52.480210+00:00] VideoclubLogger.INFO: Soporte no alquilado: Avatar {"soporte":1} []
[2026-01-04T19:12:52.480382+00:00] VideoclubLogger.INFO: Soporte no alquilado: Titanic {"soporte":2} []
[2026-01-04T19:12:52.480450+00:00] VideoclubLogger.INFO: Soporte no alquilado: Jaws {"soporte":3} []
[2026-01-04T19:12:52.480514+00:00] VideoclubLogger.INFO: Alquileres realizados {"cliente":1,"cantidad":3,"productos":[1,2,3]} []
[2026-01-04T19:12:52.480589+00:00] VideoclubLogger.INFO: Soporte ya alquilado: Avatar {"soporte":1} []
[2026-01-04T19:12:52.480649+00:00] VideoclubLogger.INFO: Soporte ya alquilado: Titanic {"soporte":2} []
[2026-01-04T19:12:52.480713+00:00] VideoclubLogger.INFO: Devoluciones realizadas {"cliente":1,"cantidad":2,"productos":[1,2]} []
[2026-01-04T19:12:52.481017+00:00] VideoclubLogger.INFO: Producto incluido: Avatar {"producto":1,"titulo":"Avatar","precio":3.5} []
[2026-01-04T19:12:52.481183+00:00] VideoclubLogger.INFO: Producto incluido: Titanic {"producto":2,"titulo":"Titanic","precio":2.5} []
[2026-01-04T19:12:52.481257+00:00] VideoclubLogger.INFO: Producto incluido: Jaws {"producto":3,"titulo":"Jaws","precio":2.0} []
[2026-01-04T19:12:52.481344+00:00] VideoclubLogger.INFO: Socio incluido: Juan {"cliente":1,"nombre":"Juan","username":""} []
[2026-01-04T19:12:52.481416+00:00] VideoclubLogger.INFO: Soporte no alquilado: Avatar {"soporte":1} []
[2026-01-04T19:12:52.481572+00:00] VideoclubLogger.INFO: Soporte no alquilado: Titanic {"soporte":2} []
[2026-01-04T19:12:52.481639+00:00] VideoclubLogger.INFO: Soporte no alquilado: Jaws {"soporte":3} []
[2026-01-04T19:12:52.481698+00:00] VideoclubLogger.INFO: Alquileres realizados {"cliente":1,"cantidad":3,"productos":[1,2,3]} []
[2026-01-04T19:12:52.482001+00:00] VideoclubLogger.INFO: Producto incluido: Avatar {"producto":1,"titulo":"Avatar","precio":3.5} []
[2026-01-04T19:12:52.482170+00:00] VideoclubLogger.INFO: Producto incluido: Inception {"producto":2,"titulo":"Inception","precio":4.5} []
[2026-01-04T19:12:52.482245+00:00] VideoclubLogger.INFO: Producto incluido: Elden Ring {"producto":3,"titulo":"Elden Ring","precio":59.99} []
[2026-01-04T19:12:52.482332+00:00] VideoclubLogger.INFO: Socio incluido: Juan {"cliente":1,"nombre":"Juan","username":""} []
[2026-01-04T19:12:52.482404+00:00] VideoclubLogger.INFO: Soporte no alquilado: Avatar {"soporte":1} []
[2026-01-04T19:12:52.482559+00:00] VideoclubLogger.INFO: Soporte no alquilado: Inception {"soporte":2} []
[2026-01-04T19:12:52.482626+00:00] VideoclubLogger.INFO: Soporte no alquilado: Elden Ring {"soporte":3} []
[2026-01-04T19:12:52.482687+00:00] VideoclubLogger.INFO: Alquileres realizados {"cliente":1,"cantidad":3,"productos":[1,2,3]} []
[2026-01-04T19:12:52.482762+00:00] VideoclubLogger.INFO: Soporte ya alquilado: Avatar {"soporte":1} []
[2026-01-04T19:12:52.482822+00:00] VideoclubLogger.INFO: Soporte ya alquilado: Inception {"soporte":2} []
[2026-01-04T19:12:52.482924+00:00] VideoclubLogger.INFO: Devoluciones realizadas {"cliente":1,"cantidad":2,"productos":[1,2]} []
[2026-01-04T19:12:52.483003+00:00] VideoclubLogger.INFO: Soporte no alquilado: Avatar {"soporte":1} []
[2026-01-04T19:12:52.483062+00:00] VideoclubLogger.INFO: Alquiler realizado {"cliente":1,"producto":1,"titulo":"Avatar"} []
[2026-01-04T19:12:52.483129+00:00] VideoclubLogger.INFO: Soporte ya alquilado: Avatar {"soporte":1} []
[2026-01-04T19:12:52.483188+00:00] VideoclubLogger.INFO: Soporte ya alquilado: Elden Ring {"soporte":3} []
[2026-01-04T19:12:52.483250+00:00] VideoclubLogger.INFO: Devoluciones realizadas {"cliente":1,"cantidad":2,"productos":[1,3]} []
[2026-01-04T19:12:52.484019+00:00] VideoclubLogger.INFO: Socio incluido: Juan {"cliente":1,"nombre":"Juan","username":""} []
[2026-01-04T19:12:52.484191+00:00] VideoclubLogger.WARNING: Producto no encontrado {"producto":999} []
[2026-01-04T19:12:52.484266+00:00] VideoclubLogger.INFO: Error soporte no encontrado al alquilar {"soporte":999,"error":"Producto con número 999 no encontrado."} []
[2026-01-04T19:12:52.484741+00:00] VideoclubLogger.INFO: Producto incluido: Avatar {"producto":1,"titulo":"Avatar","precio":3.5} []
[2026-01-04T19:12:52.484949+00:00] VideoclubLogger.INFO: Socio incluido: Juan {"cliente":1,"nombre":"Juan","username":""} []
[2026-01-04T19:12:52.485045+00:00] VideoclubLogger.INFO: Socio incluido: Maria {"cliente":2,"nombre":"Maria","username":""} []
[2026-01-04T19:12:52.485115+00:00] VideoclubLogger.INFO: Soporte no alquilado: Avatar {"soporte":1} []
[2026-01-04T19:12:52.485276+00:00] VideoclubLogger.INFO: Alquiler realizado {"cliente":1,"producto":1,"titulo":"Avatar"} []
[2026-01-04T19:12:52.485372+00:00] VideoclubLogger.INFO: Soporte no alquilado: Avatar {"soporte":1} []
[2026-01-04T19:12:52.485554+00:00] VideoclubLogger.INFO: Alquiler realizado {"cliente":2,"producto":1,"titulo":"Avatar"} []
[2026-01-04T19:12:52.485867+00:00] VideoclubLogger.INFO: Producto incluido: Avatar {"producto":1,"titulo":"Avatar","precio":3.5} []
[2026-01-04T19:12:52.486033+00:00] VideoclubLogger.INFO: Producto incluido: Titanic {"producto":2,"titulo":"Titanic","precio":2.5} []
[2026-01-04T19:12:52.486108+00:00] VideoclubLogger.INFO: Producto incluido: Inception {"producto":3,"titulo":"Inception","precio":4.5} []
[2026-01-04T19:12:52.486199+00:00] VideoclubLogger.INFO: Socio incluido: Juan {"cliente":1,"nombre":"Juan","username":""} []
[2026-01-04T19:12:52.486268+00:00] VideoclubLogger.INFO: Soporte no alquilado: Avatar {"soporte":1} []
[2026-01-04T19:12:52.486418+00:00] VideoclubLogger.INFO: Alquiler realizado {"cliente":1,"producto":1,"titulo":"Avatar"} []
[2026-01-04T19:12:52.486494+00:00] VideoclubLogger.INFO: Soporte no alquilado: Titanic {"soporte":2} []
[2026-01-04T19:12:52.486554+00:00] VideoclubLogger.INFO: Alquiler realizado {"cliente":1,"producto":2,"titulo":"Titanic"} []
[2026-01-04T19:12:52.486625+00:00] VideoclubLogger.INFO: Soporte no alquilado: Inception {"soporte":3} []
[2026-01-04T19:12:52.486682+00:00] VideoclubLogger.WARNING: Cupo superado al intentar alquilar: max 2 {"cliente":1} []
[2026-01-04T19:12:52.486747+00:00] VideoclubLogger.INFO: Cupo superado al intentar alquilar {"cliente":1,"error":"No se puede alquilar: se ha superado el maximo de 2 alquileres."} []
[2026-01-04T19:12:52.487049+00:00] VideoclubLogger.INFO: Producto incluido: Avatar {"producto":1,"titulo":"Avatar","precio":3.5} []
[2026-01-04T19:12:52.487216+00:00] VideoclubLogger.INFO: Producto incluido: Titanic {"producto":2,"titulo":"Titanic","precio":2.5} []
[2026-01-04T19:12:52.487288+00:00] VideoclubLogger.WARNING: Socio no encontrado {"cliente":999} []
[2026-01-04T19:12:52.487523+00:00] VideoclubLogger.WARNING: Error cliente no encontrado al alquilar varios {"cliente":999,"error":"Socio con número 999 no encontrado."} []
[2026-01-04T19:12:52.487841+00:00] VideoclubLogger.INFO: Producto incluido: Avatar {"producto":1,"titulo":"Avatar","precio":3.5} []
[2026-01-04T19:12:52.488034+00:00] VideoclubLogger.INFO: Socio incluido: Juan {"cliente":1,"nombre":"Juan","username":""} []
[2026-01-04T19:12:52.488150+00:00] VideoclubLogger.WARNING: Producto no encontrado {"producto":999} []
[2026-01-04T19:12:52.488218+00:00] VideoclubLogger.WARNING: Error soporte no encontrado al alquilar varios {"soportes":[1,999],"cliente":1,"error":"Producto con número 999 no encontrado."} []
[2026-01-04T19:12:52.488528+00:00] VideoclubLogger.INFO: Producto incluido: Avatar {"producto":1,"titulo":"Avatar","precio":3.5} []
[2026-01-04T19:12:52.488694+00:00] VideoclubLogger.INFO: Producto incluido: Titanic {"producto":2,"titulo":"Titanic","precio":2.5} []
[2026-01-04T19:12:52.488788+00:00] VideoclubLogger.INFO: Socio incluido: Juan {"cliente":1,"nombre":"Juan","username":""} []
[2026-01-04T19:12:52.488870+00:00] VideoclubLogger.INFO: Socio incluido: Maria {"cliente":2,"nombre":"Maria","username":""} []
[2026-01-04T19:12:52.488935+00:00] VideoclubLogger.INFO: Soporte no alquilado: Avatar {"soporte":1} []
[2026-01-04T19:12:52.489086+00:00] VideoclubLogger.INFO: Alquiler realizado {"cliente":1,"producto":1,"titulo":"Avatar"} []
[2026-01-04T19:12:52.489160+00:00] VideoclubLogger.WARNING: Intento de alquiler de soporte ya alquilado {"soporte":1,"titulo":"Avatar","cliente":2} []
[2026-01-04T19:12:52.489389+00:00] VideoclubLogger.WARNING: Soporte ya alquilado al intentar alquilar varios {"soportes":[1,2],"cliente":2,"error":"El soporte Avatar ya está alquilado."} []
[2026-01-04T19:12:52.489713+00:00] VideoclubLogger.INFO: Producto incluido: Avatar {"producto":1,"titulo":"Avatar","precio":3.5} []
[2026-01-04T19:12:52.489881+00:00] VideoclubLogger.INFO: Producto incluido: Titanic {"producto":2,"titulo":"Titanic","precio":2.5} []
[2026-01-04T19:12:52.489955+00:00] VideoclubLogger.INFO: Producto incluido: Inception {"producto":3,"titulo":"Inception","precio":4.5} []
[2026-01-04T19:12:52.490022+00:00] VideoclubLogger.INFO: Producto incluido: The Matrix {"producto":4,"titulo":"The Matrix","precio":3.0} []
[2026-01-04T19:12:52.490107+00:00] VideoclubLogger.INFO: Socio incluido: Juan {"cliente":1,"nombre":"Juan","username":""} []
[2026-01-04T19:12:52.490178+00:00] VideoclubLogger.WARNING: Cupo superado al intentar alquilar varios productos {"cliente":1,"intentados":3,"maximo":2} []
[2026-01-04T19:12:52.490242+00:00] VideoclubLogger.WARNING: Cupo superado al alquilar varios productos {"cliente":1,"cantidad_solicitada":3,"error":"No se pueden alquilar todos los productos: se superaría el máximo de alquileres."} []
[2026-01-04T19:12:52.490550+00:00] VideoclubLogger.INFO: Producto incluido: Avatar {"producto":1,"titulo":"Avatar","precio":3.5} []
[2026-01-04T19:12:52.490712+00:00] VideoclubLogger.WARNING: Socio no encontrado {"cliente":999} []
[2026-01-04T19:12:52.490782+00:00] VideoclubLogger.INFO: Error cliente no encontrado al devolver {"cliente":999,"error":"Socio con número 999 no encontrado."} []
[2026-01-04T19:12:52.491095+00:00] VideoclubLogger.INFO: Socio incluido: Juan {"cliente":1,"nombre":"Juan","username":""} []
[2026-01-04T19:12:52.491257+00:00] VideoclubLogger.WARNING: Producto no encontrado {"producto":999} []
[2026-01-04T19:12:52.491325+00:00] VideoclubLogger.INFO: Error soporte no encontrado al devolver {"soporte":999,"error":"Producto con número 999 no encontrado."} []
[2026-01-04T19:12:52.491622+00:00] VideoclubLogger.INFO: Producto incluido: Avatar {"producto":1,"titulo":"Avatar","precio":3.5} []
[2026-01-04T19:12:52.491787+00:00] VideoclubLogger.INFO: Producto incluido: Titanic {"producto":2,"titulo":"Titanic","precio":2.5} []
[2026-01-04T19:12:52.491859+00:00] VideoclubLogger.WARNING: Socio no encontrado {"cliente":999} []
[2026-01-04T19:12:52.491921+00:00] VideoclubLogger.WARNING: Error cliente no encontrado al devolver varios {"cliente":999,"error":"Socio con número 999 no encontrado."} []
[2026-01-04T19:12:52.492213+00:00] VideoclubLogger.INFO: Producto incluido: Avatar {"producto":1,"titulo":"Avatar","precio":3.5} []
[2026-01-04T19:12:52.492378+00:00] VideoclubLogger.INFO: Producto incluido: Titanic {"producto":2,"titulo":"Titanic","precio":2.5} []
[2026-01-04T19:12:52.492516+00:00] VideoclubLogger.INFO: Socio incluido: Juan {"cliente":1,"nombre":"Juan","username":""} []
[2026-01-04T19:12:52.492601+00:00] VideoclubLogger.INFO: Soporte no alquilado: Avatar {"soporte":1} []
[2026-01-04T19:12:52.492762+00:00] VideoclubLogger.WARNING: Intento de devolver soporte no alquilado por socio {"producto":1,"titulo":"Avatar","cliente":1} []
[2026-01-04T19:12:52.492835+00:00] VideoclubLogger.WARNING: Error soporte no encontrado al devolver varios {"soportes":[1,2],"cliente":1,"error":"El soporte Avatar no está alquilado por este socio."} []
[2026-01-04T19:12:52.493137+00:00] VideoclubLogger.INFO: No hay productos registrados {"videoclub":"Test Videoclub"} []
[2026-01-04T19:12:52.493529+00:00] VideoclubLogger.INFO: Producto incluido: Avatar {"producto":1,"titulo":"Avatar","precio":3.5} []
[2026-01-04T19:12:52.493697+00:00] VideoclubLogger.INFO: Producto incluido: Inception {"producto":2,"titulo":"Inception","precio":4.5} []
[2026-01-04T19:12:52.493773+00:00] VideoclubLogger.INFO: Producto listado {"producto":1,"titulo":"Avatar","precio":3.5,"alquilado":false} []
[2026-01-04T19:12:52.493841+00:00] VideoclubLogger.INFO: Producto listado {"producto":2,"titulo":"Inception","precio":4.5,"alquilado":false} []
[2026-01-04T19:12:52.494136+00:00] VideoclubLogger.INFO: No hay socios registrados {"videoclub":"Test Videoclub"} []
[2026-01-04T19:12:52.494530+00:00] VideoclubLogger.INFO: Producto incluido: Avatar {"producto":1,"titulo":"Avatar","precio":3.5} []
[2026-01-04T19:12:52.494693+00:00] VideoclubLogger.WARNING: Socio no encontrado {"cliente":999} []
[2026-01-04T19:12:52.494761+00:00] VideoclubLogger.INFO: Error cliente no encontrado al alquilar {"cliente":999,"error":"Socio con número 999 no encontrado."} []
[2026-01-04T19:12:52.495057+00:00] VideoclubLogger.INFO: Producto incluido: Avatar {"producto":1,"titulo":"Avatar","precio":3.5} []
[2026-01-04T19:12:52.495221+00:00] VideoclubLogger.INFO: Producto incluido: Titanic {"producto":2,"titulo":"Titanic","precio":2.5} []
[2026-01-04T19:12:52.495295+00:00] VideoclubLogger.INFO: Producto incluido: Jaws {"producto":3,"titulo":"Jaws","precio":2.0} []
[2026-01-04T19:12:52.495381+00:00] VideoclubLogger.INFO: Socio incluido: Juan {"cliente":1,"nombre":"Juan","username":""} []
[2026-01-04T19:12:52.495464+00:00] VideoclubLogger.INFO: Socio incluido: Maria {"cliente":2,"nombre":"Maria","username":""} []
[2026-01-04T19:12:52.495535+00:00] VideoclubLogger.INFO: Soporte no alquilado: Avatar {"soporte":1} []
[2026-01-04T19:12:52.495686+00:00] VideoclubLogger.INFO: Alquiler realizado {"cliente":2,"producto":1,"titulo":"Avatar"} []
[2026-01-04T19:12:52.495757+00:00] VideoclubLogger.WARNING: Intento de alquiler de soporte ya alquilado {"soporte":1,"titulo":"Avatar","cliente":1} []
[2026-01-04T19:12:52.495822+00:00] VideoclubLogger.WARNING: Soporte ya alquilado al intentar alquilar varios {"soportes":[1,2,3],"cliente":1,"error":"El soporte Avatar ya está alquilado."} []
[2026-01-04T19:12:52.496128+00:00] VideoclubLogger.INFO: Producto incluido: Avatar {"producto":1,"titulo":"Avatar","precio":3.5} []
[2026-01-04T19:12:52.496289+00:00] VideoclubLogger.WARNING: Socio no encontrado {"cliente":999} []
[2026-01-04T19:12:52.496359+00:00] VideoclubLogger.INFO: Error cliente no encontrado al devolver {"cliente":999,"error":"Socio con número 999 no encontrado."} []
[2026-01-04T19:12:52.496891+00:00] VideoclubLogger.INFO: Socio incluido: Juan {"cliente":1,"nombre":"Juan","username":""} []
[2026-01-04T19:12:52.497059+00:00] VideoclubLogger.WARNING: Producto no encontrado {"producto":999} []
[2026-01-04T19:12:52.497129+00:00] VideoclubLogger.INFO: Error soporte no encontrado al alquilar {"soporte":999,"error":"Producto con número 999 no encontrado."} []
[2026-01-04T19:12:52.497430+00:00] VideoclubLogger.INFO: Producto incluido: Inception {"producto":1,"titulo":"Inception","precio":4.5} []
[2026-01-04T19:12:52.497602+00:00] VideoclubLogger.INFO: Producto incluido: The Matrix {"producto":2,"titulo":"The Matrix","precio":3.0} []
[2026-01-04T19:12:52.497953+00:00] VideoclubLogger.INFO: Producto incluido: Elden Ring {"producto":1,"titulo":"Elden Ring","precio":59.99} []
[2026-01-04T19:12:52.498124+00:00] VideoclubLogger.INFO: Producto incluido: God of War {"producto":2,"titulo":"God of War","precio":49.99} []
[2026-01-04T19:12:52.498448+00:00] VideoclubLogger.INFO: Socio incluido: Juan {"cliente":1,"nombre":"Juan","username":"juan"} []
[2026-01-04T19:12:52.498637+00:00] VideoclubLogger.INFO: Socio incluido: Maria {"cliente":2,"nombre":"Maria","username":"maria"} []
[2026-01-04T19:12:52.498965+00:00] VideoclubLogger.INFO: Socio incluido: Test {"cliente":1,"nombre":"Test","username":""} []
[2026-01-04T19:12:52.499361+00:00] VideoclubLogger.INFO: Producto incluido: Avatar {"producto":1,"titulo":"Avatar","precio":3.5} []
[2026-01-04T19:12:52.499549+00:00] VideoclubLogger.INFO: Socio incluido: Juan {"cliente":1,"nombre":"Juan","username":""} []
[2026-01-04T19:12:52.499622+00:00] VideoclubLogger.INFO: Soporte no alquilado: Avatar {"soporte":1} []
[2026-01-04T19:12:52.499774+00:00] VideoclubLogger.INFO: Alquiler realizado {"cliente":1,"producto":1,"titulo":"Avatar"} []
[2026-01-04T19:12:52.500074+00:00] VideoclubLogger.INFO: Producto incluido: Avatar {"producto":1,"titulo":"Avatar","precio":3.5} []
[2026-01-04T19:12:52.500233+00:00] VideoclubLogger.WARNING: Socio no encontrado {"cliente":999} []
[2026-01-04T19:12:52.500300+00:00] VideoclubLogger.INFO: Error cliente no encontrado al alquilar {"cliente":999,"error":"Socio con número 999 no encontrado."} []
[2026-01-04T19:12:52.500609+00:00] VideoclubLogger.INFO: Producto incluido: Avatar {"producto":1,"titulo":"Avatar","precio":3.5} []
[2026-01-04T19:12:52.500792+00:00] VideoclubLogger.INFO: Socio incluido: Juan {"cliente":1,"nombre":"Juan","username":""} []
[2026-01-04T19:12:52.500863+00:00] VideoclubLogger.INFO: Soporte no alquilado: Avatar {"soporte":1} []
[2026-01-04T19:12:52.501014+00:00] VideoclubLogger.INFO: Alquiler realizado {"cliente":1,"producto":1,"titulo":"Avatar"} []
[2026-01-04T19:12:52.501094+00:00] VideoclubLogger.INFO: Devolución realizada {"cliente":1,"producto":1,"titulo":"Avatar"} []
[2026-01-04T19:12:52.501386+00:00] VideoclubLogger.INFO: Producto incluido: Avatar {"producto":1,"titulo":"Avatar","precio":3.5} []
[2026-01-04T19:12:52.501549+00:00] VideoclubLogger.WARNING: Socio no encontrado {"cliente":999} []
[2026-01-04T19:12:52.501617+00:00] VideoclubLogger.INFO: Error cliente no encontrado al alquilar {"cliente":999,"error":"Socio con número 999 no encontrado."} []
[2026-01-04T19:12:52.501910+00:00] VideoclubLogger.INFO: Producto incluido: Avatar {"producto":1,"titulo":"Avatar","precio":3.5} []
[2026-01-04T19:12:52.502072+00:00] VideoclubLogger.INFO: Producto incluido: Titanic {"producto":2,"titulo":"Titanic","precio":2.5} []
[2026-01-04T19:12:52.502145+00:00] VideoclubLogger.INFO: Producto incluido: Jaws {"producto":3,"titulo":"Jaws","precio":2.0} []
[2026-01-04T19:12:52.502231+00:00] VideoclubLogger.INFO: Socio incluido: Juan {"cliente":1,"nombre":"Juan","username":""} []
[2026-01-04T19:12:52.502312+00:00] VideoclubLogger.INFO: Socio incluido: Maria {"cliente":2,"nombre":"Maria","username":""} []
[2026-01-04T19:12:52.502377+00:00] VideoclubLogger.INFO: Soporte no alquilado: Avatar {"soporte":1} []
[2026-01-04T19:12:52.502534+00:00] VideoclubLogger.INFO: Alquiler realizado {"cliente":2,"producto":1,"titulo":"Avatar"} []
[2026-01-04T19:12:52.502607+00:00] VideoclubLogger.WARNING: Intento de alquiler de soporte ya alquilado {"soporte":1,"titulo":"Avatar","cliente":1} []
[2026-01-04T19:12:52.502674+00:00] VideoclubLogger.WARNING: Soporte ya alquilado al intentar alquilar varios {"soportes":[1,2,3],"cliente":1,"error":"El soporte Avatar ya está alquilado."} []
[2026-01-04T19:12:52.503038+00:00] VideoclubLogger.INFO: Producto incluido: Película 0 {"producto":1,"titulo":"Película 0","precio":2.5} []
[2026-01-04T19:12:52.503204+00:00] VideoclubLogger.INFO: Producto incluido: Película 1 {"producto":2,"titulo":"Película 1","precio":3.0} []
[2026-01-04T19:12:52.503280+00:00] VideoclubLogger.INFO: Producto incluido: Película 2 {"producto":3,"titulo":"Película 2","precio":3.5} []
[2026-01-04T19:12:52.503385+00:00] VideoclubLogger.INFO: Producto incluido: Película 3 {"producto":4,"titulo":"Película 3","precio":4.0} []
[2026-01-04T19:12:52.503455+00:00] VideoclubLogger.INFO: Producto incluido: Película 4 {"producto":5,"titulo":"Película 4","precio":4.5} []
[2026-01-04T19:12:52.503797+00:00] VideoclubLogger.INFO: Producto incluido: Película 0 {"producto":1,"titulo":"Película 0","precio":2.5} []
[2026-01-04T19:12:52.503972+00:00] VideoclubLogger.INFO: Producto incluido: Película 1 {"producto":2,"titulo":"Película 1","precio":3.0} []
[2026-01-04T19:12:52.504048+00:00] VideoclubLogger.INFO: Producto incluido: Película 2 {"producto":3,"titulo":"Película 2","precio":3.5} []
[2026-01-04T19:12:52.504150+00:00] VideoclubLogger.INFO: Producto incluido: Película 3 {"producto":4,"titulo":"Película 3","precio":4.0} []
[2026-01-04T19:12:52.504254+00:00] VideoclubLogger.INFO: Producto incluido: Película 4 {"producto":5,"titulo":"Película 4","precio":4.5} []
[2026-01-04T19:12:52.504341+00:00] VideoclubLogger.INFO: Producto incluido: Película 5 {"producto":6,"titulo":"Película 5","precio":5.0} []
[2026-01-04T19:12:52.504422+00:00] VideoclubLogger.INFO: Producto incluido: Película 6 {"producto":7,"titulo":"Película 6","precio":5.5} []
[2026-01-04T19:12:52.504513+00:00] VideoclubLogger.INFO: Producto incluido: Película 7 {"producto":8,"titulo":"Película 7","precio":6.0} []
[2026-01-04T19:12:52.504593+00:00] VideoclubLogger.INFO: Producto incluido: Película 8 {"producto":9,"titulo":"Película 8","precio":6.5} []
[2026-01-04T19:12:52.504672+00:00] VideoclubLogger.INFO: Producto incluido: Película 9 {"producto":10,"titulo":"Película 9","precio":7.0} []
[2026-01-04T19:12:52.505067+00:00] VideoclubLogger.INFO: Producto incluido: Película 0 {"producto":1,"titulo":"Película 0","precio":2.5} []
[2026-01-04T19:12:52.505246+00:00] VideoclubLogger.INFO: Producto incluido: Película 1 {"producto":2,"titulo":"Película 1","precio":3.0} []
[2026-01-04T19:12:52.505323+00:00] VideoclubLogger.INFO: Producto incluido: Película 2 {"producto":3,"titulo":"Película 2","precio":3.5} []
[2026-01-04T19:12:52.505392+00:00] VideoclubLogger.INFO: Producto incluido: Película 3 {"producto":4,"titulo":"Película 3","precio":4.0} []
[2026-01-04T19:12:52.505456+00:00] VideoclubLogger.INFO: Producto incluido: Película 4 {"producto":5,"titulo":"Película 4","precio":4.5} []
[2026-01-04T19:12:52.505533+00:00] VideoclubLogger.INFO: Producto incluido: Película 5 {"producto":6,"titulo":"Película 5","precio":5.0} []
[2026-01-04T19:12:52.505597+00:00] VideoclubLogger.INFO: Producto incluido: Película 6 {"producto":7,"titulo":"Película 6","precio":5.5} []
[2026-01-04T19:12:52.505660+00:00] VideoclubLogger.INFO: Producto incluido: Película 7 {"producto":8,"titulo":"Película 7","precio":6.0} []
[2026-01-04T19:12:52.505723+00:00] VideoclubLogger.INFO: Producto incluido: Película 8 {"producto":9,"titulo":"Película 8","precio":6.5} []
[2026-01-04T19:12:52.505786+00:00] VideoclubLogger.INFO: Producto incluido: Película 9 {"producto":10,"titulo":"Película 9","precio":7.0} []
[2026-01-04T19:12:52.505848+00:00] VideoclubLogger.INFO: Producto incluido: Película 10 {"producto":11,"titulo":"Película 10","precio":7.5} []
[2026-01-04T19:12:52.505911+00:00] VideoclubLogger.INFO: Producto incluido: Película 11 {"producto":12,"titulo":"Película 11","precio":8.0} []
[2026-01-04T19:12:52.505973+00:00] VideoclubLogger.INFO: Producto incluido: Película 12 {"producto":13,"titulo":"Película 12","precio":8.5} []
[2026-01-04T19:12:52.506036+00:00] VideoclubLogger.INFO: Producto incluido: Película 13 {"producto":14,"titulo":"Película 13","precio":9.0} []
[2026-01-04T19:12:52.506098+00:00] VideoclubLogger.INFO: Producto incluido: Película 14 {"producto":15,"titulo":"Película 14","precio":9.5} []
[2026-01-04T19:12:52.506418+00:00] VideoclubLogger.INFO: Producto incluido: Película 0 {"producto":1,"titulo":"Película 0","precio":2.5} []
[2026-01-04T19:12:52.506631+00:00] VideoclubLogger.INFO: Producto incluido: Película 1 {"producto":2,"titulo":"Película 1","precio":3.0} []
[2026-01-04T19:12:52.506710+00:00] VideoclubLogger.INFO: Producto incluido: Película 2 {"producto":3,"titulo":"Película 2","precio":3.5} []
[2026-01-04T19:12:52.506777+00:00] VideoclubLogger.INFO: Producto incluido: Película 3 {"producto":4,"titulo":"Película 3","precio":4.0} []
[2026-01-04T19:12:52.506840+00:00] VideoclubLogger.INFO: Producto incluido: Película 4 {"producto":5,"titulo":"Película 4","precio":4.5} []
[2026-01-04T19:12:52.506903+00:00] VideoclubLogger.INFO: Producto incluido: Película 5 {"producto":6,"titulo":"Película 5","precio":5.0} []
[2026-01-04T19:12:52.506966+00:00] VideoclubLogger.INFO: Producto incluido: Película 6 {"producto":7,"titulo":"Película 6","precio":5.5} []
[2026-01-04T19:12:52.507028+00:00] VideoclubLogger.INFO: Producto incluido: Película 7 {"producto":8,"titulo":"Película 7","precio":6.0} []
[2026-01-04T19:12:52.507090+00:00] VideoclubLogger.INFO: Producto incluido: Película 8 {"producto":9,"titulo":"Película 8","precio":6.5} []
[2026-01-04T19:12:52.507153+00:00] VideoclubLogger.INFO: Producto incluido: Película 9 {"producto":10,"titulo":"Película 9","precio":7.0} []
[2026-01-04T19:12:52.507215+00:00] VideoclubLogger.INFO: Producto incluido: Película 10 {"producto":11,"titulo":"Película 10","precio":7.5} []
[2026-01-04T19:12:52.507277+00:00] VideoclubLogger.INFO: Producto incluido: Película 11 {"producto":12,"titulo":"Película 11","precio":8.0} []
[2026-01-04T19:12:52.507339+00:00] VideoclubLogger.INFO: Producto incluido: Película 12 {"producto":13,"titulo":"Película 12","precio":8.5} []
[2026-01-04T19:12:52.507402+00:00] VideoclubLogger.INFO: Producto incluido: Película 13 {"producto":14,"titulo":"Película 13","precio":9.0} []
[2026-01-04T19:12:52.507464+00:00] VideoclubLogger.INFO: Producto incluido: Película 14 {"producto":15,"titulo":"Película 14","precio":9.5} []
[2026-01-04T19:12:52.507538+00:00] VideoclubLogger.INFO: Producto incluido: Película 15 {"producto":16,"titulo":"Película 15","precio":10.0} []
[2026-01-04T19:12:52.507602+00:00] VideoclubLogger.INFO: Producto incluido: Película 16 {"producto":17,"titulo":"Película 16","precio":10.5} []
[2026-01-04T19:12:52.507665+00:00] VideoclubLogger.INFO: Producto incluido: Película 17 {"producto":18,"titulo":"Película 17","precio":11.0} []
[2026-01-04T19:12:52.507727+00:00] VideoclubLogger.INFO: Producto incluido: Película 18 {"producto":19,"titulo":"Película 18","precio":11.5} []
[2026-01-04T19:12:52.507790+00:00] VideoclubLogger.INFO: Producto incluido: Película 19 {"producto":20,"titulo":"Película 19","precio":12.0} []
[2026-01-04T19:12:52.508205+00:00] VideoclubLogger.INFO: Socio incluido: Socio 0 {"cliente":1,"nombre":"Socio 0","username":"user0"} []
[2026-01-04T19:12:52.508393+00:00] VideoclubLogger.INFO: Socio incluido: Socio 1 {"cliente":2,"nombre":"Socio 1","username":"user1"} []
[2026-01-04T19:12:52.508482+00:00] VideoclubLogger.INFO: Socio incluido: Socio 2 {"cliente":3,"nombre":"Socio 2","username":"user2"} []
[2026-01-04T19:12:52.508942+00:00] VideoclubLogger.INFO: Socio incluido: Socio 0 {"cliente":1,"nombre":"Socio 0","username":"user0"} []
[2026-01-04T19:12:52.509213+00:00] VideoclubLogger.INFO: Socio incluido: Socio 1 {"cliente":2,"nombre":"Socio 1","username":"user1"} []
[2026-01-04T19:12:52.509304+00:00] VideoclubLogger.INFO: Socio incluido: Socio 2 {"cliente":3,"nombre":"Socio 2","username":"user2"} []
[2026-01-04T19:12:52.509386+00:00] VideoclubLogger.INFO: Socio incluido: Socio 3 {"cliente":4,"nombre":"Socio 3","username":"user3"} []
[2026-01-04T19:12:52.509465+00:00] VideoclubLogger.INFO: Socio incluido: Socio 4 {"cliente":5,"nombre":"Socio 4","username":"user4"} []
[2026-01-04T19:12:52.509818+00:00] VideoclubLogger.INFO: Socio incluido: Socio 0 {"cliente":1,"nombre":"Socio 0","username":"user0"} []
[2026-01-04T19:12:52.510003+00:00] VideoclubLogger.INFO: Socio incluido: Socio 1 {"cliente":2,"nombre":"Socio 1","username":"user1"} []
[2026-01-04T19:12:52.510126+00:00] VideoclubLogger.INFO: Socio incluido: Socio 2 {"cliente":3,"nombre":"Socio 2","username":"user2"} []
[2026-01-04T19:12:52.510211+00:00] VideoclubLogger.INFO: Socio incluido: Socio 3 {"cliente":4,"nombre":"Socio 3","username":"user3"} []
[2026-01-04T19:12:52.510293+00:00] VideoclubLogger.INFO: Socio incluido: Socio 4 {"cliente":5,"nombre":"Socio 4","username":"user4"} []
[2026-01-04T19:12:52.510371+00:00] VideoclubLogger.INFO: Socio incluido: Socio 5 {"cliente":6,"nombre":"Socio 5","username":"user5"} []
[2026-01-04T19:12:52.510449+00:00] VideoclubLogger.INFO: Socio incluido: Socio 6 {"cliente":7,"nombre":"Socio 6","username":"user6"} []
[2026-01-04T19:12:52.510539+00:00] VideoclubLogger.INFO: Socio incluido: Socio 7 {"cliente":8,"nombre":"Socio 7","username":"user7"} []
[2026-01-04T19:12:52.510617+00:00] VideoclubLogger.INFO: Socio incluido: Socio 8 {"cliente":9,"nombre":"Socio 8","username":"user8"} []
[2026-01-04T19:12:52.510694+00:00] VideoclubLogger.INFO: Socio incluido: Socio 9 {"cliente":10,"nombre":"Socio 9","username":"user9"} []
[2026-01-04T19:12:52.511080+00:00] VideoclubLogger.INFO: Socio incluido: Juan {"cliente":1,"nombre":"Juan","username":""} []
[2026-01-04T19:12:52.511266+00:00] VideoclubLogger.INFO: Socio incluido: Maria {"cliente":2,"nombre":"Maria","username":""} []
[2026-01-04T19:12:52.511605+00:00] VideoclubLogger.INFO: Producto incluido: Avatar {"producto":1,"titulo":"Avatar","precio":3.5} []
[2026-01-04T19:12:52.511792+00:00] VideoclubLogger.INFO: Socio incluido: Juan {"cliente":1,"nombre":"Juan","username":""} []
[2026-01-04T19:12:52.511866+00:00] VideoclubLogger.INFO: Soporte no alquilado: Avatar {"soporte":1} []
[2026-01-04T19:12:52.512016+00:00] VideoclubLogger.INFO: Alquiler realizado {"cliente":1,"producto":1,"titulo":"Avatar"} []
[2026-01-04T19:12:52.512089+00:00] VideoclubLogger.INFO: Devolución realizada {"cliente":1,"producto":1,"titulo":"Avatar"} []
[2026-01-04T19:12:52.512388+00:00] VideoclubLogger.INFO: Producto incluido: Avatar {"producto":1,"titulo":"Avatar","precio":3.5} []
[2026-01-04T19:12:52.512565+00:00] VideoclubLogger.INFO: Producto incluido: Titanic {"producto":2,"titulo":"Titanic","precio":2.5} []
[2026-01-04T19:12:52.512897+00:00] VideoclubLogger.INFO: Socio incluido: Juan {"cliente":1,"nombre":"Juan","username":""} []
[2026-01-04T19:12:52.513080+00:00] VideoclubLogger.INFO: Socio incluido: Maria {"cliente":2,"nombre":"Maria","username":""} []
[2026-01-04T19:12:52.513154+00:00] VideoclubLogger.INFO: Socio listado {"cliente":1,"nombre":"Juan","alquileres":0,"maximo":2} []
[2026-01-04T19:12:52.513220+00:00] VideoclubLogger.INFO: Socio listado {"cliente":2,"nombre":"Maria","alquileres":0,"maximo":3} []
[2026-01-04T19:12:52.514610+00:00] VideoclubLogger.INFO: Soporte no alquilado: Película 0 {"soporte":200} []
[2026-01-04T19:12:52.514783+00:00] VideoclubLogger.INFO: Soporte no alquilado: Película Extra 1 {"soporte":301} []
[2026-01-04T19:12:52.514851+00:00] VideoclubLogger.WARNING: Cupo superado al intentar alquilar: max 1 {"cliente":98} []
[2026-01-04T19:12:52.515764+00:00] VideoclubLogger.INFO: Soporte no alquilado: Película 0 {"soporte":200} []
[2026-01-04T19:12:52.515931+00:00] VideoclubLogger.INFO: Soporte no alquilado: Película 1 {"soporte":201} []
[2026-01-04T19:12:52.516010+00:00] VideoclubLogger.INFO: Soporte no alquilado: Película Extra 2 {"soporte":302} []
[2026-01-04T19:12:52.516071+00:00] VideoclubLogger.WARNING: Cupo superado al intentar alquilar: max 2 {"cliente":98} []
[2026-01-04T19:12:52.516413+00:00] VideoclubLogger.INFO: Soporte no alquilado: Película 0 {"soporte":200} []
[2026-01-04T19:12:52.516589+00:00] VideoclubLogger.INFO: Soporte no alquilado: Película 1 {"soporte":201} []
[2026-01-04T19:12:52.516663+00:00] VideoclubLogger.INFO: Soporte no alquilado: Película 2 {"soporte":202} []
[2026-01-04T19:12:52.516733+00:00] VideoclubLogger.INFO: Soporte no alquilado: Película Extra 3 {"soporte":303} []
[2026-01-04T19:12:52.516790+00:00] VideoclubLogger.WARNING: Cupo superado al intentar alquilar: max 3 {"cliente":98} []
[2026-01-04T19:12:52.517900+00:00] VideoclubLogger.INFO: Soporte no alquilado: Avatar {"soporte":1} []
[2026-01-04T19:12:52.518321+00:00] VideoclubLogger.INFO: Soporte no alquilado: Avatar {"soporte":1} []
[2026-01-04T19:12:52.518742+00:00] VideoclubLogger.INFO: Soporte no alquilado: Avatar {"soporte":1} []
[2026-01-04T19:12:52.518906+00:00] VideoclubLogger.INFO: Soporte ya alquilado: Avatar {"soporte":1} []
[2026-01-04T19:12:52.519259+00:00] VideoclubLogger.INFO: Soporte no alquilado: Avatar {"soporte":50} []
[2026-01-04T19:12:52.519422+00:00] VideoclubLogger.INFO: Soporte ya alquilado: Avatar {"soporte":50} []
[2026-01-04T19:12:52.519811+00:00] VideoclubLogger.INFO: Soporte no alquilado: Inception {"soporte":51} []
[2026-01-04T19:12:52.519979+00:00] VideoclubLogger.INFO: Soporte ya alquilado: Inception {"soporte":51} []
[2026-01-04T19:12:52.520322+00:00] VideoclubLogger.INFO: Soporte no alquilado: Elden Ring {"soporte":52} []
[2026-01-04T19:12:52.520499+00:00] VideoclubLogger.INFO: Soporte ya alquilado: Elden Ring {"soporte":52} []
[2026-01-04T19:12:52.521192+00:00] VideoclubLogger.INFO: Soporte no alquilado: Película 0 {"soporte":100} []
[2026-01-04T19:12:52.521632+00:00] VideoclubLogger.INFO: Soporte no alquilado: Película 0 {"soporte":100} []
[2026-01-04T19:12:52.521792+00:00] VideoclubLogger.INFO: Soporte no alquilado: Película 1 {"soporte":101} []
[2026-01-04T19:12:52.522134+00:00] VideoclubLogger.INFO: Soporte no alquilado: Película 0 {"soporte":100} []
[2026-01-04T19:12:52.522294+00:00] VideoclubLogger.INFO: Soporte no alquilado: Película 1 {"soporte":101} []
[2026-01-04T19:12:52.522362+00:00] VideoclubLogger.INFO: Soporte no alquilado: Película 2 {"soporte":102} []
[2026-01-04T19:12:52.522723+00:00] VideoclubLogger.INFO: Soporte no alquilado: Película 0 {"soporte":100} []
[2026-01-04T19:12:52.522888+00:00] VideoclubLogger.INFO: Soporte no alquilado: Película 1 {"soporte":101} []
[2026-01-04T19:12:52.522956+00:00] VideoclubLogger.INFO: Soporte no alquilado: Película 2 {"soporte":102} []
[2026-01-04T19:12:52.523017+00:00] VideoclubLogger.INFO: Soporte no alquilado: Película 3 {"soporte":103} []
[2026-01-04T19:12:52.523077+00:00] VideoclubLogger.INFO: Soporte no alquilado: Película 4 {"soporte":104} []
[2026-01-04T19:12:52.523403+00:00] VideoclubLogger.INFO: Soporte no alquilado: Película 0 {"soporte":100} []
[2026-01-04T19:12:52.523607+00:00] VideoclubLogger.INFO: Soporte no alquilado: Película 1 {"soporte":101} []
[2026-01-04T19:12:52.523686+00:00] VideoclubLogger.INFO: Soporte no alquilado: Película 2 {"soporte":102} []
[2026-01-04T19:12:52.523750+00:00] VideoclubLogger.INFO: Soporte no alquilado: Película 3 {"soporte":103} []
[2026-01-04T19:12:52.523809+00:00] VideoclubLogger.INFO: Soporte no alquilado: Película 4 {"soporte":104} []
[2026-01-04T19:12:52.523868+00:00] VideoclubLogger.INFO: Soporte no alquilado: Película 5 {"soporte":105} []
[2026-01-04T19:12:52.523931+00:00] VideoclubLogger.INFO: Soporte no alquilado: Película 6 {"soporte":106} []
[2026-01-04T19:12:52.523993+00:00] VideoclubLogger.INFO: Soporte no alquilado: Película 7 {"soporte":107} []
[2026-01-04T19:12:52.524053+00:00] VideoclubLogger.INFO: Soporte no alquilado: Película 8 {"soporte":108} []
[2026-01-04T19:12:52.524112+00:00] VideoclubLogger.INFO: Soporte no alquilado: Película 9 {"soporte":109} []
[2026-01-04T19:12:52.524481+00:00] VideoclubLogger.INFO: Soporte no alquilado: Avatar {"soporte":1} []
[2026-01-04T19:12:52.524656+00:00] VideoclubLogger.WARNING: Intento de devolver soporte no alquilado: 999 {"cliente":1} []
[2026-01-04T19:12:52.524980+00:00] VideoclubLogger.INFO: Soporte no alquilado: Avatar {"soporte":1} []
[2026-01-04T19:12:52.525142+00:00] VideoclubLogger.INFO: Soporte ya alquilado: Avatar {"soporte":1} []
[2026-01-04T19:12:52.525208+00:00] VideoclubLogger.WARNING: Intento de alquiler de soporte ya alquilado: Avatar {"soporte":1,"cliente":1} []
[2026-01-04T19:12:52.525750+00:00] VideoclubLogger.INFO: Soporte no alquilado: Avatar {"soporte":1} []
[2026-01-04T19:12:52.525913+00:00] VideoclubLogger.INFO: Soporte no alquilado: Inception {"soporte":4} []
[2026-01-04T19:12:52.526023+00:00] VideoclubLogger.INFO: Soporte no alquilado: Elden Ring {"soporte":7} []
[2026-01-04T19:12:52.526103+00:00] VideoclubLogger.INFO: Soporte no alquilado: Avatar {"soporte":1} []
[2026-01-04T19:12:52.526311+00:00] VideoclubLogger.INFO: Soporte no alquilado: Inception {"soporte":4} []
[2026-01-04T19:12:52.526387+00:00] VideoclubLogger.INFO: Soporte no alquilado: Titanic {"soporte":2} []
[2026-01-04T19:12:52.526451+00:00] VideoclubLogger.INFO: Soporte no alquilado: Interstellar {"soporte":5} []
[2026-01-04T19:12:52.526999+00:00] VideoclubLogger.INFO: Soporte no alquilado: Avatar {"soporte":1} []
[2026-01-04T19:12:52.527472+00:00] VideoclubLogger.WARNING: Intento de devolver soporte no alquilado: 1 {"cliente":1} []
[2026-01-04T19:12:52.527903+00:00] VideoclubLogger.INFO: Soporte no alquilado: Avatar {"soporte":1} []
[2026-01-04T19:12:52.528074+00:00] VideoclubLogger.INFO: Soporte no alquilado: Avatar {"soporte":1} []
[2026-01-04T19:12:52.528381+00:00] VideoclubLogger.INFO: Soporte no alquilado: Avatar {"soporte":1} []
[2026-01-04T19:12:52.528552+00:00] VideoclubLogger.INFO: Soporte no alquilado: Inception {"soporte":4} []
[2026-01-04T19:12:52.528625+00:00] VideoclubLogger.INFO: Soporte no alquilado: Elden Ring {"soporte":7} []
[2026-01-04T19:12:52.528687+00:00] VideoclubLogger.WARNING: Cupo superado al intentar alquilar: max 2 {"cliente":1} []
[2026-01-04T19:12:52.529048+00:00] VideoclubLogger.INFO: Soporte no alquilado: Avatar {"soporte":1} []
[2026-01-04T19:12:52.529207+00:00] VideoclubLogger.INFO: Soporte ya alquilado: Avatar {"soporte":1} []
[2026-01-04T19:12:52.529277+00:00] VideoclubLogger.INFO: Soporte no alquilado: Avatar {"soporte":1} []
[2026-01-04T19:12:52.529763+00:00] VideoclubLogger.INFO: Alquileres actuales: 0 {"cliente":1} []
[2026-01-04T19:12:52.529921+00:00] VideoclubLogger.INFO: No hay alquileres registrados para el cliente. {"cliente":1} []
[2026-01-04T19:12:52.530281+00:00] VideoclubLogger.INFO: Soporte no alquilado: Avatar {"soporte":1} []
[2026-01-04T19:12:52.530443+00:00] VideoclubLogger.INFO: Soporte no alquilado: Inception {"soporte":4} []
[2026-01-04T19:12:52.530530+00:00] VideoclubLogger.INFO: Alquileres actuales: 2 {"cliente":1} []
[2026-01-04T19:12:52.530591+00:00] VideoclubLogger.INFO: Soporte alquilado: Avatar {"soporte":1,"precio":3.5} []
[2026-01-04T19:12:52.530653+00:00] VideoclubLogger.INFO: Soporte alquilado: Inception {"soporte":4,"precio":4.5} []
[2026-01-04T19:12:52.531234+00:00] VideoclubLogger.INFO: Soporte no alquilado: Avatar {"soporte":1} []
[2026-01-04T19:12:52.531401+00:00] VideoclubLogger.INFO: Soporte no alquilado: Inception {"soporte":4} []
[2026-01-04T19:12:52.531779+00:00] VideoclubLogger.INFO: Soporte no alquilado: Avatar {"soporte":1} []
[2026-01-04T19:12:52.531939+00:00] VideoclubLogger.INFO: Soporte no alquilado: Inception {"soporte":4} []
[2026-01-04T19:13:04.206462+00:00] VideoclubLogger.INFO: Socio incluido: Cliente {"cliente":1,"nombre":"Cliente","username":""} []
[2026-01-04T19:13:04.207541+00:00] VideoclubLogger.INFO: Producto incluido: Avatar {"producto":1,"titulo":"Avatar","precio":3.5} []
[2026-01-04T19:13:04.207631+00:00] VideoclubLogger.INFO: Soporte no alquilado: Avatar {"soporte":1} []
[2026-01-04T19:13:04.207798+00:00] VideoclubLogger.INFO: Alquiler realizado {"cliente":1,"producto":1,"titulo":"Avatar"} []
[2026-01-04T19:13:04.211419+00:00] VideoclubLogger.INFO: Socio incluido: Cliente {"cliente":1,"nombre":"Cliente","username":""} []
[2026-01-04T19:13:04.211621+00:00] VideoclubLogger.INFO: Producto incluido: Inception {"producto":1,"titulo":"Inception","precio":4.5} []
[2026-01-04T19:13:04.211707+00:00] VideoclubLogger.INFO: Soporte no alquilado: Inception {"soporte":1} []
[2026-01-04T19:13:04.211869+00:00] VideoclubLogger.INFO: Alquiler realizado {"cliente":1,"producto":1,"titulo":"Inception"} []
[2026-01-04T19:13:04.212283+00:00] VideoclubLogger.INFO: Socio incluido: Cliente {"cliente":1,"nombre":"Cliente","username":""} []
[2026-01-04T19:13:04.212464+00:00] VideoclubLogger.INFO: Producto incluido: Avatar {"producto":1,"titulo":"Avatar","precio":3.5} []
[2026-01-04T19:13:04.212583+00:00] VideoclubLogger.INFO: Soporte no alquilado: Avatar {"soporte":1} []
[2026-01-04T19:13:04.212749+00:00] VideoclubLogger.INFO: Alquiler realizado {"cliente":1,"producto":1,"titulo":"Avatar"} []
[2026-01-04T19:13:04.212825+00:00] VideoclubLogger.INFO: Producto incluido: Inception {"producto":2,"titulo":"Inception","precio":4.5} []
[2026-01-04T19:13:04.212898+00:00] VideoclubLogger.INFO: Soporte no alquilado: Inception {"soporte":2} []
[2026-01-04T19:13:04.212957+00:00] VideoclubLogger.INFO: Alquiler realizado {"cliente":1,"producto":2,"titulo":"Inception"} []
[2026-01-04T19:13:04.213346+00:00] VideoclubLogger.INFO: Socio incluido: Cliente {"cliente":1,"nombre":"Cliente","username":""} []
[2026-01-04T19:13:04.213528+00:00] VideoclubLogger.INFO: Producto incluido: Elden Ring {"producto":1,"titulo":"Elden Ring","precio":59.99} []
[2026-01-04T19:13:04.213606+00:00] VideoclubLogger.INFO: Soporte no alquilado: Elden Ring {"soporte":1} []
[2026-01-04T19:13:04.213766+00:00] VideoclubLogger.INFO: Alquiler realizado {"cliente":1,"producto":1,"titulo":"Elden Ring"} []
[2026-01-04T19:13:04.214185+00:00] VideoclubLogger.INFO: Producto incluido: Avatar {"producto":1,"titulo":"Avatar","precio":3.5} []
[2026-01-04T19:13:04.214382+00:00] VideoclubLogger.INFO: Producto incluido: Titanic {"producto":2,"titulo":"Titanic","precio":2.5} []
[2026-01-04T19:13:04.214457+00:00] VideoclubLogger.INFO: Producto incluido: Jaws {"producto":3,"titulo":"Jaws","precio":2.0} []
[2026-01-04T19:13:04.214523+00:00] VideoclubLogger.INFO: Producto incluido: The Ring {"producto":4,"titulo":"The Ring","precio":1.5} []
[2026-01-04T19:13:04.214609+00:00] VideoclubLogger.INFO: Socio incluido: Juan {"cliente":1,"nombre":"Juan","username":""} []
[2026-01-04T19:13:04.214687+00:00] VideoclubLogger.WARNING: Cupo superado al intentar alquilar varios productos {"cliente":1,"intentados":3,"maximo":2} []
[2026-01-04T19:13:04.215248+00:00] VideoclubLogger.WARNING: Cupo superado al alquilar varios productos {"cliente":1,"cantidad_solicitada":3,"error":"No se pueden alquilar todos los productos: se superaría el máximo de alquileres."} []
[2026-01-04T19:13:04.215871+00:00] VideoclubLogger.INFO: Producto incluido: Avatar {"producto":1,"titulo":"Avatar","precio":3.5} []
[2026-01-04T19:13:04.216074+00:00] VideoclubLogger.INFO: Producto incluido: Titanic {"producto":2,"titulo":"Titanic","precio":2.5} []
[2026-01-04T19:13:04.216150+00:00] VideoclubLogger.INFO: Producto incluido: Jaws {"producto":3,"titulo":"Jaws","precio":2.0} []
[2026-01-04T19:13:04.216238+00:00] VideoclubLogger.INFO: Socio incluido: Juan {"cliente":1,"nombre":"Juan","username":""} []
[2026-01-04T19:13:04.216312+00:00] VideoclubLogger.INFO: Soporte no alquilado: Avatar {"soporte":1} []
[2026-01-04T19:13:04.216475+00:00] VideoclubLogger.INFO: Soporte no alquilado: Titanic {"soporte":2} []
[2026-01-04T19:13:04.216543+00:00] VideoclubLogger.INFO: Alquileres realizados {"cliente":1,"cantidad":2,"productos":[1,2]} []
[2026-01-04T19:13:04.216620+00:00] VideoclubLogger.INFO: Soporte ya alquilado: Avatar {"soporte":1} []
[2026-01-04T19:13:04.216684+00:00] VideoclubLogger.INFO: Soporte ya alquilado: Titanic {"soporte":2} []
[2026-01-04T19:13:04.216746+00:00] VideoclubLogger.INFO: Soporte no alquilado: Jaws {"soporte":3} []
[2026-01-04T19:13:04.216819+00:00] VideoclubLogger.WARNING: Intento de devolver soporte no alquilado por socio {"producto":3,"titulo":"Jaws","cliente":1} []
[2026-01-04T19:13:04.217054+00:00] VideoclubLogger.WARNING: Error soporte no encontrado al devolver varios {"soportes":[1,2,3],"cliente":1,"error":"El soporte Jaws no está alquilado por este socio."} []
[2026-01-04T19:13:04.217390+00:00] VideoclubLogger.INFO: Producto incluido: Avatar {"producto":1,"titulo":"Avatar","precio":3.5} []
[2026-01-04T19:13:04.217562+00:00] VideoclubLogger.INFO: Producto incluido: Titanic {"producto":2,"titulo":"Titanic","precio":2.5} []
[2026-01-04T19:13:04.217638+00:00] VideoclubLogger.INFO: Producto incluido: Jaws {"producto":3,"titulo":"Jaws","precio":2.0} []
[2026-01-04T19:13:04.217774+00:00] VideoclubLogger.INFO: Socio incluido: Juan {"cliente":1,"nombre":"Juan","username":""} []
[2026-01-04T19:13:04.217854+00:00] VideoclubLogger.INFO: Soporte no alquilado: Avatar {"soporte":1} []
[2026-01-04T19:13:04.218013+00:00] VideoclubLogger.INFO: Soporte no alquilado: Titanic {"soporte":2} []
[2026-01-04T19:13:04.218080+00:00] VideoclubLogger.INFO: Soporte no alquilado: Jaws {"soporte":3} []
[2026-01-04T19:13:04.218140+00:00] VideoclubLogger.INFO: Alquileres realizados {"cliente":1,"cantidad":3,"productos":[1,2,3]} []
[2026-01-04T19:13:04.218215+00:00] VideoclubLogger.INFO: Soporte ya alquilado: Avatar {"soporte":1} []
[2026-01-04T19:13:04.218274+00:00] VideoclubLogger.INFO: Soporte ya alquilado: Titanic {"soporte":2} []
[2026-01-04T19:13:04.218338+00:00] VideoclubLogger.INFO: Devoluciones realizadas {"cliente":1,"cantidad":2,"productos":[1,2]} []
[2026-01-04T19:13:04.218647+00:00] VideoclubLogger.INFO: Producto incluido: Avatar {"producto":1,"titulo":"Avatar","precio":3.5} []
[2026-01-04T19:13:04.218821+00:00] VideoclubLogger.INFO: Producto incluido: Titanic {"producto":2,"titulo":"Titanic","precio":2.5} []
[2026-01-04T19:13:04.218896+00:00] VideoclubLogger.INFO: Producto incluido: Jaws {"producto":3,"titulo":"Jaws","precio":2.0} []
[2026-01-04T19:13:04.218983+00:00] VideoclubLogger.INFO: Socio incluido: Juan {"cliente":1,"nombre":"Juan","username":""} []
[2026-01-04T19:13:04.219056+00:00] VideoclubLogger.INFO: Soporte no alquilado: Avatar {"soporte":1} []
[2026-01-04T19:13:04.219210+00:00] VideoclubLogger.INFO: Soporte no alquilado: Titanic {"soporte":2} []
[2026-01-04T19:13:04.219277+00:00] VideoclubLogger.INFO: Soporte no alquilado: Jaws {"soporte":3} []
[2026-01-04T19:13:04.219337+00:00] VideoclubLogger.INFO: Alquileres realizados {"cliente":1,"cantidad":3,"productos":[1,2,3]} []
[2026-01-04T19:13:04.219645+00:00] VideoclubLogger.INFO: Producto incluido: Avatar {"producto":1,"titulo":"Avatar","precio":3.5} []
[2026-01-04T19:13:04.219821+00:00] VideoclubLogger.INFO: Producto incluido: Inception {"producto":2,"titulo":"Inception","precio":4.5} []
[2026-01-04T19:13:04.219897+00:00] VideoclubLogger.INFO: Producto incluido: Elden Ring {"producto":3,"titulo":"Elden Ring","precio":59.99} []
[2026-01-04T19:13:04.219985+00:00] VideoclubLogger.INFO: Socio incluido: Juan {"cliente":1,"nombre":"Juan","username":""} []
[2026-01-04T19:13:04.220059+00:00] VideoclubLogger.INFO: Soporte no alquilado: Avatar {"soporte":1} []
[2026-01-04T19:13:04.220210+00:00] VideoclubLogger.INFO: Soporte no alquilado: Inception {"soporte":2} []
[2026-01-04T19:13:04.220276+00:00] VideoclubLogger.INFO: Soporte no alquilado: Elden Ring {"soporte":3} []
[2026-01-04T19:13:04.220334+00:00] VideoclubLogger.INFO: Alquileres realizados {"cliente":1,"cantidad":3,"productos":[1,2,3]} []
[2026-01-04T19:13:04.220408+00:00] VideoclubLogger.INFO: Soporte ya alquilado: Avatar {"soporte":1} []
[2026-01-04T19:13:04.220468+00:00] VideoclubLogger.INFO: Soporte ya alquilado: Inception {"soporte":2} []
[2026-01-04T19:13:04.220529+00:00] VideoclubLogger.INFO: Devoluciones realizadas {"cliente":1,"cantidad":2,"productos":[1,2]} []
[2026-01-04T19:13:04.220601+00:00] VideoclubLogger.INFO: Soporte no alquilado: Avatar {"soporte":1} []
[2026-01-04T19:13:04.220658+00:00] VideoclubLogger.INFO: Alquiler realizado {"cliente":1,"producto":1,"titulo":"Avatar"} []
[2026-01-04T19:13:04.220729+00:00] VideoclubLogger.INFO: Soporte ya alquilado: Avatar {"soporte":1} []
[2026-01-04T19:13:04.220788+00:00] VideoclubLogger.INFO: Soporte ya alquilado: Elden Ring {"soporte":3} []
[2026-01-04T19:13:04.220849+00:00] VideoclubLogger.INFO: Devoluciones realizadas {"cliente":1,"cantidad":2,"productos":[1,3]} []
[2026-01-04T19:13:04.221653+00:00] VideoclubLogger.INFO: Socio incluido: Juan {"cliente":1,"nombre":"Juan","username":""} []
[2026-01-04T19:13:04.221836+00:00] VideoclubLogger.WARNING: Producto no encontrado {"producto":999} []
[2026-01-04T19:13:04.221911+00:00] VideoclubLogger.INFO: Error soporte no encontrado al alquilar {"soporte":999,"error":"Producto con número 999 no encontrado."} []
[2026-01-04T19:13:04.222421+00:00] VideoclubLogger.INFO: Producto incluido: Avatar {"producto":1,"titulo":"Avatar","precio":3.5} []
[2026-01-04T19:13:04.222617+00:00] VideoclubLogger.INFO: Socio incluido: Juan {"cliente":1,"nombre":"Juan","username":""} []
[2026-01-04T19:13:04.222714+00:00] VideoclubLogger.INFO: Socio incluido: Maria {"cliente":2,"nombre":"Maria","username":""} []
[2026-01-04T19:13:04.222783+00:00] VideoclubLogger.INFO: Soporte no alquilado: Avatar {"soporte":1} []
[2026-01-04T19:13:04.222939+00:00] VideoclubLogger.INFO: Alquiler realizado {"cliente":1,"producto":1,"titulo":"Avatar"} []
[2026-01-04T19:13:04.223017+00:00] VideoclubLogger.INFO: Soporte no alquilado: Avatar {"soporte":1} []
[2026-01-04T19:13:04.223170+00:00] VideoclubLogger.INFO: Alquiler realizado {"cliente":2,"producto":1,"titulo":"Avatar"} []
[2026-01-04T19:13:04.223481+00:00] VideoclubLogger.INFO: Producto incluido: Avatar {"producto":1,"titulo":"Avatar","precio":3.5} []
[2026-01-04T19:13:04.223649+00:00] VideoclubLogger.INFO: Producto incluido: Titanic {"producto":2,"titulo":"Titanic","precio":2.5} []
[2026-01-04T19:13:04.223727+00:00] VideoclubLogger.INFO: Producto incluido: Inception {"producto":3,"titulo":"Inception","precio":4.5} []
[2026-01-04T19:13:04.223814+00:00] VideoclubLogger.INFO: Socio incluido: Juan {"cliente":1,"nombre":"Juan","username":""} []
[2026-01-04T19:13:04.223882+00:00] VideoclubLogger.INFO: Soporte no alquilado: Avatar {"soporte":1} []
[2026-01-04T19:13:04.224035+00:00] VideoclubLogger.INFO: Alquiler realizado {"cliente":1,"producto":1,"titulo":"Avatar"} []
[2026-01-04T19:13:04.224107+00:00] VideoclubLogger.INFO: Soporte no alquilado: Titanic {"soporte":2} []
[2026-01-04T19:13:04.224166+00:00] VideoclubLogger.INFO: Alquiler realizado {"cliente":1,"producto":2,"titulo":"Titanic"} []
[2026-01-04T19:13:04.224236+00:00] VideoclubLogger.INFO: Soporte no alquilado: Inception {"soporte":3} []
[2026-01-04T19:13:04.224293+00:00] VideoclubLogger.WARNING: Cupo superado al intentar alquilar: max 2 {"cliente":1} []
[2026-01-04T19:13:04.224357+00:00] VideoclubLogger.INFO: Cupo superado al intentar alquilar {"cliente":1,"error":"No se puede alquilar: se ha superado el maximo de 2 alquileres."} []
[2026-01-04T19:13:04.224654+00:00] VideoclubLogger.INFO: Producto incluido: Avatar {"producto":1,"titulo":"Avatar","precio":3.5} []
[2026-01-04T19:13:04.224826+00:00] VideoclubLogger.INFO: Producto incluido: Titanic {"producto":2,"titulo":"Titanic","precio":2.5} []
[2026-01-04T19:13:04.224896+00:00] VideoclubLogger.WARNING: Socio no encontrado {"cliente":999} []
[2026-01-04T19:13:04.225120+00:00] VideoclubLogger.WARNING: Error cliente no encontrado al alquilar varios {"cliente":999,"error":"Socio con número 999 no encontrado."} []
[2026-01-04T19:13:04.225436+00:00] VideoclubLogger.INFO: Producto incluido: Avatar {"producto":1,"titulo":"Avatar","precio":3.5} []
[2026-01-04T19:13:04.225630+00:00] VideoclubLogger.INFO: Socio incluido: Juan {"cliente":1,"nombre":"Juan","username":""} []
[2026-01-04T19:13:04.225708+00:00] VideoclubLogger.WARNING: Producto no encontrado {"producto":999} []
[2026-01-04T19:13:04.225772+00:00] VideoclubLogger.WARNING: Error soporte no encontrado al alquilar varios {"soportes":[1,999],"cliente":1,"error":"Producto con número 999 no encontrado."} []
[2026-01-04T19:13:04.226073+00:00] VideoclubLogger.INFO: Producto incluido: Avatar {"producto":1,"titulo":"Avatar","precio":3.5} []
[2026-01-04T19:13:04.226241+00:00] VideoclubLogger.INFO: Producto incluido: Titanic {"producto":2,"titulo":"Titanic","precio":2.5} []
[2026-01-04T19:13:04.226336+00:00] VideoclubLogger.INFO: Socio incluido: Juan {"cliente":1,"nombre":"Juan","username":""} []
[2026-01-04T19:13:04.226419+00:00] VideoclubLogger.INFO: Socio incluido: Maria {"cliente":2,"nombre":"Maria","username":""} []
[2026-01-04T19:13:04.226485+00:00] VideoclubLogger.INFO: Soporte no alquilado: Avatar {"soporte":1} []
[2026-01-04T19:13:04.226636+00:00] VideoclubLogger.INFO: Alquiler realizado {"cliente":1,"producto":1,"titulo":"Avatar"} []
[2026-01-04T19:13:04.226750+00:00] VideoclubLogger.WARNING: Intento de alquiler de soporte ya alquilado {"soporte":1,"titulo":"Avatar","cliente":2} []
[2026-01-04T19:13:04.226989+00:00] VideoclubLogger.WARNING: Soporte ya alquilado al intentar alquilar varios {"soportes":[1,2],"cliente":2,"error":"El soporte Avatar ya está alquilado."} []
[2026-01-04T19:13:04.227333+00:00] VideoclubLogger.INFO: Producto incluido: Avatar {"producto":1,"titulo":"Avatar","precio":3.5} []
[2026-01-04T19:13:04.227505+00:00] VideoclubLogger.INFO: Producto incluido: Titanic {"producto":2,"titulo":"Titanic","precio":2.5} []
[2026-01-04T19:13:04.227580+00:00] VideoclubLogger.INFO: Producto incluido: Inception {"producto":3,"titulo":"Inception","precio":4.5} []
[2026-01-04T19:13:04.227646+00:00] VideoclubLogger.INFO: Producto incluido: The Matrix {"producto":4,"titulo":"The Matrix","precio":3.0} []
[2026-01-04T19:13:04.227737+00:00] VideoclubLogger.INFO: Socio incluido: Juan {"cliente":1,"nombre":"Juan","username":""} []
[2026-01-04T19:13:04.227810+00:00] VideoclubLogger.WARNING: Cupo superado al intentar alquilar varios productos {"cliente":1,"intentados":3,"maximo":2} []
[2026-01-04T19:13:04.227875+00:00] VideoclubLogger.WARNING: Cupo superado al alquilar varios productos {"cliente":1,"cantidad_solicitada":3,"error":"No se pueden alquilar todos los productos: se superaría el máximo de alquileres."} []
[2026-01-04T19:13:04.228171+00:00] VideoclubLogger.INFO: Producto incluido: Avatar {"producto":1,"titulo":"Avatar","precio":3.5} []
[2026-01-04T19:13:04.228336+00:00] VideoclubLogger.WARNING: Socio no encontrado {"cliente":999} []
[2026-01-04T19:13:04.228404+00:00] VideoclubLogger.INFO: Error cliente no encontrado al devolver {"cliente":999,"error":"Socio con número 999 no encontrado."} []
[2026-01-04T19:13:04.228721+00:00] VideoclubLogger.INFO: Socio incluido: Juan {"cliente":1,"nombre":"Juan","username":""} []
[2026-01-04T19:13:04.228886+00:00] VideoclubLogger.WARNING: Producto no encontrado {"producto":999} []
[2026-01-04T19:13:04.228955+00:00] VideoclubLogger.INFO: Error soporte no encontrado al devolver {"soporte":999,"error":"Producto con número 999 no encontrado."} []
[2026-01-04T19:13:04.229247+00:00] VideoclubLogger.INFO: Producto incluido: Avatar {"producto":1,"titulo":"Avatar","precio":3.5} []
[2026-01-04T19:13:04.229413+00:00] VideoclubLogger.INFO: Producto incluido: Titanic {"producto":2,"titulo":"Titanic","precio":2.5} []
[2026-01-04T19:13:04.229483+00:00] VideoclubLogger.WARNING: Socio no encontrado {"cliente":999} []
[2026-01-04T19:13:04.229545+00:00] VideoclubLogger.WARNING: Error cliente no encontrado al devolver varios {"cliente":999,"error":"Socio con número 999 no encontrado."} []
[2026-01-04T19:13:04.229854+00:00] VideoclubLogger.INFO: Producto incluido: Avatar {"producto":1,"titulo":"Avatar","precio":3.5} []
[2026-01-04T19:13:04.230022+00:00] VideoclubLogger.INFO: Producto incluido: Titanic {"producto":2,"titulo":"Titanic","precio":2.5} []
[2026-01-04T19:13:04.230116+00:00] VideoclubLogger.INFO: Socio incluido: Juan {"cliente":1,"nombre":"Juan","username":""} []
[2026-01-04T19:13:04.230185+00:00] VideoclubLogger.INFO: Soporte no alquilado: Avatar {"soporte":1} []
[2026-01-04T19:13:04.230340+00:00] VideoclubLogger.WARNING: Intento de devolver soporte no alquilado por socio {"producto":1,"titulo":"Avatar","cliente":1} []
[2026-01-04T19:13:04.230413+00:00] VideoclubLogger.WARNING: Error soporte no encontrado al devolver varios {"soportes":[1,2],"cliente":1,"error":"El soporte Avatar no está alquilado por este socio."} []
[2026-01-04T19:13:04.230725+00:00] VideoclubLogger.INFO: No hay productos registrados {"videoclub":"Test Videoclub"} []
[2026-01-04T19:13:04.231117+00:00] VideoclubLogger.INFO: Producto incluido: Avatar {"producto":1,"titulo":"Avatar","precio":3.5} []
[2026-01-04T19:13:04.231285+00:00] VideoclubLogger.INFO: Producto incluido: Inception {"producto":2,"titulo":"Inception","precio":4.5} []
[2026-01-04T19:13:04.231359+00:00] VideoclubLogger.INFO: Producto listado {"producto":1,"titulo":"Avatar","precio":3.5,"alquilado":false} []
[2026-01-04T19:13:04.231465+00:00] VideoclubLogger.INFO: Producto listado {"producto":2,"titulo":"Inception","precio":4.5,"alquilado":false} []
[2026-01-04T19:13:04.231770+00:00] VideoclubLogger.INFO: No hay socios registrados {"videoclub":"Test Videoclub"} []
[2026-01-04T19:13:04.232160+00:00] VideoclubLogger.INFO: Producto incluido: Avatar {"producto":1,"titulo":"Avatar","precio":3.5} []
[2026-01-04T19:13:04.232346+00:00] VideoclubLogger.WARNING: Socio no encontrado {"cliente":999} []
[2026-01-04T19:13:04.232415+00:00] VideoclubLogger.INFO: Error cliente no encontrado al alquilar {"cliente":999,"error":"Socio con número 999 no encontrado."} []
[2026-01-04T19:13:04.232718+00:00] VideoclubLogger.INFO: Producto incluido: Avatar {"producto":1,"titulo":"Avatar","precio":3.5} []
[2026-01-04T19:13:04.232888+00:00] VideoclubLogger.INFO: Producto incluido: Titanic {"producto":2,"titulo":"Titanic","precio":2.5} []
[2026-01-04T19:13:04.232964+00:00] VideoclubLogger.INFO: Producto incluido: Jaws {"producto":3,"titulo":"Jaws","precio":2.0} []
[2026-01-04T19:13:04.233054+00:00] VideoclubLogger.INFO: Socio incluido: Juan {"cliente":1,"nombre":"Juan","username":""} []
[2026-01-04T19:13:04.233138+00:00] VideoclubLogger.INFO: Socio incluido: Maria {"cliente":2,"nombre":"Maria","username":""} []
[2026-01-04T19:13:04.233205+00:00] VideoclubLogger.INFO: Soporte no alquilado: Avatar {"soporte":1} []
[2026-01-04T19:13:04.233359+00:00] VideoclubLogger.INFO: Alquiler realizado {"cliente":2,"producto":1,"titulo":"Avatar"} []
[2026-01-04T19:13:04.233430+00:00] VideoclubLogger.WARNING: Intento de alquiler de soporte ya alquilado {"soporte":1,"titulo":"Avatar","cliente":1} []
[2026-01-04T19:13:04.233499+00:00] VideoclubLogger.WARNING: Soporte ya alquilado al intentar alquilar varios {"soportes":[1,2,3],"cliente":1,"error":"El soporte Avatar ya está alquilado."} []
[2026-01-04T19:13:04.233812+00:00] VideoclubLogger.INFO: Producto incluido: Avatar {"producto":1,"titulo":"Avatar","precio":3.5} []
[2026-01-04T19:13:04.233975+00:00] VideoclubLogger.WARNING: Socio no encontrado {"cliente":999} []
[2026-01-04T19:13:04.234043+00:00] VideoclubLogger.INFO: Error cliente no encontrado al devolver {"cliente":999,"error":"Socio con número 999 no encontrado."} []
[2026-01-04T19:13:04.234575+00:00] VideoclubLogger.INFO: Socio incluido: Juan {"cliente":1,"nombre":"Juan","username":""} []
[2026-01-04T19:13:04.234749+00:00] VideoclubLogger.WARNING: Producto no encontrado {"producto":999} []
[2026-01-04T19:13:04.234821+00:00] VideoclubLogger.INFO: Error soporte no encontrado al alquilar {"soporte":999,"error":"Producto con número 999 no encontrado."} []
[2026-01-04T19:13:04.235123+00:00] VideoclubLogger.INFO: Producto incluido: Inception {"producto":1,"titulo":"Inception","precio":4.5} []
[2026-01-04T19:13:04.235292+00:00] VideoclubLogger.INFO: Producto incluido: The Matrix {"producto":2,"titulo":"The Matrix","precio":3.0} []
[2026-01-04T19:13:04.235603+00:00] VideoclubLogger.INFO: Producto incluido: Elden Ring {"producto":1,"titulo":"Elden Ring","precio":59.99} []
[2026-01-04T19:13:04.235776+00:00] VideoclubLogger.INFO: Producto incluido: God of War {"producto":2,"titulo":"God of War","precio":49.99} []
[2026-01-04T19:13:04.236098+00:00] VideoclubLogger.INFO: Socio incluido: Juan {"cliente":1,"nombre":"Juan","username":"juan"} []
[2026-01-04T19:13:04.236283+00:00] VideoclubLogger.INFO: Socio incluido: Maria {"cliente":2,"nombre":"Maria","username":"maria"} []
[2026-01-04T19:13:04.236607+00:00] VideoclubLogger.INFO: Socio incluido: Test {"cliente":1,"nombre":"Test","username":""} []
[2026-01-04T19:13:04.237008+00:00] VideoclubLogger.INFO: Producto incluido: Avatar {"producto":1,"titulo":"Avatar","precio":3.5} []
[2026-01-04T19:13:04.237194+00:00] VideoclubLogger.INFO: Socio incluido: Juan {"cliente":1,"nombre":"Juan","username":""} []
[2026-01-04T19:13:04.237267+00:00] VideoclubLogger.INFO: Soporte no alquilado: Avatar {"soporte":1} []
[2026-01-04T19:13:04.237421+00:00] VideoclubLogger.INFO: Alquiler realizado {"cliente":1,"producto":1,"titulo":"Avatar"} []
[2026-01-04T19:13:04.237766+00:00] VideoclubLogger.INFO: Producto incluido: Avatar {"producto":1,"titulo":"Avatar","precio":3.5} []
[2026-01-04T19:13:04.237932+00:00] VideoclubLogger.WARNING: Socio no encontrado {"cliente":999} []
[2026-01-04T19:13:04.238001+00:00] VideoclubLogger.INFO: Error cliente no encontrado al alquilar {"cliente":999,"error":"Socio con número 999 no encontrado."} []
[2026-01-04T19:13:04.238300+00:00] VideoclubLogger.INFO: Producto incluido: Avatar {"producto":1,"titulo":"Avatar","precio":3.5} []
[2026-01-04T19:13:04.238486+00:00] VideoclubLogger.INFO: Socio incluido: Juan {"cliente":1,"nombre":"Juan","username":""} []
[2026-01-04T19:13:04.238558+00:00] VideoclubLogger.INFO: Soporte no alquilado: Avatar {"soporte":1} []
[2026-01-04T19:13:04.238715+00:00] VideoclubLogger.INFO: Alquiler realizado {"cliente":1,"producto":1,"titulo":"Avatar"} []
[2026-01-04T19:13:04.238797+00:00] VideoclubLogger.INFO: Devolución realizada {"cliente":1,"producto":1,"titulo":"Avatar"} []
[2026-01-04T19:13:04.239094+00:00] VideoclubLogger.INFO: Producto incluido: Avatar {"producto":1,"titulo":"Avatar","precio":3.5} []
[2026-01-04T19:13:04.239258+00:00] VideoclubLogger.WARNING: Socio no encontrado {"cliente":999} []
[2026-01-04T19:13:04.239326+00:00] VideoclubLogger.INFO: Error cliente no encontrado al alquilar {"cliente":999,"error":"Socio con número 999 no encontrado."} []
[2026-01-04T19:13:04.239626+00:00] VideoclubLogger.INFO: Producto incluido: Avatar {"producto":1,"titulo":"Avatar","precio":3.5} []
[2026-01-04T19:13:04.239797+00:00] VideoclubLogger.INFO: Producto incluido: Titanic {"producto":2,"titulo":"Titanic","precio":2.5} []
[2026-01-04T19:13:04.239871+00:00] VideoclubLogger.INFO: Producto incluido: Jaws {"producto":3,"titulo":"Jaws","precio":2.0} []
[2026-01-04T19:13:04.239958+00:00] VideoclubLogger.INFO: Socio incluido: Juan {"cliente":1,"nombre":"Juan","username":""} []
[2026-01-04T19:13:04.240041+00:00] VideoclubLogger.INFO: Socio incluido: Maria {"cliente":2,"nombre":"Maria","username":""} []
[2026-01-04T19:13:04.240108+00:00] VideoclubLogger.INFO: Soporte no alquilado: Avatar {"soporte":1} []
[2026-01-04T19:13:04.240259+00:00] VideoclubLogger.INFO: Alquiler realizado {"cliente":2,"producto":1,"titulo":"Avatar"} []
[2026-01-04T19:13:04.240331+00:00] VideoclubLogger.WARNING: Intento de alquiler de soporte ya alquilado {"soporte":1,"titulo":"Avatar","cliente":1} []
[2026-01-04T19:13:04.240396+00:00] VideoclubLogger.WARNING: Soporte ya alquilado al intentar alquilar varios {"soportes":[1,2,3],"cliente":1,"error":"El soporte Avatar ya está alquilado."} []
[2026-01-04T19:13:04.240765+00:00] VideoclubLogger.INFO: Producto incluido: Película 0 {"producto":1,"titulo":"Película 0","precio":2.5} []
[2026-01-04T19:13:04.240932+00:00] VideoclubLogger.INFO: Producto incluido: Película 1 {"producto":2,"titulo":"Película 1","precio":3.0} []
[2026-01-04T19:13:04.241006+00:00] VideoclubLogger.INFO: Producto incluido: Película 2 {"producto":3,"titulo":"Película 2","precio":3.5} []
[2026-01-04T19:13:04.241073+00:00] VideoclubLogger.INFO: Producto incluido: Película 3 {"producto":4,"titulo":"Película 3","precio":4.0} []
[2026-01-04T19:13:04.241138+00:00] VideoclubLogger.INFO: Producto incluido: Película 4 {"producto":5,"titulo":"Película 4","precio":4.5} []
[2026-01-04T19:13:04.241468+00:00] VideoclubLogger.INFO: Producto incluido: Película 0 {"producto":1,"titulo":"Película 0","precio":2.5} []
[2026-01-04T19:13:04.241636+00:00] VideoclubLogger.INFO: Producto incluido: Película 1 {"producto":2,"titulo":"Película 1","precio":3.0} []
[2026-01-04T19:13:04.241714+00:00] VideoclubLogger.INFO: Producto incluido: Película 2 {"producto":3,"titulo":"Película 2","precio":3.5} []
[2026-01-04T19:13:04.241781+00:00] VideoclubLogger.INFO: Producto incluido: Película 3 {"producto":4,"titulo":"Película 3","precio":4.0} []
[2026-01-04T19:13:04.241844+00:00] VideoclubLogger.INFO: Producto incluido: Película 4 {"producto":5,"titulo":"Película 4","precio":4.5} []
[2026-01-04T19:13:04.241945+00:00] VideoclubLogger.INFO: Producto incluido: Película 5 {"producto":6,"titulo":"Película 5","precio":5.0} []
[2026-01-04T19:13:04.242015+00:00] VideoclubLogger.INFO: Producto incluido: Película 6 {"producto":7,"titulo":"Película 6","precio":5.5} []
[2026-01-04T19:13:04.242080+00:00] VideoclubLogger.INFO: Producto incluido: Película 7 {"producto":8,"titulo":"Película 7","precio":6.0} []
[2026-01-04T19:13:04.242144+00:00] VideoclubLogger.INFO: Producto incluido: Película 8 {"producto":9,"titulo":"Película 8","precio":6.5} []
[2026-01-04T19:13:04.242207+00:00] VideoclubLogger.INFO: Producto incluido: Película 9 {"producto":10,"titulo":"Película 9","precio":7.0} []
[2026-01-04T19:13:04.242529+00:00] VideoclubLogger.INFO: Producto incluido: Película 0 {"producto":1,"titulo":"Película 0","precio":2.5} []
[2026-01-04T19:13:04.242703+00:00] VideoclubLogger.INFO: Producto incluido: Película 1 {"producto":2,"titulo":"Película 1","precio":3.0} []
[2026-01-04T19:13:04.242779+00:00] VideoclubLogger.INFO: Producto incluido: Película 2 {"producto":3,"titulo":"Película 2","precio":3.5} []
[2026-01-04T19:13:04.242846+00:00] VideoclubLogger.INFO: Producto incluido: Película 3 {"producto":4,"titulo":"Película 3","precio":4.0} []
[2026-01-04T19:13:04.242911+00:00] VideoclubLogger.INFO: Producto incluido: Película 4 {"producto":5,"titulo":"Película 4","precio":4.5} []
[2026-01-04T19:13:04.242976+00:00] VideoclubLogger.INFO: Producto incluido: Película 5 {"producto":6,"titulo":"Película 5","precio":5.0} []
[2026-01-04T19:13:04.243041+00:00] VideoclubLogger.INFO: Producto incluido: Película 6 {"producto":7,"titulo":"Película 6","precio":5.5} []
[2026-01-04T19:13:04.243106+00:00] VideoclubLogger.INFO: Producto incluido: Película 7 {"producto":8,"titulo":"Película 7","precio":6.0} []
[2026-01-04T19:13:04.243169+00:00] VideoclubLogger.INFO: Producto incluido: Película 8 {"producto":9,"titulo":"Película 8","precio":6.5} []
[2026-01-04T19:13:04.243233+00:00] VideoclubLogger.INFO: Producto incluido: Película 9 {"producto":10,"titulo":"Película 9","precio":7.0} []
[2026-01-04T19:13:04.243296+00:00] VideoclubLogger.INFO: Producto incluido: Película 10 {"producto":11,"titulo":"Película 10","precio":7.5} []
[2026-01-04T19:13:04.243360+00:00] VideoclubLogger.INFO: Producto incluido: Película 11 {"producto":12,"titulo":"Película 11","precio":8.0} []
[2026-01-04T19:13:04.243423+00:00] VideoclubLogger.INFO: Producto incluido: Película 12 {"producto":13,"titulo":"Película 12","precio":8.5} []
[2026-01-04T19:13:04.243485+00:00] VideoclubLogger.INFO: Producto incluido: Película 13 {"producto":14,"titulo":"Película 13","precio":9.0} []
[2026-01-04T19:13:04.243548+00:00] VideoclubLogger.INFO: Producto incluido: Película 14 {"producto":15,"titulo":"Película 14","precio":9.5} []
[2026-01-04T19:13:04.243870+00:00] VideoclubLogger.INFO: Producto incluido: Película 0 {"producto":1,"titulo":"Película 0","precio":2.5} []
[2026-01-04T19:13:04.244039+00:00] VideoclubLogger.INFO: Producto incluido: Película 1 {"producto":2,"titulo":"Película 1","precio":3.0} []
[2026-01-04T19:13:04.244113+00:00] VideoclubLogger.INFO: Producto incluido: Película 2 {"producto":3,"titulo":"Película 2","precio":3.5} []
[2026-01-04T19:13:04.244180+00:00] VideoclubLogger.INFO: Producto incluido: Película 3 {"producto":4,"titulo":"Película 3","precio":4.0} []
[2026-01-04T19:13:04.244244+00:00] VideoclubLogger.INFO: Producto incluido: Película 4 {"producto":5,"titulo":"Película 4","precio":4.5} []
[2026-01-04T19:13:04.244308+00:00] VideoclubLogger.INFO: Producto incluido: Película 5 {"producto":6,"titulo":"Película 5","precio":5.0} []
[2026-01-04T19:13:04.244371+00:00] VideoclubLogger.INFO: Producto incluido: Película 6 {"producto":7,"titulo":"Película 6","precio":5.5} []
[2026-01-04T19:13:04.244435+00:00] VideoclubLogger.INFO: Producto incluido: Película 7 {"producto":8,"titulo":"Película 7","precio":6.0} []
[2026-01-04T19:13:04.244497+00:00] VideoclubLogger.INFO: Producto incluido: Película 8 {"producto":9,"titulo":"Película 8","precio":6.5} []
[2026-01-04T19:13:04.244596+00:00] VideoclubLogger.INFO: Producto incluido: Película 9 {"producto":10,"titulo":"Película 9","precio":7.0} []
[2026-01-04T19:13:04.244665+00:00] VideoclubLogger.INFO: Producto incluido: Película 10 {"producto":11,"titulo":"Película 10","precio":7.5} []
[2026-01-04T19:13:04.244735+00:00] VideoclubLogger.INFO: Producto incluido: Película 11 {"producto":12,"titulo":"Película 11","precio":8.0} []
[2026-01-04T19:13:04.244798+00:00] VideoclubLogger.INFO: Producto incluido: Película 12 {"producto":13,"titulo":"Película 12","precio":8.5} []
[2026-01-04T19:13:04.244862+00:00] VideoclubLogger.INFO: Producto incluido: Película 13 {"producto":14,"titulo":"Película 13","precio":9.0} []
[2026-01-04T19:13:04.244924+00:00] VideoclubLogger.INFO: Producto incluido: Película 14 {"producto":15,"titulo":"Película 14","precio":9.5} []
[2026-01-04T19:13:04.244987+00:00] VideoclubLogger.INFO: Producto incluido: Película 15 {"producto":16,"titulo":"Película 15","precio":10.0} []
[2026-01-04T19:13:04.245050+00:00] VideoclubLogger.INFO: Producto incluido: Película 16 {"producto":17,"titulo":"Película 16","precio":10.5} []
[2026-01-04T19:13:04.245113+00:00] VideoclubLogger.INFO: Producto incluido: Película 17 {"producto":18,"titulo":"Película 17","precio":11.0} []
[2026-01-04T19:13:04.245175+00:00] VideoclubLogger.INFO: Producto incluido: Película 18 {"producto":19,"titulo":"Película 18","precio":11.5} []
[2026-01-04T19:13:04.245238+00:00] VideoclubLogger.INFO: Producto incluido: Película 19 {"producto":20,"titulo":"Película 19","precio":12.0} []
[2026-01-04T19:13:04.245654+00:00] VideoclubLogger.INFO: Socio incluido: Socio 0 {"cliente":1,"nombre":"Socio 0","username":"user0"} []
[2026-01-04T19:13:04.245878+00:00] VideoclubLogger.INFO: Socio incluido: Socio 1 {"cliente":2,"nombre":"Socio 1","username":"user1"} []
[2026-01-04T19:13:04.245969+00:00] VideoclubLogger.INFO: Socio incluido: Socio 2 {"cliente":3,"nombre":"Socio 2","username":"user2"} []
[2026-01-04T19:13:04.246332+00:00] VideoclubLogger.INFO: Socio incluido: Socio 0 {"cliente":1,"nombre":"Socio 0","username":"user0"} []
[2026-01-04T19:13:04.246522+00:00] VideoclubLogger.INFO: Socio incluido: Socio 1 {"cliente":2,"nombre":"Socio 1","username":"user1"} []
[2026-01-04T19:13:04.246612+00:00] VideoclubLogger.INFO: Socio incluido: Socio 2 {"cliente":3,"nombre":"Socio 2","username":"user2"} []
[2026-01-04T19:13:04.246698+00:00] VideoclubLogger.INFO: Socio incluido: Socio 3 {"cliente":4,"nombre":"Socio 3","username":"user3"} []
[2026-01-04T19:13:04.246781+00:00] VideoclubLogger.INFO: Socio incluido: Socio 4 {"cliente":5,"nombre":"Socio 4","username":"user4"} []
[2026-01-04T19:13:04.247121+00:00] VideoclubLogger.INFO: Socio incluido: Socio 0 {"cliente":1,"nombre":"Socio 0","username":"user0"} []
[2026-01-04T19:13:04.247306+00:00] VideoclubLogger.INFO: Socio incluido: Socio 1 {"cliente":2,"nombre":"Socio 1","username":"user1"} []
[2026-01-04T19:13:04.247394+00:00] VideoclubLogger.INFO: Socio incluido: Socio 2 {"cliente":3,"nombre":"Socio 2","username":"user2"} []
[2026-01-04T19:13:04.247476+00:00] VideoclubLogger.INFO: Socio incluido: Socio 3 {"cliente":4,"nombre":"Socio 3","username":"user3"} []
[2026-01-04T19:13:04.247555+00:00] VideoclubLogger.INFO: Socio incluido: Socio 4 {"cliente":5,"nombre":"Socio 4","username":"user4"} []
[2026-01-04T19:13:04.247633+00:00] VideoclubLogger.INFO: Socio incluido: Socio 5 {"cliente":6,"nombre":"Socio 5","username":"user5"} []
[2026-01-04T19:13:04.247716+00:00] VideoclubLogger.INFO: Socio incluido: Socio 6 {"cliente":7,"nombre":"Socio 6","username":"user6"} []
[2026-01-04T19:13:04.247798+00:00] VideoclubLogger.INFO: Socio incluido: Socio 7 {"cliente":8,"nombre":"Socio 7","username":"user7"} []
[2026-01-04T19:13:04.247877+00:00] VideoclubLogger.INFO: Socio incluido: Socio 8 {"cliente":9,"nombre":"Socio 8","username":"user8"} []
[2026-01-04T19:13:04.247955+00:00] VideoclubLogger.INFO: Socio incluido: Socio 9 {"cliente":10,"nombre":"Socio 9","username":"user9"} []
[2026-01-04T19:13:04.248379+00:00] VideoclubLogger.INFO: Socio incluido: Juan {"cliente":1,"nombre":"Juan","username":""} []
[2026-01-04T19:13:04.248568+00:00] VideoclubLogger.INFO: Socio incluido: Maria {"cliente":2,"nombre":"Maria","username":""} []
[2026-01-04T19:13:04.248889+00:00] VideoclubLogger.INFO: Producto incluido: Avatar {"producto":1,"titulo":"Avatar","precio":3.5} []
[2026-01-04T19:13:04.249078+00:00] VideoclubLogger.INFO: Socio incluido: Juan {"cliente":1,"nombre":"Juan","username":""} []
[2026-01-04T19:13:04.249151+00:00] VideoclubLogger.INFO: Soporte no alquilado: Avatar {"soporte":1} []
[2026-01-04T19:13:04.249332+00:00] VideoclubLogger.INFO: Alquiler realizado {"cliente":1,"producto":1,"titulo":"Avatar"} []
[2026-01-04T19:13:04.249408+00:00] VideoclubLogger.INFO: Devolución realizada {"cliente":1,"producto":1,"titulo":"Avatar"} []
[2026-01-04T19:13:04.249714+00:00] VideoclubLogger.INFO: Producto incluido: Avatar {"producto":1,"titulo":"Avatar","precio":3.5} []
[2026-01-04T19:13:04.249882+00:00] VideoclubLogger.INFO: Producto incluido: Titanic {"producto":2,"titulo":"Titanic","precio":2.5} []
[2026-01-04T19:13:04.250211+00:00] VideoclubLogger.INFO: Socio incluido: Juan {"cliente":1,"nombre":"Juan","username":""} []
[2026-01-04T19:13:04.250397+00:00] VideoclubLogger.INFO: Socio incluido: Maria {"cliente":2,"nombre":"Maria","username":""} []
[2026-01-04T19:13:04.250470+00:00] VideoclubLogger.INFO: Socio listado {"cliente":1,"nombre":"Juan","alquileres":0,"maximo":2} []
[2026-01-04T19:13:04.250534+00:00] VideoclubLogger.INFO: Socio listado {"cliente":2,"nombre":"Maria","alquileres":0,"maximo":3} []
[2026-01-04T19:13:04.252001+00:00] VideoclubLogger.INFO: Soporte no alquilado: Película 0 {"soporte":200} []
[2026-01-04T19:13:04.252183+00:00] VideoclubLogger.INFO: Soporte no alquilado: Película Extra 1 {"soporte":301} []
[2026-01-04T19:13:04.252250+00:00] VideoclubLogger.WARNING: Cupo superado al intentar alquilar: max 1 {"cliente":98} []
[2026-01-04T19:13:04.253357+00:00] VideoclubLogger.INFO: Soporte no alquilado: Película 0 {"soporte":200} []
[2026-01-04T19:13:04.253530+00:00] VideoclubLogger.INFO: Soporte no alquilado: Película 1 {"soporte":201} []
[2026-01-04T19:13:04.253609+00:00] VideoclubLogger.INFO: Soporte no alquilado: Película Extra 2 {"soporte":302} []
[2026-01-04T19:13:04.253669+00:00] VideoclubLogger.WARNING: Cupo superado al intentar alquilar: max 2 {"cliente":98} []
[2026-01-04T19:13:04.254024+00:00] VideoclubLogger.INFO: Soporte no alquilado: Película 0 {"soporte":200} []
[2026-01-04T19:13:04.254190+00:00] VideoclubLogger.INFO: Soporte no alquilado: Película 1 {"soporte":201} []
[2026-01-04T19:13:04.254259+00:00] VideoclubLogger.INFO: Soporte no alquilado: Película 2 {"soporte":202} []
[2026-01-04T19:13:04.254328+00:00] VideoclubLogger.INFO: Soporte no alquilado: Película Extra 3 {"soporte":303} []
[2026-01-04T19:13:04.254385+00:00] VideoclubLogger.WARNING: Cupo superado al intentar alquilar: max 3 {"cliente":98} []
[2026-01-04T19:13:04.254771+00:00] VideoclubLogger.INFO: Soporte no alquilado: Avatar {"soporte":1} []
[2026-01-04T19:13:04.255189+00:00] VideoclubLogger.INFO: Soporte no alquilado: Avatar {"soporte":1} []
[2026-01-04T19:13:04.255597+00:00] VideoclubLogger.INFO: Soporte no alquilado: Avatar {"soporte":1} []
[2026-01-04T19:13:04.255768+00:00] VideoclubLogger.INFO: Soporte ya alquilado: Avatar {"soporte":1} []
[2026-01-04T19:13:04.256126+00:00] VideoclubLogger.INFO: Soporte no alquilado: Avatar {"soporte":50} []
[2026-01-04T19:13:04.256290+00:00] VideoclubLogger.INFO: Soporte ya alquilado: Avatar {"soporte":50} []
[2026-01-04T19:13:04.256681+00:00] VideoclubLogger.INFO: Soporte no alquilado: Inception {"soporte":51} []
[2026-01-04T19:13:04.256850+00:00] VideoclubLogger.INFO: Soporte ya alquilado: Inception {"soporte":51} []
[2026-01-04T19:13:04.257200+00:00] VideoclubLogger.INFO: Soporte no alquilado: Elden Ring {"soporte":52} []
[2026-01-04T19:13:04.257370+00:00] VideoclubLogger.INFO: Soporte ya alquilado: Elden Ring {"soporte":52} []
[2026-01-04T19:13:04.258181+00:00] VideoclubLogger.INFO: Soporte no alquilado: Película 0 {"soporte":100} []
[2026-01-04T19:13:04.258686+00:00] VideoclubLogger.INFO: Soporte no alquilado: Película 0 {"soporte":100} []
[2026-01-04T19:13:04.258860+00:00] VideoclubLogger.INFO: Soporte no alquilado: Película 1 {"soporte":101} []
[2026-01-04T19:13:04.259207+00:00] VideoclubLogger.INFO: Soporte no alquilado: Película 0 {"soporte":100} []
[2026-01-04T19:13:04.259370+00:00] VideoclubLogger.INFO: Soporte no alquilado: Película 1 {"soporte":101} []
[2026-01-04T19:13:04.259441+00:00] VideoclubLogger.INFO: Soporte no alquilado: Película 2 {"soporte":102} []
[2026-01-04T19:13:04.259784+00:00] VideoclubLogger.INFO: Soporte no alquilado: Película 0 {"soporte":100} []
[2026-01-04T19:13:04.259950+00:00] VideoclubLogger.INFO: Soporte no alquilado: Película 1 {"soporte":101} []
[2026-01-04T19:13:04.260020+00:00] VideoclubLogger.INFO: Soporte no alquilado: Película 2 {"soporte":102} []
[2026-01-04T19:13:04.260085+00:00] VideoclubLogger.INFO: Soporte no alquilado: Película 3 {"soporte":103} []
[2026-01-04T19:13:04.260145+00:00] VideoclubLogger.INFO: Soporte no alquilado: Película 4 {"soporte":104} []
[2026-01-04T19:13:04.260499+00:00] VideoclubLogger.INFO: Soporte no alquilado: Película 0 {"soporte":100} []
[2026-01-04T19:13:04.260663+00:00] VideoclubLogger.INFO: Soporte no alquilado: Película 1 {"soporte":101} []
[2026-01-04T19:13:04.260756+00:00] VideoclubLogger.INFO: Soporte no alquilado: Película 2 {"soporte":102} []
[2026-01-04T19:13:04.260819+00:00] VideoclubLogger.INFO: Soporte no alquilado: Película 3 {"soporte":103} []
[2026-01-04T19:13:04.260879+00:00] VideoclubLogger.INFO: Soporte no alquilado: Película 4 {"soporte":104} []
[2026-01-04T19:13:04.260943+00:00] VideoclubLogger.INFO: Soporte no alquilado: Película 5 {"soporte":105} []
[2026-01-04T19:13:04.261005+00:00] VideoclubLogger.INFO: Soporte no alquilado: Película 6 {"soporte":106} []
[2026-01-04T19:13:04.261066+00:00] VideoclubLogger.INFO: Soporte no alquilado: Película 7 {"soporte":107} []
[2026-01-04T19:13:04.261126+00:00] VideoclubLogger.INFO: Soporte no alquilado: Película 8 {"soporte":108} []
[2026-01-04T19:13:04.261186+00:00] VideoclubLogger.INFO: Soporte no alquilado: Película 9 {"soporte":109} []
[2026-01-04T19:13:04.261556+00:00] VideoclubLogger.INFO: Soporte no alquilado: Avatar {"soporte":1} []
[2026-01-04T19:13:04.261745+00:00] VideoclubLogger.INFO: Soporte no alquilado: Avatar {"soporte":1} []
[2026-01-04T19:13:04.262239+00:00] VideoclubLogger.WARNING: Intento de devolver soporte no alquilado: 1 {"cliente":1} []
[2026-01-04T19:13:04.262863+00:00] VideoclubLogger.INFO: Soporte no alquilado: Avatar {"soporte":1} []
[2026-01-04T19:13:04.263030+00:00] VideoclubLogger.WARNING: Intento de devolver soporte no alquilado: 999 {"cliente":1} []
[2026-01-04T19:13:04.263358+00:00] VideoclubLogger.INFO: Soporte no alquilado: Avatar {"soporte":1} []
[2026-01-04T19:13:04.263530+00:00] VideoclubLogger.INFO: Soporte ya alquilado: Avatar {"soporte":1} []
[2026-01-04T19:13:04.263600+00:00] VideoclubLogger.WARNING: Intento de alquiler de soporte ya alquilado: Avatar {"soporte":1,"cliente":1} []
[2026-01-04T19:13:04.263990+00:00] VideoclubLogger.INFO: Soporte no alquilado: Avatar {"soporte":1} []
[2026-01-04T19:13:04.264155+00:00] VideoclubLogger.INFO: Soporte ya alquilado: Avatar {"soporte":1} []
[2026-01-04T19:13:04.264228+00:00] VideoclubLogger.INFO: Soporte no alquilado: Avatar {"soporte":1} []
[2026-01-04T19:13:04.264699+00:00] VideoclubLogger.INFO: Soporte no alquilado: Avatar {"soporte":1} []
[2026-01-04T19:13:04.264864+00:00] VideoclubLogger.INFO: Soporte no alquilado: Inception {"soporte":4} []
[2026-01-04T19:13:04.264936+00:00] VideoclubLogger.INFO: Soporte no alquilado: Elden Ring {"soporte":7} []
[2026-01-04T19:13:04.264996+00:00] VideoclubLogger.WARNING: Cupo superado al intentar alquilar: max 2 {"cliente":1} []
[2026-01-04T19:13:04.265505+00:00] VideoclubLogger.INFO: Soporte no alquilado: Avatar {"soporte":1} []
[2026-01-04T19:13:04.265989+00:00] VideoclubLogger.INFO: Soporte no alquilado: Avatar {"soporte":1} []
[2026-01-04T19:13:04.266192+00:00] VideoclubLogger.INFO: Soporte no alquilado: Inception {"soporte":4} []
[2026-01-04T19:13:04.266267+00:00] VideoclubLogger.INFO: Soporte no alquilado: Elden Ring {"soporte":7} []
[2026-01-04T19:13:04.266343+00:00] VideoclubLogger.INFO: Soporte no alquilado: Avatar {"soporte":1} []
[2026-01-04T19:13:04.266413+00:00] VideoclubLogger.INFO: Soporte no alquilado: Inception {"soporte":4} []
[2026-01-04T19:13:04.266475+00:00] VideoclubLogger.INFO: Soporte no alquilado: Titanic {"soporte":2} []
[2026-01-04T19:13:04.266534+00:00] VideoclubLogger.INFO: Soporte no alquilado: Interstellar {"soporte":5} []
[2026-01-04T19:13:04.266897+00:00] VideoclubLogger.INFO: Alquileres actuales: 0 {"cliente":1} []
[2026-01-04T19:13:04.267058+00:00] VideoclubLogger.INFO: No hay alquileres registrados para el cliente. {"cliente":1} []
[2026-01-04T19:13:04.267429+00:00] VideoclubLogger.INFO: Soporte no alquilado: Avatar {"soporte":1} []
[2026-01-04T19:13:04.267593+00:00] VideoclubLogger.INFO: Soporte no alquilado: Inception {"soporte":4} []
[2026-01-04T19:13:04.267662+00:00] VideoclubLogger.INFO: Alquileres actuales: 2 {"cliente":1} []
[2026-01-04T19:13:04.267729+00:00] VideoclubLogger.INFO: Soporte alquilado: Avatar {"soporte":1,"precio":3.5} []
[2026-01-04T19:13:04.267794+00:00] VideoclubLogger.INFO: Soporte alquilado: Inception {"soporte":4,"precio":4.5} []
[2026-01-04T19:13:04.268658+00:00] VideoclubLogger.INFO: Soporte no alquilado: Avatar {"soporte":1} []
[2026-01-04T19:13:04.268838+00:00] VideoclubLogger.INFO: Soporte no alquilado: Inception {"soporte":4} []
[2026-01-04T19:13:04.269213+00:00] VideoclubLogger.INFO: Soporte no alquilado: Avatar {"soporte":1} []
[2026-01-04T19:13:04.269380+00:00] VideoclubLogger.INFO: Soporte no alquilado: Inception {"soporte":4} []
[2026-01-04T19:13:31.654764+00:00] VideoclubLogger.INFO: Socio incluido: Cliente {"cliente":1,"nombre":"Cliente","username":""} []
[2026-01-04T19:13:31.656048+00:00] VideoclubLogger.INFO: Producto incluido: Elden Ring {"producto":1,"titulo":"Elden Ring","precio":59.99} []
[2026-01-04T19:13:31.656157+00:00] VideoclubLogger.INFO: Soporte no alquilado: Elden Ring {"soporte":1} []
[2026-01-04T19:13:31.656360+00:00] VideoclubLogger.INFO: Alquiler realizado {"cliente":1,"producto":1,"titulo":"Elden Ring"} []
[2026-01-04T19:13:31.660341+00:00] VideoclubLogger.INFO: Socio incluido: Cliente {"cliente":1,"nombre":"Cliente","username":""} []
[2026-01-04T19:13:31.660543+00:00] VideoclubLogger.INFO: Producto incluido: Inception {"producto":1,"titulo":"Inception","precio":4.5} []
[2026-01-04T19:13:31.660624+00:00] VideoclubLogger.INFO: Soporte no alquilado: Inception {"soporte":1} []
[2026-01-04T19:13:31.660783+00:00] VideoclubLogger.INFO: Alquiler realizado {"cliente":1,"producto":1,"titulo":"Inception"} []
[2026-01-04T19:13:31.661194+00:00] VideoclubLogger.INFO: Socio incluido: Cliente {"cliente":1,"nombre":"Cliente","username":""} []
[2026-01-04T19:13:31.661381+00:00] VideoclubLogger.INFO: Producto incluido: Avatar {"producto":1,"titulo":"Avatar","precio":3.5} []
[2026-01-04T19:13:31.661457+00:00] VideoclubLogger.INFO: Soporte no alquilado: Avatar {"soporte":1} []
[2026-01-04T19:13:31.661611+00:00] VideoclubLogger.INFO: Alquiler realizado {"cliente":1,"producto":1,"titulo":"Avatar"} []
[2026-01-04T19:13:31.661684+00:00] VideoclubLogger.INFO: Producto incluido: Inception {"producto":2,"titulo":"Inception","precio":4.5} []
[2026-01-04T19:13:31.661755+00:00] VideoclubLogger.INFO: Soporte no alquilado: Inception {"soporte":2} []
[2026-01-04T19:13:31.661813+00:00] VideoclubLogger.INFO: Alquiler realizado {"cliente":1,"producto":2,"titulo":"Inception"} []
[2026-01-04T19:13:31.662193+00:00] VideoclubLogger.INFO: Socio incluido: Cliente {"cliente":1,"nombre":"Cliente","username":""} []
[2026-01-04T19:13:31.662412+00:00] VideoclubLogger.INFO: Producto incluido: Avatar {"producto":1,"titulo":"Avatar","precio":3.5} []
[2026-01-04T19:13:31.662489+00:00] VideoclubLogger.INFO: Soporte no alquilado: Avatar {"soporte":1} []
[2026-01-04T19:13:31.662641+00:00] VideoclubLogger.INFO: Alquiler realizado {"cliente":1,"producto":1,"titulo":"Avatar"} []
[2026-01-04T19:13:31.663167+00:00] VideoclubLogger.INFO: Producto incluido: Avatar {"producto":1,"titulo":"Avatar","precio":3.5} []
[2026-01-04T19:13:31.663425+00:00] VideoclubLogger.INFO: Producto incluido: Titanic {"producto":2,"titulo":"Titanic","precio":2.5} []
[2026-01-04T19:13:31.663536+00:00] VideoclubLogger.INFO: Producto incluido: Jaws {"producto":3,"titulo":"Jaws","precio":2.0} []
[2026-01-04T19:13:31.663673+00:00] VideoclubLogger.INFO: Socio incluido: Juan {"cliente":1,"nombre":"Juan","username":""} []
[2026-01-04T19:13:31.663754+00:00] VideoclubLogger.INFO: Soporte no alquilado: Avatar {"soporte":1} []
[2026-01-04T19:13:31.663920+00:00] VideoclubLogger.INFO: Soporte no alquilado: Titanic {"soporte":2} []
[2026-01-04T19:13:31.663987+00:00] VideoclubLogger.INFO: Alquileres realizados {"cliente":1,"cantidad":2,"productos":[1,2]} []
[2026-01-04T19:13:31.664303+00:00] VideoclubLogger.INFO: Soporte ya alquilado: Avatar {"soporte":1} []
[2026-01-04T19:13:31.664379+00:00] VideoclubLogger.INFO: Soporte ya alquilado: Titanic {"soporte":2} []
[2026-01-04T19:13:31.664446+00:00] VideoclubLogger.INFO: Soporte no alquilado: Jaws {"soporte":3} []
[2026-01-04T19:13:31.664510+00:00] VideoclubLogger.WARNING: Intento de devolver soporte no alquilado por socio {"producto":3,"titulo":"Jaws","cliente":1} []
[2026-01-04T19:13:31.664915+00:00] VideoclubLogger.WARNING: Error soporte no encontrado al devolver varios {"soportes":[1,2,3],"cliente":1,"error":"El soporte Jaws no está alquilado por este socio."} []
[2026-01-04T19:13:31.665255+00:00] VideoclubLogger.INFO: Producto incluido: Avatar {"producto":1,"titulo":"Avatar","precio":3.5} []
[2026-01-04T19:13:31.665435+00:00] VideoclubLogger.INFO: Producto incluido: Titanic {"producto":2,"titulo":"Titanic","precio":2.5} []
[2026-01-04T19:13:31.665512+00:00] VideoclubLogger.INFO: Producto incluido: Jaws {"producto":3,"titulo":"Jaws","precio":2.0} []
[2026-01-04T19:13:31.665601+00:00] VideoclubLogger.INFO: Socio incluido: Juan {"cliente":1,"nombre":"Juan","username":""} []
[2026-01-04T19:13:31.665676+00:00] VideoclubLogger.INFO: Soporte no alquilado: Avatar {"soporte":1} []
[2026-01-04T19:13:31.665829+00:00] VideoclubLogger.INFO: Soporte no alquilado: Titanic {"soporte":2} []
[2026-01-04T19:13:31.665897+00:00] VideoclubLogger.INFO: Soporte no alquilado: Jaws {"soporte":3} []
[2026-01-04T19:13:31.665956+00:00] VideoclubLogger.INFO: Alquileres realizados {"cliente":1,"cantidad":3,"productos":[1,2,3]} []
[2026-01-04T19:13:31.666030+00:00] VideoclubLogger.INFO: Soporte ya alquilado: Avatar {"soporte":1} []
[2026-01-04T19:13:31.666089+00:00] VideoclubLogger.INFO: Soporte ya alquilado: Titanic {"soporte":2} []
[2026-01-04T19:13:31.666152+00:00] VideoclubLogger.INFO: Devoluciones realizadas {"cliente":1,"cantidad":2,"productos":[1,2]} []
[2026-01-04T19:13:31.666465+00:00] VideoclubLogger.INFO: Producto incluido: Avatar {"producto":1,"titulo":"Avatar","precio":3.5} []
[2026-01-04T19:13:31.666637+00:00] VideoclubLogger.INFO: Producto incluido: Titanic {"producto":2,"titulo":"Titanic","precio":2.5} []
[2026-01-04T19:13:31.666711+00:00] VideoclubLogger.INFO: Producto incluido: Jaws {"producto":3,"titulo":"Jaws","precio":2.0} []
[2026-01-04T19:13:31.666800+00:00] VideoclubLogger.INFO: Socio incluido: Juan {"cliente":1,"nombre":"Juan","username":""} []
[2026-01-04T19:13:31.666873+00:00] VideoclubLogger.INFO: Soporte no alquilado: Avatar {"soporte":1} []
[2026-01-04T19:13:31.667025+00:00] VideoclubLogger.INFO: Soporte no alquilado: Titanic {"soporte":2} []
[2026-01-04T19:13:31.667090+00:00] VideoclubLogger.INFO: Soporte no alquilado: Jaws {"soporte":3} []
[2026-01-04T19:13:31.667176+00:00] VideoclubLogger.INFO: Alquileres realizados {"cliente":1,"cantidad":3,"productos":[1,2,3]} []
[2026-01-04T19:13:31.667602+00:00] VideoclubLogger.INFO: Producto incluido: Avatar {"producto":1,"titulo":"Avatar","precio":3.5} []
[2026-01-04T19:13:31.667822+00:00] VideoclubLogger.INFO: Producto incluido: Inception {"producto":2,"titulo":"Inception","precio":4.5} []
[2026-01-04T19:13:31.667967+00:00] VideoclubLogger.INFO: Producto incluido: Elden Ring {"producto":3,"titulo":"Elden Ring","precio":59.99} []
[2026-01-04T19:13:31.668087+00:00] VideoclubLogger.INFO: Socio incluido: Juan {"cliente":1,"nombre":"Juan","username":""} []
[2026-01-04T19:13:31.668180+00:00] VideoclubLogger.INFO: Soporte no alquilado: Avatar {"soporte":1} []
[2026-01-04T19:13:31.668378+00:00] VideoclubLogger.INFO: Soporte no alquilado: Inception {"soporte":2} []
[2026-01-04T19:13:31.668468+00:00] VideoclubLogger.INFO: Soporte no alquilado: Elden Ring {"soporte":3} []
[2026-01-04T19:13:31.668541+00:00] VideoclubLogger.INFO: Alquileres realizados {"cliente":1,"cantidad":3,"productos":[1,2,3]} []
[2026-01-04T19:13:31.668632+00:00] VideoclubLogger.INFO: Soporte ya alquilado: Avatar {"soporte":1} []
[2026-01-04T19:13:31.668706+00:00] VideoclubLogger.INFO: Soporte ya alquilado: Inception {"soporte":2} []
[2026-01-04T19:13:31.668782+00:00] VideoclubLogger.INFO: Devoluciones realizadas {"cliente":1,"cantidad":2,"productos":[1,2]} []
[2026-01-04T19:13:31.668860+00:00] VideoclubLogger.INFO: Soporte no alquilado: Avatar {"soporte":1} []
[2026-01-04T19:13:31.668917+00:00] VideoclubLogger.INFO: Alquiler realizado {"cliente":1,"producto":1,"titulo":"Avatar"} []
[2026-01-04T19:13:31.668985+00:00] VideoclubLogger.INFO: Soporte ya alquilado: Avatar {"soporte":1} []
[2026-01-04T19:13:31.669044+00:00] VideoclubLogger.INFO: Soporte ya alquilado: Elden Ring {"soporte":3} []
[2026-01-04T19:13:31.669105+00:00] VideoclubLogger.INFO: Devoluciones realizadas {"cliente":1,"cantidad":2,"productos":[1,3]} []
[2026-01-04T19:13:31.669412+00:00] VideoclubLogger.INFO: Producto incluido: Avatar {"producto":1,"titulo":"Avatar","precio":3.5} []
[2026-01-04T19:13:31.669581+00:00] VideoclubLogger.INFO: Producto incluido: Titanic {"producto":2,"titulo":"Titanic","precio":2.5} []
[2026-01-04T19:13:31.669654+00:00] VideoclubLogger.INFO: Producto incluido: Jaws {"producto":3,"titulo":"Jaws","precio":2.0} []
[2026-01-04T19:13:31.669719+00:00] VideoclubLogger.INFO: Producto incluido: The Ring {"producto":4,"titulo":"The Ring","precio":1.5} []
[2026-01-04T19:13:31.669804+00:00] VideoclubLogger.INFO: Socio incluido: Juan {"cliente":1,"nombre":"Juan","username":""} []
[2026-01-04T19:13:31.669875+00:00] VideoclubLogger.WARNING: Cupo superado al intentar alquilar varios productos {"cliente":1,"intentados":3,"maximo":2} []
[2026-01-04T19:13:31.670106+00:00] VideoclubLogger.WARNING: Cupo superado al alquilar varios productos {"cliente":1,"cantidad_solicitada":3,"error":"No se pueden alquilar todos los productos: se superaría el máximo de alquileres."} []
[2026-01-04T19:13:31.670882+00:00] VideoclubLogger.INFO: Socio incluido: Juan {"cliente":1,"nombre":"Juan","username":""} []
[2026-01-04T19:13:31.671050+00:00] VideoclubLogger.WARNING: Producto no encontrado {"producto":999} []
[2026-01-04T19:13:31.671123+00:00] VideoclubLogger.INFO: Error soporte no encontrado al alquilar {"soporte":999,"error":"Producto con número 999 no encontrado."} []
[2026-01-04T19:13:31.671588+00:00] VideoclubLogger.INFO: Producto incluido: Avatar {"producto":1,"titulo":"Avatar","precio":3.5} []
[2026-01-04T19:13:31.671776+00:00] VideoclubLogger.INFO: Socio incluido: Juan {"cliente":1,"nombre":"Juan","username":""} []
[2026-01-04T19:13:31.671867+00:00] VideoclubLogger.INFO: Socio incluido: Maria {"cliente":2,"nombre":"Maria","username":""} []
[2026-01-04T19:13:31.671934+00:00] VideoclubLogger.INFO: Soporte no alquilado: Avatar {"soporte":1} []
[2026-01-04T19:13:31.672086+00:00] VideoclubLogger.INFO: Alquiler realizado {"cliente":1,"producto":1,"titulo":"Avatar"} []
[2026-01-04T19:13:31.672165+00:00] VideoclubLogger.INFO: Soporte no alquilado: Avatar {"soporte":1} []
[2026-01-04T19:13:31.672318+00:00] VideoclubLogger.INFO: Alquiler realizado {"cliente":2,"producto":1,"titulo":"Avatar"} []
[2026-01-04T19:13:31.672623+00:00] VideoclubLogger.INFO: Producto incluido: Avatar {"producto":1,"titulo":"Avatar","precio":3.5} []
[2026-01-04T19:13:31.672786+00:00] VideoclubLogger.INFO: Producto incluido: Titanic {"producto":2,"titulo":"Titanic","precio":2.5} []
[2026-01-04T19:13:31.672895+00:00] VideoclubLogger.INFO: Producto incluido: Inception {"producto":3,"titulo":"Inception","precio":4.5} []
[2026-01-04T19:13:31.672986+00:00] VideoclubLogger.INFO: Socio incluido: Juan {"cliente":1,"nombre":"Juan","username":""} []
[2026-01-04T19:13:31.673054+00:00] VideoclubLogger.INFO: Soporte no alquilado: Avatar {"soporte":1} []
[2026-01-04T19:13:31.673206+00:00] VideoclubLogger.INFO: Alquiler realizado {"cliente":1,"producto":1,"titulo":"Avatar"} []
[2026-01-04T19:13:31.673280+00:00] VideoclubLogger.INFO: Soporte no alquilado: Titanic {"soporte":2} []
[2026-01-04T19:13:31.673338+00:00] VideoclubLogger.INFO: Alquiler realizado {"cliente":1,"producto":2,"titulo":"Titanic"} []
[2026-01-04T19:13:31.673407+00:00] VideoclubLogger.INFO: Soporte no alquilado: Inception {"soporte":3} []
[2026-01-04T19:13:31.673463+00:00] VideoclubLogger.WARNING: Cupo superado al intentar alquilar: max 2 {"cliente":1} []
[2026-01-04T19:13:31.673524+00:00] VideoclubLogger.INFO: Cupo superado al intentar alquilar {"cliente":1,"error":"No se puede alquilar: se ha superado el maximo de 2 alquileres."} []
[2026-01-04T19:13:31.673819+00:00] VideoclubLogger.INFO: Producto incluido: Avatar {"producto":1,"titulo":"Avatar","precio":3.5} []
[2026-01-04T19:13:31.673982+00:00] VideoclubLogger.INFO: Producto incluido: Titanic {"producto":2,"titulo":"Titanic","precio":2.5} []
[2026-01-04T19:13:31.674053+00:00] VideoclubLogger.WARNING: Socio no encontrado {"cliente":999} []
[2026-01-04T19:13:31.674275+00:00] VideoclubLogger.WARNING: Error cliente no encontrado al alquilar varios {"cliente":999,"error":"Socio con número 999 no encontrado."} []
[2026-01-04T19:13:31.674587+00:00] VideoclubLogger.INFO: Producto incluido: Avatar {"producto":1,"titulo":"Avatar","precio":3.5} []
[2026-01-04T19:13:31.674777+00:00] VideoclubLogger.INFO: Socio incluido: Juan {"cliente":1,"nombre":"Juan","username":""} []
[2026-01-04T19:13:31.674851+00:00] VideoclubLogger.WARNING: Producto no encontrado {"producto":999} []
[2026-01-04T19:13:31.674912+00:00] VideoclubLogger.WARNING: Error soporte no encontrado al alquilar varios {"soportes":[1,999],"cliente":1,"error":"Producto con número 999 no encontrado."} []
[2026-01-04T19:13:31.675211+00:00] VideoclubLogger.INFO: Producto incluido: Avatar {"producto":1,"titulo":"Avatar","precio":3.5} []
[2026-01-04T19:13:31.675383+00:00] VideoclubLogger.INFO: Producto incluido: Titanic {"producto":2,"titulo":"Titanic","precio":2.5} []
[2026-01-04T19:13:31.675478+00:00] VideoclubLogger.INFO: Socio incluido: Juan {"cliente":1,"nombre":"Juan","username":""} []
[2026-01-04T19:13:31.675561+00:00] VideoclubLogger.INFO: Socio incluido: Maria {"cliente":2,"nombre":"Maria","username":""} []
[2026-01-04T19:13:31.675627+00:00] VideoclubLogger.INFO: Soporte no alquilado: Avatar {"soporte":1} []
[2026-01-04T19:13:31.675775+00:00] VideoclubLogger.INFO: Alquiler realizado {"cliente":1,"producto":1,"titulo":"Avatar"} []
[2026-01-04T19:13:31.675848+00:00] VideoclubLogger.WARNING: Intento de alquiler de soporte ya alquilado {"soporte":1,"titulo":"Avatar","cliente":2} []
[2026-01-04T19:13:31.676073+00:00] VideoclubLogger.WARNING: Soporte ya alquilado al intentar alquilar varios {"soportes":[1,2],"cliente":2,"error":"El soporte Avatar ya está alquilado."} []
[2026-01-04T19:13:31.676394+00:00] VideoclubLogger.INFO: Producto incluido: Avatar {"producto":1,"titulo":"Avatar","precio":3.5} []
[2026-01-04T19:13:31.676559+00:00] VideoclubLogger.INFO: Producto incluido: Titanic {"producto":2,"titulo":"Titanic","precio":2.5} []
[2026-01-04T19:13:31.676634+00:00] VideoclubLogger.INFO: Producto incluido: Inception {"producto":3,"titulo":"Inception","precio":4.5} []
[2026-01-04T19:13:31.676701+00:00] VideoclubLogger.INFO: Producto incluido: The Matrix {"producto":4,"titulo":"The Matrix","precio":3.0} []
[2026-01-04T19:13:31.676786+00:00] VideoclubLogger.INFO: Socio incluido: Juan {"cliente":1,"nombre":"Juan","username":""} []
[2026-01-04T19:13:31.676896+00:00] VideoclubLogger.WARNING: Cupo superado al intentar alquilar varios productos {"cliente":1,"intentados":3,"maximo":2} []
[2026-01-04T19:13:31.676966+00:00] VideoclubLogger.WARNING: Cupo superado al alquilar varios productos {"cliente":1,"cantidad_solicitada":3,"error":"No se pueden alquilar todos los productos: se superaría el máximo de alquileres."} []
[2026-01-04T19:13:31.677270+00:00] VideoclubLogger.INFO: Producto incluido: Avatar {"producto":1,"titulo":"Avatar","precio":3.5} []
[2026-01-04T19:13:31.677433+00:00] VideoclubLogger.WARNING: Socio no encontrado {"cliente":999} []
[2026-01-04T19:13:31.677503+00:00] VideoclubLogger.INFO: Error cliente no encontrado al devolver {"cliente":999,"error":"Socio con número 999 no encontrado."} []
[2026-01-04T19:13:31.677813+00:00] VideoclubLogger.INFO: Socio incluido: Juan {"cliente":1,"nombre":"Juan","username":""} []
[2026-01-04T19:13:31.677972+00:00] VideoclubLogger.WARNING: Producto no encontrado {"producto":999} []
[2026-01-04T19:13:31.678040+00:00] VideoclubLogger.INFO: Error soporte no encontrado al devolver {"soporte":999,"error":"Producto con número 999 no encontrado."} []
[2026-01-04T19:13:31.678362+00:00] VideoclubLogger.INFO: Producto incluido: Avatar {"producto":1,"titulo":"Avatar","precio":3.5} []
[2026-01-04T19:13:31.678530+00:00] VideoclubLogger.INFO: Producto incluido: Titanic {"producto":2,"titulo":"Titanic","precio":2.5} []
[2026-01-04T19:13:31.678605+00:00] VideoclubLogger.WARNING: Socio no encontrado {"cliente":999} []
[2026-01-04T19:13:31.678668+00:00] VideoclubLogger.WARNING: Error cliente no encontrado al devolver varios {"cliente":999,"error":"Socio con número 999 no encontrado."} []
[2026-01-04T19:13:31.678965+00:00] VideoclubLogger.INFO: Producto incluido: Avatar {"producto":1,"titulo":"Avatar","precio":3.5} []
[2026-01-04T19:13:31.679131+00:00] VideoclubLogger.INFO: Producto incluido: Titanic {"producto":2,"titulo":"Titanic","precio":2.5} []
[2026-01-04T19:13:31.679229+00:00] VideoclubLogger.INFO: Socio incluido: Juan {"cliente":1,"nombre":"Juan","username":""} []
[2026-01-04T19:13:31.679298+00:00] VideoclubLogger.INFO: Soporte no alquilado: Avatar {"soporte":1} []
[2026-01-04T19:13:31.679452+00:00] VideoclubLogger.WARNING: Intento de devolver soporte no alquilado por socio {"producto":1,"titulo":"Avatar","cliente":1} []
[2026-01-04T19:13:31.679524+00:00] VideoclubLogger.WARNING: Error soporte no encontrado al devolver varios {"soportes":[1,2],"cliente":1,"error":"El soporte Avatar no está alquilado por este socio."} []
[2026-01-04T19:13:31.679824+00:00] VideoclubLogger.INFO: No hay productos registrados {"videoclub":"Test Videoclub"} []
[2026-01-04T19:13:31.680210+00:00] VideoclubLogger.INFO: Producto incluido: Avatar {"producto":1,"titulo":"Avatar","precio":3.5} []
[2026-01-04T19:13:31.680399+00:00] VideoclubLogger.INFO: Producto incluido: Inception {"producto":2,"titulo":"Inception","precio":4.5} []
[2026-01-04T19:13:31.680477+00:00] VideoclubLogger.INFO: Producto listado {"producto":1,"titulo":"Avatar","precio":3.5,"alquilado":false} []
[2026-01-04T19:13:31.680544+00:00] VideoclubLogger.INFO: Producto listado {"producto":2,"titulo":"Inception","precio":4.5,"alquilado":false} []
[2026-01-04T19:13:31.680837+00:00] VideoclubLogger.INFO: No hay socios registrados {"videoclub":"Test Videoclub"} []
[2026-01-04T19:13:31.681228+00:00] VideoclubLogger.INFO: Producto incluido: Avatar {"producto":1,"titulo":"Avatar","precio":3.5} []
[2026-01-04T19:13:31.681394+00:00] VideoclubLogger.WARNING: Socio no encontrado {"cliente":999} []
[2026-01-04T19:13:31.681464+00:00] VideoclubLogger.INFO: Error cliente no encontrado al alquilar {"cliente":999,"error":"Socio con número 999 no encontrado."} []
[2026-01-04T19:13:31.681763+00:00] VideoclubLogger.INFO: Producto incluido: Avatar {"producto":1,"titulo":"Avatar","precio":3.5} []
[2026-01-04T19:13:31.681927+00:00] VideoclubLogger.INFO: Producto incluido: Titanic {"producto":2,"titulo":"Titanic","precio":2.5} []
[2026-01-04T19:13:31.682001+00:00] VideoclubLogger.INFO: Producto incluido: Jaws {"producto":3,"titulo":"Jaws","precio":2.0} []
[2026-01-04T19:13:31.682125+00:00] VideoclubLogger.INFO: Socio incluido: Juan {"cliente":1,"nombre":"Juan","username":""} []
[2026-01-04T19:13:31.682212+00:00] VideoclubLogger.INFO: Socio incluido: Maria {"cliente":2,"nombre":"Maria","username":""} []
[2026-01-04T19:13:31.682284+00:00] VideoclubLogger.INFO: Soporte no alquilado: Avatar {"soporte":1} []
[2026-01-04T19:13:31.682437+00:00] VideoclubLogger.INFO: Alquiler realizado {"cliente":2,"producto":1,"titulo":"Avatar"} []
[2026-01-04T19:13:31.682509+00:00] VideoclubLogger.WARNING: Intento de alquiler de soporte ya alquilado {"soporte":1,"titulo":"Avatar","cliente":1} []
[2026-01-04T19:13:31.682579+00:00] VideoclubLogger.WARNING: Soporte ya alquilado al intentar alquilar varios {"soportes":[1,2,3],"cliente":1,"error":"El soporte Avatar ya está alquilado."} []
[2026-01-04T19:13:31.682886+00:00] VideoclubLogger.INFO: Producto incluido: Avatar {"producto":1,"titulo":"Avatar","precio":3.5} []
[2026-01-04T19:13:31.683047+00:00] VideoclubLogger.WARNING: Socio no encontrado {"cliente":999} []
[2026-01-04T19:13:31.683116+00:00] VideoclubLogger.INFO: Error cliente no encontrado al devolver {"cliente":999,"error":"Socio con número 999 no encontrado."} []
[2026-01-04T19:13:31.683640+00:00] VideoclubLogger.INFO: Socio incluido: Juan {"cliente":1,"nombre":"Juan","username":""} []
[2026-01-04T19:13:31.683806+00:00] VideoclubLogger.WARNING: Producto no encontrado {"producto":999} []
[2026-01-04T19:13:31.683877+00:00] VideoclubLogger.INFO: Error soporte no encontrado al alquilar {"soporte":999,"error":"Producto con número 999 no encontrado."} []
[2026-01-04T19:13:31.684178+00:00] VideoclubLogger.INFO: Producto incluido: Inception {"producto":1,"titulo":"Inception","precio":4.5} []
[2026-01-04T19:13:31.684349+00:00] VideoclubLogger.INFO: Producto incluido: The Matrix {"producto":2,"titulo":"The Matrix","precio":3.0} []
[2026-01-04T19:13:31.684657+00:00] VideoclubLogger.INFO: Producto incluido: Elden Ring {"producto":1,"titulo":"Elden Ring","precio":59.99} []
[2026-01-04T19:13:31.684821+00:00] VideoclubLogger.INFO: Producto incluido: God of War {"producto":2,"titulo":"God of War","precio":49.99} []
[2026-01-04T19:13:31.685140+00:00] VideoclubLogger.INFO: Socio incluido: Juan {"cliente":1,"nombre":"Juan","username":"juan"} []
[2026-01-04T19:13:31.685327+00:00] VideoclubLogger.INFO: Socio incluido: Maria {"cliente":2,"nombre":"Maria","username":"maria"} []
[2026-01-04T19:13:31.685648+00:00] VideoclubLogger.INFO: Socio incluido: Test {"cliente":1,"nombre":"Test","username":""} []
[2026-01-04T19:13:31.686041+00:00] VideoclubLogger.INFO: Producto incluido: Avatar {"producto":1,"titulo":"Avatar","precio":3.5} []
[2026-01-04T19:13:31.686228+00:00] VideoclubLogger.INFO: Socio incluido: Juan {"cliente":1,"nombre":"Juan","username":""} []
[2026-01-04T19:13:31.686302+00:00] VideoclubLogger.INFO: Soporte no alquilado: Avatar {"soporte":1} []
[2026-01-04T19:13:31.686453+00:00] VideoclubLogger.INFO: Alquiler realizado {"cliente":1,"producto":1,"titulo":"Avatar"} []
[2026-01-04T19:13:31.686754+00:00] VideoclubLogger.INFO: Producto incluido: Avatar {"producto":1,"titulo":"Avatar","precio":3.5} []
[2026-01-04T19:13:31.686916+00:00] VideoclubLogger.WARNING: Socio no encontrado {"cliente":999} []
[2026-01-04T19:13:31.686987+00:00] VideoclubLogger.INFO: Error cliente no encontrado al alquilar {"cliente":999,"error":"Socio con número 999 no encontrado."} []
[2026-01-04T19:13:31.687292+00:00] VideoclubLogger.INFO: Producto incluido: Avatar {"producto":1,"titulo":"Avatar","precio":3.5} []
[2026-01-04T19:13:31.687475+00:00] VideoclubLogger.INFO: Socio incluido: Juan {"cliente":1,"nombre":"Juan","username":""} []
[2026-01-04T19:13:31.687547+00:00] VideoclubLogger.INFO: Soporte no alquilado: Avatar {"soporte":1} []
[2026-01-04T19:13:31.687697+00:00] VideoclubLogger.INFO: Alquiler realizado {"cliente":1,"producto":1,"titulo":"Avatar"} []
[2026-01-04T19:13:31.687776+00:00] VideoclubLogger.INFO: Devolución realizada {"cliente":1,"producto":1,"titulo":"Avatar"} []
[2026-01-04T19:13:31.688116+00:00] VideoclubLogger.INFO: Producto incluido: Avatar {"producto":1,"titulo":"Avatar","precio":3.5} []
[2026-01-04T19:13:31.688283+00:00] VideoclubLogger.WARNING: Socio no encontrado {"cliente":999} []
[2026-01-04T19:13:31.688353+00:00] VideoclubLogger.INFO: Error cliente no encontrado al alquilar {"cliente":999,"error":"Socio con número 999 no encontrado."} []
[2026-01-04T19:13:31.688652+00:00] VideoclubLogger.INFO: Producto incluido: Avatar {"producto":1,"titulo":"Avatar","precio":3.5} []
[2026-01-04T19:13:31.688816+00:00] VideoclubLogger.INFO: Producto incluido: Titanic {"producto":2,"titulo":"Titanic","precio":2.5} []
[2026-01-04T19:13:31.688890+00:00] VideoclubLogger.INFO: Producto incluido: Jaws {"producto":3,"titulo":"Jaws","precio":2.0} []
[2026-01-04T19:13:31.688977+00:00] VideoclubLogger.INFO: Socio incluido: Juan {"cliente":1,"nombre":"Juan","username":""} []
[2026-01-04T19:13:31.689060+00:00] VideoclubLogger.INFO: Socio incluido: Maria {"cliente":2,"nombre":"Maria","username":""} []
[2026-01-04T19:13:31.689126+00:00] VideoclubLogger.INFO: Soporte no alquilado: Avatar {"soporte":1} []
[2026-01-04T19:13:31.689281+00:00] VideoclubLogger.INFO: Alquiler realizado {"cliente":2,"producto":1,"titulo":"Avatar"} []
[2026-01-04T19:13:31.689353+00:00] VideoclubLogger.WARNING: Intento de alquiler de soporte ya alquilado {"soporte":1,"titulo":"Avatar","cliente":1} []
[2026-01-04T19:13:31.689419+00:00] VideoclubLogger.WARNING: Soporte ya alquilado al intentar alquilar varios {"soportes":[1,2,3],"cliente":1,"error":"El soporte Avatar ya está alquilado."} []
[2026-01-04T19:13:31.689776+00:00] VideoclubLogger.INFO: Producto incluido: Película 0 {"producto":1,"titulo":"Película 0","precio":2.5} []
[2026-01-04T19:13:31.689951+00:00] VideoclubLogger.INFO: Producto incluido: Película 1 {"producto":2,"titulo":"Película 1","precio":3.0} []
[2026-01-04T19:13:31.690027+00:00] VideoclubLogger.INFO: Producto incluido: Película 2 {"producto":3,"titulo":"Película 2","precio":3.5} []
[2026-01-04T19:13:31.690095+00:00] VideoclubLogger.INFO: Producto incluido: Película 3 {"producto":4,"titulo":"Película 3","precio":4.0} []
[2026-01-04T19:13:31.690159+00:00] VideoclubLogger.INFO: Producto incluido: Película 4 {"producto":5,"titulo":"Película 4","precio":4.5} []
[2026-01-04T19:13:31.690494+00:00] VideoclubLogger.INFO: Producto incluido: Película 0 {"producto":1,"titulo":"Película 0","precio":2.5} []
[2026-01-04T19:13:31.690661+00:00] VideoclubLogger.INFO: Producto incluido: Película 1 {"producto":2,"titulo":"Película 1","precio":3.0} []
[2026-01-04T19:13:31.690736+00:00] VideoclubLogger.INFO: Producto incluido: Película 2 {"producto":3,"titulo":"Película 2","precio":3.5} []
[2026-01-04T19:13:31.690802+00:00] VideoclubLogger.INFO: Producto incluido: Película 3 {"producto":4,"titulo":"Película 3","precio":4.0} []
[2026-01-04T19:13:31.690866+00:00] VideoclubLogger.INFO: Producto incluido: Película 4 {"producto":5,"titulo":"Película 4","precio":4.5} []
[2026-01-04T19:13:31.690929+00:00] VideoclubLogger.INFO: Producto incluido: Película 5 {"producto":6,"titulo":"Película 5","precio":5.0} []
[2026-01-04T19:13:31.690992+00:00] VideoclubLogger.INFO: Producto incluido: Película 6 {"producto":7,"titulo":"Película 6","precio":5.5} []
[2026-01-04T19:13:31.691054+00:00] VideoclubLogger.INFO: Producto incluido: Película 7 {"producto":8,"titulo":"Película 7","precio":6.0} []
[2026-01-04T19:13:31.691117+00:00] VideoclubLogger.INFO: Producto incluido: Película 8 {"producto":9,"titulo":"Película 8","precio":6.5} []
[2026-01-04T19:13:31.691179+00:00] VideoclubLogger.INFO: Producto incluido: Película 9 {"producto":10,"titulo":"Película 9","precio":7.0} []
[2026-01-04T19:13:31.691500+00:00] VideoclubLogger.INFO: Producto incluido: Película 0 {"producto":1,"titulo":"Película 0","precio":2.5} []
[2026-01-04T19:13:31.691666+00:00] VideoclubLogger.INFO: Producto incluido: Película 1 {"producto":2,"titulo":"Película 1","precio":3.0} []
[2026-01-04T19:13:31.691740+00:00] VideoclubLogger.INFO: Producto incluido: Película 2 {"producto":3,"titulo":"Película 2","precio":3.5} []
[2026-01-04T19:13:31.691845+00:00] VideoclubLogger.INFO: Producto incluido: Película 3 {"producto":4,"titulo":"Película 3","precio":4.0} []
[2026-01-04T19:13:31.691915+00:00] VideoclubLogger.INFO: Producto incluido: Película 4 {"producto":5,"titulo":"Película 4","precio":4.5} []
[2026-01-04T19:13:31.691980+00:00] VideoclubLogger.INFO: Producto incluido: Película 5 {"producto":6,"titulo":"Película 5","precio":5.0} []
[2026-01-04T19:13:31.692043+00:00] VideoclubLogger.INFO: Producto incluido: Película 6 {"producto":7,"titulo":"Película 6","precio":5.5} []
[2026-01-04T19:13:31.692105+00:00] VideoclubLogger.INFO: Producto incluido: Película 7 {"producto":8,"titulo":"Película 7","precio":6.0} []
[2026-01-04T19:13:31.692168+00:00] VideoclubLogger.INFO: Producto incluido: Película 8 {"producto":9,"titulo":"Película 8","precio":6.5} []
[2026-01-04T19:13:31.692234+00:00] VideoclubLogger.INFO: Producto incluido: Película 9 {"producto":10,"titulo":"Película 9","precio":7.0} []
[2026-01-04T19:13:31.692297+00:00] VideoclubLogger.INFO: Producto incluido: Película 10 {"producto":11,"titulo":"Película 10","precio":7.5} []
[2026-01-04T19:13:31.692360+00:00] VideoclubLogger.INFO: Producto incluido: Película 11 {"producto":12,"titulo":"Película 11","precio":8.0} []
[2026-01-04T19:13:31.692422+00:00] VideoclubLogger.INFO: Producto incluido: Película 12 {"producto":13,"titulo":"Película 12","precio":8.5} []
[2026-01-04T19:13:31.692485+00:00] VideoclubLogger.INFO: Producto incluido: Película 13 {"producto":14,"titulo":"Película 13","precio":9.0} []
[2026-01-04T19:13:31.692547+00:00] VideoclubLogger.INFO: Producto incluido: Película 14 {"producto":15,"titulo":"Película 14","precio":9.5} []
[2026-01-04T19:13:31.692867+00:00] VideoclubLogger.INFO: Producto incluido: Película 0 {"producto":1,"titulo":"Película 0","precio":2.5} []
[2026-01-04T19:13:31.693040+00:00] VideoclubLogger.INFO: Producto incluido: Película 1 {"producto":2,"titulo":"Película 1","precio":3.0} []
[2026-01-04T19:13:31.693113+00:00] VideoclubLogger.INFO: Producto incluido: Película 2 {"producto":3,"titulo":"Película 2","precio":3.5} []
[2026-01-04T19:13:31.693180+00:00] VideoclubLogger.INFO: Producto incluido: Película 3 {"producto":4,"titulo":"Película 3","precio":4.0} []
[2026-01-04T19:13:31.693255+00:00] VideoclubLogger.INFO: Producto incluido: Película 4 {"producto":5,"titulo":"Película 4","precio":4.5} []
[2026-01-04T19:13:31.693329+00:00] VideoclubLogger.INFO: Producto incluido: Película 5 {"producto":6,"titulo":"Película 5","precio":5.0} []
[2026-01-04T19:13:31.693393+00:00] VideoclubLogger.INFO: Producto incluido: Película 6 {"producto":7,"titulo":"Película 6","precio":5.5} []
[2026-01-04T19:13:31.693456+00:00] VideoclubLogger.INFO: Producto incluido: Película 7 {"producto":8,"titulo":"Película 7","precio":6.0} []
[2026-01-04T19:13:31.693519+00:00] VideoclubLogger.INFO: Producto incluido: Película 8 {"producto":9,"titulo":"Película 8","precio":6.5} []
[2026-01-04T19:13:31.693581+00:00] VideoclubLogger.INFO: Producto incluido: Película 9 {"producto":10,"titulo":"Película 9","precio":7.0} []
[2026-01-04T19:13:31.693644+00:00] VideoclubLogger.INFO: Producto incluido: Película 10 {"producto":11,"titulo":"Película 10","precio":7.5} []
[2026-01-04T19:13:31.693708+00:00] VideoclubLogger.INFO: Producto incluido: Película 11 {"producto":12,"titulo":"Película 11","precio":8.0} []
[2026-01-04T19:13:31.693771+00:00] VideoclubLogger.INFO: Producto incluido: Película 12 {"producto":13,"titulo":"Película 12","precio":8.5} []
[2026-01-04T19:13:31.693835+00:00] VideoclubLogger.INFO: Producto incluido: Película 13 {"producto":14,"titulo":"Película 13","precio":9.0} []
[2026-01-04T19:13:31.693898+00:00] VideoclubLogger.INFO: Producto incluido: Película 14 {"producto":15,"titulo":"Película 14","precio":9.5} []
[2026-01-04T19:13:31.693960+00:00] VideoclubLogger.INFO: Producto incluido: Película 15 {"producto":16,"titulo":"Película 15","precio":10.0} []
[2026-01-04T19:13:31.694060+00:00] VideoclubLogger.INFO: Producto incluido: Película 16 {"producto":17,"titulo":"Película 16","precio":10.5} []
[2026-01-04T19:13:31.694130+00:00] VideoclubLogger.INFO: Producto incluido: Película 17 {"producto":18,"titulo":"Película 17","precio":11.0} []
[2026-01-04T19:13:31.694194+00:00] VideoclubLogger.INFO: Producto incluido: Película 18 {"producto":19,"titulo":"Película 18","precio":11.5} []
[2026-01-04T19:13:31.694262+00:00] VideoclubLogger.INFO: Producto incluido: Película 19 {"producto":20,"titulo":"Película 19","precio":12.0} []
[2026-01-04T19:13:31.694822+00:00] VideoclubLogger.INFO: Socio incluido: Socio 0 {"cliente":1,"nombre":"Socio 0","username":"user0"} []
[2026-01-04T19:13:31.695015+00:00] VideoclubLogger.INFO: Socio incluido: Socio 1 {"cliente":2,"nombre":"Socio 1","username":"user1"} []
[2026-01-04T19:13:31.695104+00:00] VideoclubLogger.INFO: Socio incluido: Socio 2 {"cliente":3,"nombre":"Socio 2","username":"user2"} []
[2026-01-04T19:13:31.695464+00:00] VideoclubLogger.INFO: Socio incluido: Socio 0 {"cliente":1,"nombre":"Socio 0","username":"user0"} []
[2026-01-04T19:13:31.695649+00:00] VideoclubLogger.INFO: Socio incluido: Socio 1 {"cliente":2,"nombre":"Socio 1","username":"user1"} []
[2026-01-04T19:13:31.695740+00:00] VideoclubLogger.INFO: Socio incluido: Socio 2 {"cliente":3,"nombre":"Socio 2","username":"user2"} []
[2026-01-04T19:13:31.695823+00:00] VideoclubLogger.INFO: Socio incluido: Socio 3 {"cliente":4,"nombre":"Socio 3","username":"user3"} []
[2026-01-04T19:13:31.695902+00:00] VideoclubLogger.INFO: Socio incluido: Socio 4 {"cliente":5,"nombre":"Socio 4","username":"user4"} []
[2026-01-04T19:13:31.696240+00:00] VideoclubLogger.INFO: Socio incluido: Socio 0 {"cliente":1,"nombre":"Socio 0","username":"user0"} []
[2026-01-04T19:13:31.696423+00:00] VideoclubLogger.INFO: Socio incluido: Socio 1 {"cliente":2,"nombre":"Socio 1","username":"user1"} []
[2026-01-04T19:13:31.696509+00:00] VideoclubLogger.INFO: Socio incluido: Socio 2 {"cliente":3,"nombre":"Socio 2","username":"user2"} []
[2026-01-04T19:13:31.696589+00:00] VideoclubLogger.INFO: Socio incluido: Socio 3 {"cliente":4,"nombre":"Socio 3","username":"user3"} []
[2026-01-04T19:13:31.696667+00:00] VideoclubLogger.INFO: Socio incluido: Socio 4 {"cliente":5,"nombre":"Socio 4","username":"user4"} []
[2026-01-04T19:13:31.696745+00:00] VideoclubLogger.INFO: Socio incluido: Socio 5 {"cliente":6,"nombre":"Socio 5","username":"user5"} []
[2026-01-04T19:13:31.696822+00:00] VideoclubLogger.INFO: Socio incluido: Socio 6 {"cliente":7,"nombre":"Socio 6","username":"user6"} []
[2026-01-04T19:13:31.696902+00:00] VideoclubLogger.INFO: Socio incluido: Socio 7 {"cliente":8,"nombre":"Socio 7","username":"user7"} []
[2026-01-04T19:13:31.696979+00:00] VideoclubLogger.INFO: Socio incluido: Socio 8 {"cliente":9,"nombre":"Socio 8","username":"user8"} []
[2026-01-04T19:13:31.697055+00:00] VideoclubLogger.INFO: Socio incluido: Socio 9 {"cliente":10,"nombre":"Socio 9","username":"user9"} []
[2026-01-04T19:13:31.697441+00:00] VideoclubLogger.INFO: Socio incluido: Juan {"cliente":1,"nombre":"Juan","username":""} []
[2026-01-04T19:13:31.697630+00:00] VideoclubLogger.INFO: Socio incluido: Maria {"cliente":2,"nombre":"Maria","username":""} []
[2026-01-04T19:13:31.697944+00:00] VideoclubLogger.INFO: Producto incluido: Avatar {"producto":1,"titulo":"Avatar","precio":3.5} []
[2026-01-04T19:13:31.698127+00:00] VideoclubLogger.INFO: Socio incluido: Juan {"cliente":1,"nombre":"Juan","username":""} []
[2026-01-04T19:13:31.698200+00:00] VideoclubLogger.INFO: Soporte no alquilado: Avatar {"soporte":1} []
[2026-01-04T19:13:31.698356+00:00] VideoclubLogger.INFO: Alquiler realizado {"cliente":1,"producto":1,"titulo":"Avatar"} []
[2026-01-04T19:13:31.698430+00:00] VideoclubLogger.INFO: Devolución realizada {"cliente":1,"producto":1,"titulo":"Avatar"} []
[2026-01-04T19:13:31.698726+00:00] VideoclubLogger.INFO: Producto incluido: Avatar {"producto":1,"titulo":"Avatar","precio":3.5} []
[2026-01-04T19:13:31.698890+00:00] VideoclubLogger.INFO: Producto incluido: Titanic {"producto":2,"titulo":"Titanic","precio":2.5} []
[2026-01-04T19:13:31.699258+00:00] VideoclubLogger.INFO: Socio incluido: Juan {"cliente":1,"nombre":"Juan","username":""} []
[2026-01-04T19:13:31.699441+00:00] VideoclubLogger.INFO: Socio incluido: Maria {"cliente":2,"nombre":"Maria","username":""} []
[2026-01-04T19:13:31.699512+00:00] VideoclubLogger.INFO: Socio listado {"cliente":1,"nombre":"Juan","alquileres":0,"maximo":2} []
[2026-01-04T19:13:31.699576+00:00] VideoclubLogger.INFO: Socio listado {"cliente":2,"nombre":"Maria","alquileres":0,"maximo":3} []
[2026-01-04T19:13:31.700949+00:00] VideoclubLogger.INFO: Soporte no alquilado: Película 0 {"soporte":200} []
[2026-01-04T19:13:31.701122+00:00] VideoclubLogger.INFO: Soporte no alquilado: Película Extra 1 {"soporte":301} []
[2026-01-04T19:13:31.701189+00:00] VideoclubLogger.WARNING: Cupo superado al intentar alquilar: max 1 {"cliente":98} []
[2026-01-04T19:13:31.702086+00:00] VideoclubLogger.INFO: Soporte no alquilado: Película 0 {"soporte":200} []
[2026-01-04T19:13:31.702257+00:00] VideoclubLogger.INFO: Soporte no alquilado: Película 1 {"soporte":201} []
[2026-01-04T19:13:31.702335+00:00] VideoclubLogger.INFO: Soporte no alquilado: Película Extra 2 {"soporte":302} []
[2026-01-04T19:13:31.702397+00:00] VideoclubLogger.WARNING: Cupo superado al intentar alquilar: max 2 {"cliente":98} []
[2026-01-04T19:13:31.702742+00:00] VideoclubLogger.INFO: Soporte no alquilado: Película 0 {"soporte":200} []
[2026-01-04T19:13:31.702902+00:00] VideoclubLogger.INFO: Soporte no alquilado: Película 1 {"soporte":201} []
[2026-01-04T19:13:31.702972+00:00] VideoclubLogger.INFO: Soporte no alquilado: Película 2 {"soporte":202} []
[2026-01-04T19:13:31.703039+00:00] VideoclubLogger.INFO: Soporte no alquilado: Película Extra 3 {"soporte":303} []
[2026-01-04T19:13:31.703095+00:00] VideoclubLogger.WARNING: Cupo superado al intentar alquilar: max 3 {"cliente":98} []
[2026-01-04T19:13:31.703468+00:00] VideoclubLogger.INFO: Soporte no alquilado: Avatar {"soporte":1} []
[2026-01-04T19:13:31.703877+00:00] VideoclubLogger.INFO: Soporte no alquilado: Avatar {"soporte":1} []
[2026-01-04T19:13:31.704284+00:00] VideoclubLogger.INFO: Soporte no alquilado: Avatar {"soporte":1} []
[2026-01-04T19:13:31.704450+00:00] VideoclubLogger.INFO: Soporte ya alquilado: Avatar {"soporte":1} []
[2026-01-04T19:13:31.704803+00:00] VideoclubLogger.INFO: Soporte no alquilado: Avatar {"soporte":50} []
[2026-01-04T19:13:31.704964+00:00] VideoclubLogger.INFO: Soporte ya alquilado: Avatar {"soporte":50} []
[2026-01-04T19:13:31.705345+00:00] VideoclubLogger.INFO: Soporte no alquilado: Inception {"soporte":51} []
[2026-01-04T19:13:31.705512+00:00] VideoclubLogger.INFO: Soporte ya alquilado: Inception {"soporte":51} []
[2026-01-04T19:13:31.705852+00:00] VideoclubLogger.INFO: Soporte no alquilado: Elden Ring {"soporte":52} []
[2026-01-04T19:13:31.706018+00:00] VideoclubLogger.INFO: Soporte ya alquilado: Elden Ring {"soporte":52} []
[2026-01-04T19:13:31.706705+00:00] VideoclubLogger.INFO: Soporte no alquilado: Película 0 {"soporte":100} []
[2026-01-04T19:13:31.707146+00:00] VideoclubLogger.INFO: Soporte no alquilado: Película 0 {"soporte":100} []
[2026-01-04T19:13:31.707312+00:00] VideoclubLogger.INFO: Soporte no alquilado: Película 1 {"soporte":101} []
[2026-01-04T19:13:31.707655+00:00] VideoclubLogger.INFO: Soporte no alquilado: Película 0 {"soporte":100} []
[2026-01-04T19:13:31.707814+00:00] VideoclubLogger.INFO: Soporte no alquilado: Película 1 {"soporte":101} []
[2026-01-04T19:13:31.707884+00:00] VideoclubLogger.INFO: Soporte no alquilado: Película 2 {"soporte":102} []
[2026-01-04T19:13:31.708218+00:00] VideoclubLogger.INFO: Soporte no alquilado: Película 0 {"soporte":100} []
[2026-01-04T19:13:31.708400+00:00] VideoclubLogger.INFO: Soporte no alquilado: Película 1 {"soporte":101} []
[2026-01-04T19:13:31.708469+00:00] VideoclubLogger.INFO: Soporte no alquilado: Película 2 {"soporte":102} []
[2026-01-04T19:13:31.708530+00:00] VideoclubLogger.INFO: Soporte no alquilado: Película 3 {"soporte":103} []
[2026-01-04T19:13:31.708634+00:00] VideoclubLogger.INFO: Soporte no alquilado: Película 4 {"soporte":104} []
[2026-01-04T19:13:31.708991+00:00] VideoclubLogger.INFO: Soporte no alquilado: Película 0 {"soporte":100} []
[2026-01-04T19:13:31.709152+00:00] VideoclubLogger.INFO: Soporte no alquilado: Película 1 {"soporte":101} []
[2026-01-04T19:13:31.709220+00:00] VideoclubLogger.INFO: Soporte no alquilado: Película 2 {"soporte":102} []
[2026-01-04T19:13:31.709286+00:00] VideoclubLogger.INFO: Soporte no alquilado: Película 3 {"soporte":103} []
[2026-01-04T19:13:31.709346+00:00] VideoclubLogger.INFO: Soporte no alquilado: Película 4 {"soporte":104} []
[2026-01-04T19:13:31.709406+00:00] VideoclubLogger.INFO: Soporte no alquilado: Película 5 {"soporte":105} []
[2026-01-04T19:13:31.709464+00:00] VideoclubLogger.INFO: Soporte no alquilado: Película 6 {"soporte":106} []
[2026-01-04T19:13:31.709523+00:00] VideoclubLogger.INFO: Soporte no alquilado: Película 7 {"soporte":107} []
[2026-01-04T19:13:31.709583+00:00] VideoclubLogger.INFO: Soporte no alquilado: Película 8 {"soporte":108} []
[2026-01-04T19:13:31.709657+00:00] VideoclubLogger.INFO: Soporte no alquilado: Película 9 {"soporte":109} []
[2026-01-04T19:13:31.710028+00:00] VideoclubLogger.INFO: Soporte no alquilado: Avatar {"soporte":1} []
[2026-01-04T19:13:31.710190+00:00] VideoclubLogger.WARNING: Intento de devolver soporte no alquilado: 999 {"cliente":1} []
[2026-01-04T19:13:31.710533+00:00] VideoclubLogger.INFO: Soporte no alquilado: Avatar {"soporte":1} []
[2026-01-04T19:13:31.710694+00:00] VideoclubLogger.INFO: Soporte no alquilado: Inception {"soporte":4} []
[2026-01-04T19:13:31.710764+00:00] VideoclubLogger.INFO: Soporte no alquilado: Elden Ring {"soporte":7} []
[2026-01-04T19:13:31.710823+00:00] VideoclubLogger.WARNING: Cupo superado al intentar alquilar: max 2 {"cliente":1} []
[2026-01-04T19:13:31.711320+00:00] VideoclubLogger.INFO: Soporte no alquilado: Avatar {"soporte":1} []
[2026-01-04T19:13:31.711483+00:00] VideoclubLogger.INFO: Soporte ya alquilado: Avatar {"soporte":1} []
[2026-01-04T19:13:31.711551+00:00] VideoclubLogger.WARNING: Intento de alquiler de soporte ya alquilado: Avatar {"soporte":1,"cliente":1} []
[2026-01-04T19:13:31.711905+00:00] VideoclubLogger.INFO: Soporte no alquilado: Avatar {"soporte":1} []
[2026-01-04T19:13:31.712061+00:00] VideoclubLogger.INFO: Soporte ya alquilado: Avatar {"soporte":1} []
[2026-01-04T19:13:31.712132+00:00] VideoclubLogger.INFO: Soporte no alquilado: Avatar {"soporte":1} []
[2026-01-04T19:13:31.712715+00:00] VideoclubLogger.INFO: Soporte no alquilado: Avatar {"soporte":1} []
[2026-01-04T19:13:31.712890+00:00] VideoclubLogger.INFO: Soporte no alquilado: Avatar {"soporte":1} []
[2026-01-04T19:13:31.713400+00:00] VideoclubLogger.INFO: Soporte no alquilado: Avatar {"soporte":1} []
[2026-01-04T19:13:31.713868+00:00] VideoclubLogger.INFO: Soporte no alquilado: Avatar {"soporte":1} []
[2026-01-04T19:13:31.714029+00:00] VideoclubLogger.INFO: Soporte no alquilado: Inception {"soporte":4} []
[2026-01-04T19:13:31.714097+00:00] VideoclubLogger.INFO: Soporte no alquilado: Elden Ring {"soporte":7} []
[2026-01-04T19:13:31.714167+00:00] VideoclubLogger.INFO: Soporte no alquilado: Avatar {"soporte":1} []
[2026-01-04T19:13:31.714239+00:00] VideoclubLogger.INFO: Soporte no alquilado: Inception {"soporte":4} []
[2026-01-04T19:13:31.714302+00:00] VideoclubLogger.INFO: Soporte no alquilado: Titanic {"soporte":2} []
[2026-01-04T19:13:31.714361+00:00] VideoclubLogger.INFO: Soporte no alquilado: Interstellar {"soporte":5} []
[2026-01-04T19:13:31.714693+00:00] VideoclubLogger.WARNING: Intento de devolver soporte no alquilado: 1 {"cliente":1} []
[2026-01-04T19:13:31.715126+00:00] VideoclubLogger.INFO: Alquileres actuales: 0 {"cliente":1} []
[2026-01-04T19:13:31.715289+00:00] VideoclubLogger.INFO: No hay alquileres registrados para el cliente. {"cliente":1} []
[2026-01-04T19:13:31.715655+00:00] VideoclubLogger.INFO: Soporte no alquilado: Avatar {"soporte":1} []
[2026-01-04T19:13:31.715817+00:00] VideoclubLogger.INFO: Soporte no alquilado: Inception {"soporte":4} []
[2026-01-04T19:13:31.715926+00:00] VideoclubLogger.INFO: Alquileres actuales: 2 {"cliente":1} []
[2026-01-04T19:13:31.715990+00:00] VideoclubLogger.INFO: Soporte alquilado: Avatar {"soporte":1,"precio":3.5} []
[2026-01-04T19:13:31.716052+00:00] VideoclubLogger.INFO: Soporte alquilado: Inception {"soporte":4,"precio":4.5} []
[2026-01-04T19:13:31.716898+00:00] VideoclubLogger.INFO: Soporte no alquilado: Avatar {"soporte":1} []
[2026-01-04T19:13:31.717068+00:00] VideoclubLogger.INFO: Soporte no alquilado: Inception {"soporte":4} []
[2026-01-04T19:13:31.717439+00:00] VideoclubLogger.INFO: Soporte no alquilado: Avatar {"soporte":1} []
[2026-01-04T19:13:31.717598+00:00] VideoclubLogger.INFO: Soporte no alquilado: Inception {"soporte":4} []
[2026-01-04T19:13:41.543971+00:00] VideoclubLogger.INFO: Socio incluido: Cliente {"cliente":1,"nombre":"Cliente","username":""} []
[2026-01-04T19:13:41.545208+00:00] VideoclubLogger.INFO: Producto incluido: Avatar {"producto":1,"titulo":"Avatar","precio":3.5} []
[2026-01-04T19:13:41.545327+00:00] VideoclubLogger.INFO: Soporte no alquilado: Avatar {"soporte":1} []
[2026-01-04T19:13:41.545515+00:00] VideoclubLogger.INFO: Alquiler realizado {"cliente":1,"producto":1,"titulo":"Avatar"} []
[2026-01-04T19:13:41.583527+00:00] VideoclubLogger.INFO: Socio incluido: Cliente {"cliente":1,"nombre":"Cliente","username":""} []
[2026-01-04T19:13:41.583797+00:00] VideoclubLogger.INFO: Producto incluido: Inception {"producto":1,"titulo":"Inception","precio":4.5} []
[2026-01-04T19:13:41.583923+00:00] VideoclubLogger.INFO: Soporte no alquilado: Inception {"soporte":1} []
[2026-01-04T19:13:41.584113+00:00] VideoclubLogger.INFO: Alquiler realizado {"cliente":1,"producto":1,"titulo":"Inception"} []
[2026-01-04T19:13:41.585534+00:00] VideoclubLogger.INFO: Socio incluido: Cliente {"cliente":1,"nombre":"Cliente","username":""} []
[2026-01-04T19:13:41.585767+00:00] VideoclubLogger.INFO: Producto incluido: Avatar {"producto":1,"titulo":"Avatar","precio":3.5} []
[2026-01-04T19:13:41.585887+00:00] VideoclubLogger.INFO: Soporte no alquilado: Avatar {"soporte":1} []
[2026-01-04T19:13:41.586072+00:00] VideoclubLogger.INFO: Alquiler realizado {"cliente":1,"producto":1,"titulo":"Avatar"} []
[2026-01-04T19:13:41.586184+00:00] VideoclubLogger.INFO: Producto incluido: Inception {"producto":2,"titulo":"Inception","precio":4.5} []
[2026-01-04T19:13:41.586283+00:00] VideoclubLogger.INFO: Soporte no alquilado: Inception {"soporte":2} []
[2026-01-04T19:13:41.586361+00:00] VideoclubLogger.INFO: Alquiler realizado {"cliente":1,"producto":2,"titulo":"Inception"} []
[2026-01-04T19:13:41.587776+00:00] VideoclubLogger.INFO: Socio incluido: Cliente {"cliente":1,"nombre":"Cliente","username":""} []
[2026-01-04T19:13:41.588027+00:00] VideoclubLogger.INFO: Producto incluido: Elden Ring {"producto":1,"titulo":"Elden Ring","precio":59.99} []
[2026-01-04T19:13:41.588170+00:00] VideoclubLogger.INFO: Soporte no alquilado: Elden Ring {"soporte":1} []
[2026-01-04T19:13:41.588355+00:00] VideoclubLogger.INFO: Alquiler realizado {"cliente":1,"producto":1,"titulo":"Elden Ring"} []
[2026-01-04T19:13:41.589783+00:00] VideoclubLogger.INFO: Producto incluido: Avatar {"producto":1,"titulo":"Avatar","precio":3.5} []
[2026-01-04T19:13:41.590003+00:00] VideoclubLogger.INFO: Producto incluido: Titanic {"producto":2,"titulo":"Titanic","precio":2.5} []
[2026-01-04T19:13:41.590123+00:00] VideoclubLogger.INFO: Producto incluido: Jaws {"producto":3,"titulo":"Jaws","precio":2.0} []
[2026-01-04T19:13:41.590218+00:00] VideoclubLogger.INFO: Producto incluido: The Ring {"producto":4,"titulo":"The Ring","precio":1.5} []
[2026-01-04T19:13:41.590340+00:00] VideoclubLogger.INFO: Socio incluido: Juan {"cliente":1,"nombre":"Juan","username":""} []
[2026-01-04T19:13:41.590469+00:00] VideoclubLogger.WARNING: Cupo superado al intentar alquilar varios productos {"cliente":1,"intentados":3,"maximo":2} []
[2026-01-04T19:13:41.590966+00:00] VideoclubLogger.WARNING: Cupo superado al alquilar varios productos {"cliente":1,"cantidad_solicitada":3,"error":"No se pueden alquilar todos los productos: se superaría el máximo de alquileres."} []
[2026-01-04T19:13:41.593325+00:00] VideoclubLogger.INFO: Producto incluido: Avatar {"producto":1,"titulo":"Avatar","precio":3.5} []
[2026-01-04T19:13:41.593537+00:00] VideoclubLogger.INFO: Producto incluido: Titanic {"producto":2,"titulo":"Titanic","precio":2.5} []
[2026-01-04T19:13:41.593643+00:00] VideoclubLogger.INFO: Producto incluido: Jaws {"producto":3,"titulo":"Jaws","precio":2.0} []
[2026-01-04T19:13:41.593772+00:00] VideoclubLogger.INFO: Socio incluido: Juan {"cliente":1,"nombre":"Juan","username":""} []
[2026-01-04T19:13:41.593911+00:00] VideoclubLogger.INFO: Soporte no alquilado: Avatar {"soporte":1} []
[2026-01-04T19:13:41.594113+00:00] VideoclubLogger.INFO: Soporte no alquilado: Titanic {"soporte":2} []
[2026-01-04T19:13:41.594209+00:00] VideoclubLogger.INFO: Soporte no alquilado: Jaws {"soporte":3} []
[2026-01-04T19:13:41.594294+00:00] VideoclubLogger.INFO: Alquileres realizados {"cliente":1,"cantidad":3,"productos":[1,2,3]} []
[2026-01-04T19:13:41.594422+00:00] VideoclubLogger.INFO: Soporte ya alquilado: Avatar {"soporte":1} []
[2026-01-04T19:13:41.594506+00:00] VideoclubLogger.INFO: Soporte ya alquilado: Titanic {"soporte":2} []
[2026-01-04T19:13:41.594600+00:00] VideoclubLogger.INFO: Devoluciones realizadas {"cliente":1,"cantidad":2,"productos":[1,2]} []
[2026-01-04T19:13:41.595926+00:00] VideoclubLogger.INFO: Producto incluido: Avatar {"producto":1,"titulo":"Avatar","precio":3.5} []
[2026-01-04T19:13:41.596155+00:00] VideoclubLogger.INFO: Producto incluido: Titanic {"producto":2,"titulo":"Titanic","precio":2.5} []
[2026-01-04T19:13:41.596260+00:00] VideoclubLogger.INFO: Producto incluido: Jaws {"producto":3,"titulo":"Jaws","precio":2.0} []
[2026-01-04T19:13:41.596386+00:00] VideoclubLogger.INFO: Socio incluido: Juan {"cliente":1,"nombre":"Juan","username":""} []
[2026-01-04T19:13:41.596519+00:00] VideoclubLogger.INFO: Soporte no alquilado: Avatar {"soporte":1} []
[2026-01-04T19:13:41.596699+00:00] VideoclubLogger.INFO: Soporte no alquilado: Titanic {"soporte":2} []
[2026-01-04T19:13:41.596788+00:00] VideoclubLogger.INFO: Soporte no alquilado: Jaws {"soporte":3} []
[2026-01-04T19:13:41.596863+00:00] VideoclubLogger.INFO: Alquileres realizados {"cliente":1,"cantidad":3,"productos":[1,2,3]} []
[2026-01-04T19:13:41.598156+00:00] VideoclubLogger.INFO: Producto incluido: Avatar {"producto":1,"titulo":"Avatar","precio":3.5} []
[2026-01-04T19:13:41.598361+00:00] VideoclubLogger.INFO: Producto incluido: Titanic {"producto":2,"titulo":"Titanic","precio":2.5} []
[2026-01-04T19:13:41.598464+00:00] VideoclubLogger.INFO: Producto incluido: Jaws {"producto":3,"titulo":"Jaws","precio":2.0} []
[2026-01-04T19:13:41.598588+00:00] VideoclubLogger.INFO: Socio incluido: Juan {"cliente":1,"nombre":"Juan","username":""} []
[2026-01-04T19:13:41.598712+00:00] VideoclubLogger.INFO: Soporte no alquilado: Avatar {"soporte":1} []
[2026-01-04T19:13:41.598891+00:00] VideoclubLogger.INFO: Soporte no alquilado: Titanic {"soporte":2} []
[2026-01-04T19:13:41.598976+00:00] VideoclubLogger.INFO: Alquileres realizados {"cliente":1,"cantidad":2,"productos":[1,2]} []
[2026-01-04T19:13:41.599105+00:00] VideoclubLogger.INFO: Soporte ya alquilado: Avatar {"soporte":1} []
[2026-01-04T19:13:41.599189+00:00] VideoclubLogger.INFO: Soporte ya alquilado: Titanic {"soporte":2} []
[2026-01-04T19:13:41.599272+00:00] VideoclubLogger.INFO: Soporte no alquilado: Jaws {"soporte":3} []
[2026-01-04T19:13:41.599345+00:00] VideoclubLogger.WARNING: Intento de devolver soporte no alquilado por socio {"producto":3,"titulo":"Jaws","cliente":1} []
[2026-01-04T19:13:41.599665+00:00] VideoclubLogger.WARNING: Error soporte no encontrado al devolver varios {"soportes":[1,2,3],"cliente":1,"error":"El soporte Jaws no está alquilado por este socio."} []
[2026-01-04T19:13:41.601499+00:00] VideoclubLogger.INFO: Producto incluido: Avatar {"producto":1,"titulo":"Avatar","precio":3.5} []
[2026-01-04T19:13:41.601734+00:00] VideoclubLogger.INFO: Producto incluido: Inception {"producto":2,"titulo":"Inception","precio":4.5} []
[2026-01-04T19:13:41.601896+00:00] VideoclubLogger.INFO: Producto incluido: Elden Ring {"producto":3,"titulo":"Elden Ring","precio":59.99} []
[2026-01-04T19:13:41.602034+00:00] VideoclubLogger.INFO: Socio incluido: Juan {"cliente":1,"nombre":"Juan","username":""} []
[2026-01-04T19:13:41.602171+00:00] VideoclubLogger.INFO: Soporte no alquilado: Avatar {"soporte":1} []
[2026-01-04T19:13:41.602364+00:00] VideoclubLogger.INFO: Soporte no alquilado: Inception {"soporte":2} []
[2026-01-04T19:13:41.602455+00:00] VideoclubLogger.INFO: Soporte no alquilado: Elden Ring {"soporte":3} []
[2026-01-04T19:13:41.602535+00:00] VideoclubLogger.INFO: Alquileres realizados {"cliente":1,"cantidad":3,"productos":[1,2,3]} []
[2026-01-04T19:13:41.602667+00:00] VideoclubLogger.INFO: Soporte ya alquilado: Avatar {"soporte":1} []
[2026-01-04T19:13:41.602752+00:00] VideoclubLogger.INFO: Soporte ya alquilado: Inception {"soporte":2} []
[2026-01-04T19:13:41.602845+00:00] VideoclubLogger.INFO: Devoluciones realizadas {"cliente":1,"cantidad":2,"productos":[1,2]} []
[2026-01-04T19:13:41.602956+00:00] VideoclubLogger.INFO: Soporte no alquilado: Avatar {"soporte":1} []
[2026-01-04T19:13:41.603037+00:00] VideoclubLogger.INFO: Alquiler realizado {"cliente":1,"producto":1,"titulo":"Avatar"} []
[2026-01-04T19:13:41.603139+00:00] VideoclubLogger.INFO: Soporte ya alquilado: Avatar {"soporte":1} []
[2026-01-04T19:13:41.603222+00:00] VideoclubLogger.INFO: Soporte ya alquilado: Elden Ring {"soporte":3} []
[2026-01-04T19:13:41.603312+00:00] VideoclubLogger.INFO: Devoluciones realizadas {"cliente":1,"cantidad":2,"productos":[1,3]} []
[2026-01-04T19:13:41.606006+00:00] VideoclubLogger.INFO: Socio incluido: Juan {"cliente":1,"nombre":"Juan","username":""} []
[2026-01-04T19:13:41.606242+00:00] VideoclubLogger.WARNING: Producto no encontrado {"producto":999} []
[2026-01-04T19:13:41.606337+00:00] VideoclubLogger.INFO: Error soporte no encontrado al alquilar {"soporte":999,"error":"Producto con número 999 no encontrado."} []
[2026-01-04T19:13:41.607738+00:00] VideoclubLogger.INFO: Producto incluido: Avatar {"producto":1,"titulo":"Avatar","precio":3.5} []
[2026-01-04T19:13:41.607976+00:00] VideoclubLogger.INFO: Socio incluido: Juan {"cliente":1,"nombre":"Juan","username":""} []
[2026-01-04T19:13:41.608103+00:00] VideoclubLogger.INFO: Socio incluido: Maria {"cliente":2,"nombre":"Maria","username":""} []
[2026-01-04T19:13:41.608212+00:00] VideoclubLogger.INFO: Soporte no alquilado: Avatar {"soporte":1} []
[2026-01-04T19:13:41.608392+00:00] VideoclubLogger.INFO: Alquiler realizado {"cliente":1,"producto":1,"titulo":"Avatar"} []
[2026-01-04T19:13:41.608518+00:00] VideoclubLogger.INFO: Soporte no alquilado: Avatar {"soporte":1} []
[2026-01-04T19:13:41.608696+00:00] VideoclubLogger.INFO: Alquiler realizado {"cliente":2,"producto":1,"titulo":"Avatar"} []
[2026-01-04T19:13:41.609966+00:00] VideoclubLogger.INFO: Producto incluido: Avatar {"producto":1,"titulo":"Avatar","precio":3.5} []
[2026-01-04T19:13:41.610173+00:00] VideoclubLogger.INFO: Producto incluido: Titanic {"producto":2,"titulo":"Titanic","precio":2.5} []
[2026-01-04T19:13:41.610275+00:00] VideoclubLogger.INFO: Producto incluido: Inception {"producto":3,"titulo":"Inception","precio":4.5} []
[2026-01-04T19:13:41.610399+00:00] VideoclubLogger.INFO: Socio incluido: Juan {"cliente":1,"nombre":"Juan","username":""} []
[2026-01-04T19:13:41.610505+00:00] VideoclubLogger.INFO: Soporte no alquilado: Avatar {"soporte":1} []
[2026-01-04T19:13:41.610682+00:00] VideoclubLogger.INFO: Alquiler realizado {"cliente":1,"producto":1,"titulo":"Avatar"} []
[2026-01-04T19:13:41.610783+00:00] VideoclubLogger.INFO: Soporte no alquilado: Titanic {"soporte":2} []
[2026-01-04T19:13:41.610862+00:00] VideoclubLogger.INFO: Alquiler realizado {"cliente":1,"producto":2,"titulo":"Titanic"} []
[2026-01-04T19:13:41.610978+00:00] VideoclubLogger.INFO: Soporte no alquilado: Inception {"soporte":3} []
[2026-01-04T19:13:41.611073+00:00] VideoclubLogger.WARNING: Cupo superado al intentar alquilar: max 2 {"cliente":1} []
[2026-01-04T19:13:41.611151+00:00] VideoclubLogger.INFO: Cupo superado al intentar alquilar {"cliente":1,"error":"No se puede alquilar: se ha superado el maximo de 2 alquileres."} []
[2026-01-04T19:13:41.612471+00:00] VideoclubLogger.INFO: Producto incluido: Avatar {"producto":1,"titulo":"Avatar","precio":3.5} []
[2026-01-04T19:13:41.612679+00:00] VideoclubLogger.INFO: Producto incluido: Titanic {"producto":2,"titulo":"Titanic","precio":2.5} []
[2026-01-04T19:13:41.612781+00:00] VideoclubLogger.WARNING: Socio no encontrado {"cliente":999} []
[2026-01-04T19:13:41.613060+00:00] VideoclubLogger.WARNING: Error cliente no encontrado al alquilar varios {"cliente":999,"error":"Socio con número 999 no encontrado."} []
[2026-01-04T19:13:41.614653+00:00] VideoclubLogger.INFO: Producto incluido: Avatar {"producto":1,"titulo":"Avatar","precio":3.5} []
[2026-01-04T19:13:41.614895+00:00] VideoclubLogger.INFO: Socio incluido: Juan {"cliente":1,"nombre":"Juan","username":""} []
[2026-01-04T19:13:41.615014+00:00] VideoclubLogger.WARNING: Producto no encontrado {"producto":999} []
[2026-01-04T19:13:41.615097+00:00] VideoclubLogger.WARNING: Error soporte no encontrado al alquilar varios {"soportes":[1,999],"cliente":1,"error":"Producto con número 999 no encontrado."} []
[2026-01-04T19:13:41.616383+00:00] VideoclubLogger.INFO: Producto incluido: Avatar {"producto":1,"titulo":"Avatar","precio":3.5} []
[2026-01-04T19:13:41.616589+00:00] VideoclubLogger.INFO: Producto incluido: Titanic {"producto":2,"titulo":"Titanic","precio":2.5} []
[2026-01-04T19:13:41.616722+00:00] VideoclubLogger.INFO: Socio incluido: Juan {"cliente":1,"nombre":"Juan","username":""} []
[2026-01-04T19:13:41.616834+00:00] VideoclubLogger.INFO: Socio incluido: Maria {"cliente":2,"nombre":"Maria","username":""} []
[2026-01-04T19:13:41.616939+00:00] VideoclubLogger.INFO: Soporte no alquilado: Avatar {"soporte":1} []
[2026-01-04T19:13:41.617124+00:00] VideoclubLogger.INFO: Alquiler realizado {"cliente":1,"producto":1,"titulo":"Avatar"} []
[2026-01-04T19:13:41.617233+00:00] VideoclubLogger.WARNING: Intento de alquiler de soporte ya alquilado {"soporte":1,"titulo":"Avatar","cliente":2} []
[2026-01-04T19:13:41.617529+00:00] VideoclubLogger.WARNING: Soporte ya alquilado al intentar alquilar varios {"soportes":[1,2],"cliente":2,"error":"El soporte Avatar ya está alquilado."} []
[2026-01-04T19:13:41.619228+00:00] VideoclubLogger.INFO: Producto incluido: Avatar {"producto":1,"titulo":"Avatar","precio":3.5} []
[2026-01-04T19:13:41.619436+00:00] VideoclubLogger.INFO: Producto incluido: Titanic {"producto":2,"titulo":"Titanic","precio":2.5} []
[2026-01-04T19:13:41.619541+00:00] VideoclubLogger.INFO: Producto incluido: Inception {"producto":3,"titulo":"Inception","precio":4.5} []
[2026-01-04T19:13:41.619637+00:00] VideoclubLogger.INFO: Producto incluido: The Matrix {"producto":4,"titulo":"The Matrix","precio":3.0} []
[2026-01-04T19:13:41.619759+00:00] VideoclubLogger.INFO: Socio incluido: Juan {"cliente":1,"nombre":"Juan","username":""} []
[2026-01-04T19:13:41.619885+00:00] VideoclubLogger.WARNING: Cupo superado al intentar alquilar varios productos {"cliente":1,"intentados":3,"maximo":2} []
[2026-01-04T19:13:41.619965+00:00] VideoclubLogger.WARNING: Cupo superado al alquilar varios productos {"cliente":1,"cantidad_solicitada":3,"error":"No se pueden alquilar todos los productos: se superaría el máximo de alquileres."} []
[2026-01-04T19:13:41.621232+00:00] VideoclubLogger.INFO: Producto incluido: Avatar {"producto":1,"titulo":"Avatar","precio":3.5} []
[2026-01-04T19:13:41.621429+00:00] VideoclubLogger.WARNING: Socio no encontrado {"cliente":999} []
[2026-01-04T19:13:41.621515+00:00] VideoclubLogger.INFO: Error cliente no encontrado al devolver {"cliente":999,"error":"Socio con número 999 no encontrado."} []
[2026-01-04T19:13:41.622764+00:00] VideoclubLogger.INFO: Socio incluido: Juan {"cliente":1,"nombre":"Juan","username":""} []
[2026-01-04T19:13:41.622967+00:00] VideoclubLogger.WARNING: Producto no encontrado {"producto":999} []
[2026-01-04T19:13:41.623058+00:00] VideoclubLogger.INFO: Error soporte no encontrado al devolver {"soporte":999,"error":"Producto con número 999 no encontrado."} []
[2026-01-04T19:13:41.624297+00:00] VideoclubLogger.INFO: Producto incluido: Avatar {"producto":1,"titulo":"Avatar","precio":3.5} []
[2026-01-04T19:13:41.624513+00:00] VideoclubLogger.INFO: Producto incluido: Titanic {"producto":2,"titulo":"Titanic","precio":2.5} []
[2026-01-04T19:13:41.624612+00:00] VideoclubLogger.WARNING: Socio no encontrado {"cliente":999} []
[2026-01-04T19:13:41.624691+00:00] VideoclubLogger.WARNING: Error cliente no encontrado al devolver varios {"cliente":999,"error":"Socio con número 999 no encontrado."} []
[2026-01-04T19:13:41.625900+00:00] VideoclubLogger.INFO: Producto incluido: Avatar {"producto":1,"titulo":"Avatar","precio":3.5} []
[2026-01-04T19:13:41.626128+00:00] VideoclubLogger.INFO: Producto incluido: Titanic {"producto":2,"titulo":"Titanic","precio":2.5} []
[2026-01-04T19:13:41.626265+00:00] VideoclubLogger.INFO: Socio incluido: Juan {"cliente":1,"nombre":"Juan","username":""} []
[2026-01-04T19:13:41.626375+00:00] VideoclubLogger.INFO: Soporte no alquilado: Avatar {"soporte":1} []
[2026-01-04T19:13:41.626550+00:00] VideoclubLogger.WARNING: Intento de devolver soporte no alquilado por socio {"producto":1,"titulo":"Avatar","cliente":1} []
[2026-01-04T19:13:41.626641+00:00] VideoclubLogger.WARNING: Error soporte no encontrado al devolver varios {"soportes":[1,2],"cliente":1,"error":"El soporte Avatar no está alquilado por este socio."} []
[2026-01-04T19:13:41.627915+00:00] VideoclubLogger.INFO: No hay productos registrados {"videoclub":"Test Videoclub"} []
[2026-01-04T19:13:41.629155+00:00] VideoclubLogger.INFO: Producto incluido: Avatar {"producto":1,"titulo":"Avatar","precio":3.5} []
[2026-01-04T19:13:41.629369+00:00] VideoclubLogger.INFO: Producto incluido: Inception {"producto":2,"titulo":"Inception","precio":4.5} []
[2026-01-04T19:13:41.629468+00:00] VideoclubLogger.INFO: Producto listado {"producto":1,"titulo":"Avatar","precio":3.5,"alquilado":false} []
[2026-01-04T19:13:41.629553+00:00] VideoclubLogger.INFO: Producto listado {"producto":2,"titulo":"Inception","precio":4.5,"alquilado":false} []
[2026-01-04T19:13:41.630731+00:00] VideoclubLogger.INFO: No hay socios registrados {"videoclub":"Test Videoclub"} []
[2026-01-04T19:13:41.631967+00:00] VideoclubLogger.INFO: Producto incluido: Avatar {"producto":1,"titulo":"Avatar","precio":3.5} []
[2026-01-04T19:13:41.632171+00:00] VideoclubLogger.WARNING: Socio no encontrado {"cliente":999} []
[2026-01-04T19:13:41.632258+00:00] VideoclubLogger.INFO: Error cliente no encontrado al alquilar {"cliente":999,"error":"Socio con número 999 no encontrado."} []
[2026-01-04T19:13:41.633456+00:00] VideoclubLogger.INFO: Producto incluido: Avatar {"producto":1,"titulo":"Avatar","precio":3.5} []
[2026-01-04T19:13:41.633659+00:00] VideoclubLogger.INFO: Producto incluido: Titanic {"producto":2,"titulo":"Titanic","precio":2.5} []
[2026-01-04T19:13:41.633763+00:00] VideoclubLogger.INFO: Producto incluido: Jaws {"producto":3,"titulo":"Jaws","precio":2.0} []
[2026-01-04T19:13:41.633889+00:00] VideoclubLogger.INFO: Socio incluido: Juan {"cliente":1,"nombre":"Juan","username":""} []
[2026-01-04T19:13:41.634004+00:00] VideoclubLogger.INFO: Socio incluido: Maria {"cliente":2,"nombre":"Maria","username":""} []
[2026-01-04T19:13:41.634113+00:00] VideoclubLogger.INFO: Soporte no alquilado: Avatar {"soporte":1} []
[2026-01-04T19:13:41.634291+00:00] VideoclubLogger.INFO: Alquiler realizado {"cliente":2,"producto":1,"titulo":"Avatar"} []
[2026-01-04T19:13:41.634399+00:00] VideoclubLogger.WARNING: Intento de alquiler de soporte ya alquilado {"soporte":1,"titulo":"Avatar","cliente":1} []
[2026-01-04T19:13:41.634481+00:00] VideoclubLogger.WARNING: Soporte ya alquilado al intentar alquilar varios {"soportes":[1,2,3],"cliente":1,"error":"El soporte Avatar ya está alquilado."} []
[2026-01-04T19:13:41.635788+00:00] VideoclubLogger.INFO: Producto incluido: Avatar {"producto":1,"titulo":"Avatar","precio":3.5} []
[2026-01-04T19:13:41.635987+00:00] VideoclubLogger.WARNING: Socio no encontrado {"cliente":999} []
[2026-01-04T19:13:41.636118+00:00] VideoclubLogger.INFO: Error cliente no encontrado al devolver {"cliente":999,"error":"Socio con número 999 no encontrado."} []
[2026-01-04T19:13:41.637635+00:00] VideoclubLogger.INFO: Socio incluido: Juan {"cliente":1,"nombre":"Juan","username":""} []
[2026-01-04T19:13:41.637843+00:00] VideoclubLogger.WARNING: Producto no encontrado {"producto":999} []
[2026-01-04T19:13:41.637931+00:00] VideoclubLogger.INFO: Error soporte no encontrado al alquilar {"soporte":999,"error":"Producto con número 999 no encontrado."} []
[2026-01-04T19:13:41.639157+00:00] VideoclubLogger.INFO: Producto incluido: Inception {"producto":1,"titulo":"Inception","precio":4.5} []
[2026-01-04T19:13:41.639362+00:00] VideoclubLogger.INFO: Producto incluido: The Matrix {"producto":2,"titulo":"The Matrix","precio":3.0} []
[2026-01-04T19:13:41.640573+00:00] VideoclubLogger.INFO: Producto incluido: Elden Ring {"producto":1,"titulo":"Elden Ring","precio":59.99} []
[2026-01-04T19:13:41.640779+00:00] VideoclubLogger.INFO: Producto incluido: God of War {"producto":2,"titulo":"God of War","precio":49.99} []
[2026-01-04T19:13:41.642014+00:00] VideoclubLogger.INFO: Socio incluido: Juan {"cliente":1,"nombre":"Juan","username":"juan"} []
[2026-01-04T19:13:41.642241+00:00] VideoclubLogger.INFO: Socio incluido: Maria {"cliente":2,"nombre":"Maria","username":"maria"} []
[2026-01-04T19:13:41.643469+00:00] VideoclubLogger.INFO: Socio incluido: Test {"cliente":1,"nombre":"Test","username":""} []
[2026-01-04T19:13:41.644752+00:00] VideoclubLogger.INFO: Producto incluido: Avatar {"producto":1,"titulo":"Avatar","precio":3.5} []
[2026-01-04T19:13:41.644985+00:00] VideoclubLogger.INFO: Socio incluido: Juan {"cliente":1,"nombre":"Juan","username":""} []
[2026-01-04T19:13:41.645104+00:00] VideoclubLogger.INFO: Soporte no alquilado: Avatar {"soporte":1} []
[2026-01-04T19:13:41.645287+00:00] VideoclubLogger.INFO: Alquiler realizado {"cliente":1,"producto":1,"titulo":"Avatar"} []
[2026-01-04T19:13:41.646562+00:00] VideoclubLogger.INFO: Producto incluido: Avatar {"producto":1,"titulo":"Avatar","precio":3.5} []
[2026-01-04T19:13:41.646758+00:00] VideoclubLogger.WARNING: Socio no encontrado {"cliente":999} []
[2026-01-04T19:13:41.646843+00:00] VideoclubLogger.INFO: Error cliente no encontrado al alquilar {"cliente":999,"error":"Socio con número 999 no encontrado."} []
[2026-01-04T19:13:41.648061+00:00] VideoclubLogger.INFO: Producto incluido: Avatar {"producto":1,"titulo":"Avatar","precio":3.5} []
[2026-01-04T19:13:41.648294+00:00] VideoclubLogger.INFO: Socio incluido: Juan {"cliente":1,"nombre":"Juan","username":""} []
[2026-01-04T19:13:41.648409+00:00] VideoclubLogger.INFO: Soporte no alquilado: Avatar {"soporte":1} []
[2026-01-04T19:13:41.648590+00:00] VideoclubLogger.INFO: Alquiler realizado {"cliente":1,"producto":1,"titulo":"Avatar"} []
[2026-01-04T19:13:41.648730+00:00] VideoclubLogger.INFO: Devolución realizada {"cliente":1,"producto":1,"titulo":"Avatar"} []
[2026-01-04T19:13:41.650021+00:00] VideoclubLogger.INFO: Producto incluido: Avatar {"producto":1,"titulo":"Avatar","precio":3.5} []
[2026-01-04T19:13:41.650221+00:00] VideoclubLogger.WARNING: Socio no encontrado {"cliente":999} []
[2026-01-04T19:13:41.650307+00:00] VideoclubLogger.INFO: Error cliente no encontrado al alquilar {"cliente":999,"error":"Socio con número 999 no encontrado."} []
[2026-01-04T19:13:41.651523+00:00] VideoclubLogger.INFO: Producto incluido: Avatar {"producto":1,"titulo":"Avatar","precio":3.5} []
[2026-01-04T19:13:41.651727+00:00] VideoclubLogger.INFO: Producto incluido: Titanic {"producto":2,"titulo":"Titanic","precio":2.5} []
[2026-01-04T19:13:41.651829+00:00] VideoclubLogger.INFO: Producto incluido: Jaws {"producto":3,"titulo":"Jaws","precio":2.0} []
[2026-01-04T19:13:41.651954+00:00] VideoclubLogger.INFO: Socio incluido: Juan {"cliente":1,"nombre":"Juan","username":""} []
[2026-01-04T19:13:41.652069+00:00] VideoclubLogger.INFO: Socio incluido: Maria {"cliente":2,"nombre":"Maria","username":""} []
[2026-01-04T19:13:41.652176+00:00] VideoclubLogger.INFO: Soporte no alquilado: Avatar {"soporte":1} []
[2026-01-04T19:13:41.652422+00:00] VideoclubLogger.INFO: Alquiler realizado {"cliente":2,"producto":1,"titulo":"Avatar"} []
[2026-01-04T19:13:41.652531+00:00] VideoclubLogger.WARNING: Intento de alquiler de soporte ya alquilado {"soporte":1,"titulo":"Avatar","cliente":1} []
[2026-01-04T19:13:41.652614+00:00] VideoclubLogger.WARNING: Soporte ya alquilado al intentar alquilar varios {"soportes":[1,2,3],"cliente":1,"error":"El soporte Avatar ya está alquilado."} []
[2026-01-04T19:13:41.653983+00:00] VideoclubLogger.INFO: Producto incluido: Película 0 {"producto":1,"titulo":"Película 0","precio":2.5} []
[2026-01-04T19:13:41.654195+00:00] VideoclubLogger.INFO: Producto incluido: Película 1 {"producto":2,"titulo":"Película 1","precio":3.0} []
[2026-01-04T19:13:41.654298+00:00] VideoclubLogger.INFO: Producto incluido: Película 2 {"producto":3,"titulo":"Película 2","precio":3.5} []
[2026-01-04T19:13:41.654393+00:00] VideoclubLogger.INFO: Producto incluido: Película 3 {"producto":4,"titulo":"Película 3","precio":4.0} []
[2026-01-04T19:13:41.654484+00:00] VideoclubLogger.INFO: Producto incluido: Película 4 {"producto":5,"titulo":"Película 4","precio":4.5} []
[2026-01-04T19:13:41.655730+00:00] VideoclubLogger.INFO: Producto incluido: Película 0 {"producto":1,"titulo":"Película 0","precio":2.5} []
[2026-01-04T19:13:41.655940+00:00] VideoclubLogger.INFO: Producto incluido: Película 1 {"producto":2,"titulo":"Película 1","precio":3.0} []
[2026-01-04T19:13:41.656055+00:00] VideoclubLogger.INFO: Producto incluido: Película 2 {"producto":3,"titulo":"Película 2","precio":3.5} []
[2026-01-04T19:13:41.656153+00:00] VideoclubLogger.INFO: Producto incluido: Película 3 {"producto":4,"titulo":"Película 3","precio":4.0} []
[2026-01-04T19:13:41.656246+00:00] VideoclubLogger.INFO: Producto incluido: Película 4 {"producto":5,"titulo":"Película 4","precio":4.5} []
[2026-01-04T19:13:41.656337+00:00] VideoclubLogger.INFO: Producto incluido: Película 5 {"producto":6,"titulo":"Película 5","precio":5.0} []
[2026-01-04T19:13:41.656427+00:00] VideoclubLogger.INFO: Producto incluido: Película 6 {"producto":7,"titulo":"Película 6","precio":5.5} []
[2026-01-04T19:13:41.656516+00:00] VideoclubLogger.INFO: Producto incluido: Película 7 {"producto":8,"titulo":"Película 7","precio":6.0} []
[2026-01-04T19:13:41.656606+00:00] VideoclubLogger.INFO: Producto incluido: Película 8 {"producto":9,"titulo":"Película 8","precio":6.5} []
[2026-01-04T19:13:41.656695+00:00] VideoclubLogger.INFO: Producto incluido: Película 9 {"producto":10,"titulo":"Película 9","precio":7.0} []
[2026-01-04T19:13:41.657904+00:00] VideoclubLogger.INFO: Producto incluido: Película 0 {"producto":1,"titulo":"Película 0","precio":2.5} []
[2026-01-04T19:13:41.658120+00:00] VideoclubLogger.INFO: Producto incluido: Película 1 {"producto":2,"titulo":"Película 1","precio":3.0} []
[2026-01-04T19:13:41.658225+00:00] VideoclubLogger.INFO: Producto incluido: Película 2 {"producto":3,"titulo":"Película 2","precio":3.5} []
[2026-01-04T19:13:41.658323+00:00] VideoclubLogger.INFO: Producto incluido: Película 3 {"producto":4,"titulo":"Película 3","precio":4.0} []
[2026-01-04T19:13:41.658416+00:00] VideoclubLogger.INFO: Producto incluido: Película 4 {"producto":5,"titulo":"Película 4","precio":4.5} []
[2026-01-04T19:13:41.658507+00:00] VideoclubLogger.INFO: Producto incluido: Película 5 {"producto":6,"titulo":"Película 5","precio":5.0} []
[2026-01-04T19:13:41.658597+00:00] VideoclubLogger.INFO: Producto incluido: Película 6 {"producto":7,"titulo":"Película 6","precio":5.5} []
[2026-01-04T19:13:41.658688+00:00] VideoclubLogger.INFO: Producto incluido: Película 7 {"producto":8,"titulo":"Película 7","precio":6.0} []
[2026-01-04T19:13:41.658778+00:00] VideoclubLogger.INFO: Producto incluido: Película 8 {"producto":9,"titulo":"Película 8","precio":6.5} []
[2026-01-04T19:13:41.658868+00:00] VideoclubLogger.INFO: Producto incluido: Película 9 {"producto":10,"titulo":"Película 9","precio":7.0} []
[2026-01-04T19:13:41.658996+00:00] VideoclubLogger.INFO: Producto incluido: Película 10 {"producto":11,"titulo":"Película 10","precio":7.5} []
[2026-01-04T19:13:41.659101+00:00] VideoclubLogger.INFO: Producto incluido: Película 11 {"producto":12,"titulo":"Película 11","precio":8.0} []
[2026-01-04T19:13:41.659215+00:00] VideoclubLogger.INFO: Producto incluido: Película 12 {"producto":13,"titulo":"Película 12","precio":8.5} []
[2026-01-04T19:13:41.659305+00:00] VideoclubLogger.INFO: Producto incluido: Película 13 {"producto":14,"titulo":"Película 13","precio":9.0} []
[2026-01-04T19:13:41.659394+00:00] VideoclubLogger.INFO: Producto incluido: Película 14 {"producto":15,"titulo":"Película 14","precio":9.5} []
[2026-01-04T19:13:41.660609+00:00] VideoclubLogger.INFO: Producto incluido: Película 0 {"producto":1,"titulo":"Película 0","precio":2.5} []
[2026-01-04T19:13:41.660837+00:00] VideoclubLogger.INFO: Producto incluido: Película 1 {"producto":2,"titulo":"Película 1","precio":3.0} []
[2026-01-04T19:13:41.660950+00:00] VideoclubLogger.INFO: Producto incluido: Película 2 {"producto":3,"titulo":"Película 2","precio":3.5} []
[2026-01-04T19:13:41.661050+00:00] VideoclubLogger.INFO: Producto incluido: Película 3 {"producto":4,"titulo":"Película 3","precio":4.0} []
[2026-01-04T19:13:41.661142+00:00] VideoclubLogger.INFO: Producto incluido: Película 4 {"producto":5,"titulo":"Película 4","precio":4.5} []
[2026-01-04T19:13:41.661234+00:00] VideoclubLogger.INFO: Producto incluido: Película 5 {"producto":6,"titulo":"Película 5","precio":5.0} []
[2026-01-04T19:13:41.661324+00:00] VideoclubLogger.INFO: Producto incluido: Película 6 {"producto":7,"titulo":"Película 6","precio":5.5} []
[2026-01-04T19:13:41.661414+00:00] VideoclubLogger.INFO: Producto incluido: Película 7 {"producto":8,"titulo":"Película 7","precio":6.0} []
[2026-01-04T19:13:41.661504+00:00] VideoclubLogger.INFO: Producto incluido: Película 8 {"producto":9,"titulo":"Película 8","precio":6.5} []
[2026-01-04T19:13:41.661593+00:00] VideoclubLogger.INFO: Producto incluido: Película 9 {"producto":10,"titulo":"Película 9","precio":7.0} []
[2026-01-04T19:13:41.661683+00:00] VideoclubLogger.INFO: Producto incluido: Película 10 {"producto":11,"titulo":"Película 10","precio":7.5} []
[2026-01-04T19:13:41.661772+00:00] VideoclubLogger.INFO: Producto incluido: Película 11 {"producto":12,"titulo":"Película 11","precio":8.0} []
[2026-01-04T19:13:41.661862+00:00] VideoclubLogger.INFO: Producto incluido: Película 12 {"producto":13,"titulo":"Película 12","precio":8.5} []
[2026-01-04T19:13:41.661951+00:00] VideoclubLogger.INFO: Producto incluido: Película 13 {"producto":14,"titulo":"Película 13","precio":9.0} []
[2026-01-04T19:13:41.662043+00:00] VideoclubLogger.INFO: Producto incluido: Película 14 {"producto":15,"titulo":"Película 14","precio":9.5} []
[2026-01-04T19:13:41.662133+00:00] VideoclubLogger.INFO: Producto incluido: Película 15 {"producto":16,"titulo":"Película 15","precio":10.0} []
[2026-01-04T19:13:41.662222+00:00] VideoclubLogger.INFO: Producto incluido: Película 16 {"producto":17,"titulo":"Película 16","precio":10.5} []
[2026-01-04T19:13:41.662311+00:00] VideoclubLogger.INFO: Producto incluido: Película 17 {"producto":18,"titulo":"Película 17","precio":11.0} []
[2026-01-04T19:13:41.662399+00:00] VideoclubLogger.INFO: Producto incluido: Película 18 {"producto":19,"titulo":"Película 18","precio":11.5} []
[2026-01-04T19:13:41.662488+00:00] VideoclubLogger.INFO: Producto incluido: Película 19 {"producto":20,"titulo":"Película 19","precio":12.0} []
[2026-01-04T19:13:41.663834+00:00] VideoclubLogger.INFO: Socio incluido: Socio 0 {"cliente":1,"nombre":"Socio 0","username":"user0"} []
[2026-01-04T19:13:41.664064+00:00] VideoclubLogger.INFO: Socio incluido: Socio 1 {"cliente":2,"nombre":"Socio 1","username":"user1"} []
[2026-01-04T19:13:41.664185+00:00] VideoclubLogger.INFO: Socio incluido: Socio 2 {"cliente":3,"nombre":"Socio 2","username":"user2"} []
[2026-01-04T19:13:41.665422+00:00] VideoclubLogger.INFO: Socio incluido: Socio 0 {"cliente":1,"nombre":"Socio 0","username":"user0"} []
[2026-01-04T19:13:41.665682+00:00] VideoclubLogger.INFO: Socio incluido: Socio 1 {"cliente":2,"nombre":"Socio 1","username":"user1"} []
[2026-01-04T19:13:41.665803+00:00] VideoclubLogger.INFO: Socio incluido: Socio 2 {"cliente":3,"nombre":"Socio 2","username":"user2"} []
[2026-01-04T19:13:41.665915+00:00] VideoclubLogger.INFO: Socio incluido: Socio 3 {"cliente":4,"nombre":"Socio 3","username":"user3"} []
[2026-01-04T19:13:41.666028+00:00] VideoclubLogger.INFO: Socio incluido: Socio 4 {"cliente":5,"nombre":"Socio 4","username":"user4"} []
[2026-01-04T19:13:41.667267+00:00] VideoclubLogger.INFO: Socio incluido: Socio 0 {"cliente":1,"nombre":"Socio 0","username":"user0"} []
[2026-01-04T19:13:41.667495+00:00] VideoclubLogger.INFO: Socio incluido: Socio 1 {"cliente":2,"nombre":"Socio 1","username":"user1"} []
[2026-01-04T19:13:41.667616+00:00] VideoclubLogger.INFO: Socio incluido: Socio 2 {"cliente":3,"nombre":"Socio 2","username":"user2"} []
[2026-01-04T19:13:41.667730+00:00] VideoclubLogger.INFO: Socio incluido: Socio 3 {"cliente":4,"nombre":"Socio 3","username":"user3"} []
[2026-01-04T19:13:41.667839+00:00] VideoclubLogger.INFO: Socio incluido: Socio 4 {"cliente":5,"nombre":"Socio 4","username":"user4"} []
[2026-01-04T19:13:41.667946+00:00] VideoclubLogger.INFO: Socio incluido: Socio 5 {"cliente":6,"nombre":"Socio 5","username":"user5"} []
[2026-01-04T19:13:41.668071+00:00] VideoclubLogger.INFO: Socio incluido: Socio 6 {"cliente":7,"nombre":"Socio 6","username":"user6"} []
[2026-01-04T19:13:41.668185+00:00] VideoclubLogger.INFO: Socio incluido: Socio 7 {"cliente":8,"nombre":"Socio 7","username":"user7"} []
[2026-01-04T19:13:41.668291+00:00] VideoclubLogger.INFO: Socio incluido: Socio 8 {"cliente":9,"nombre":"Socio 8","username":"user8"} []
[2026-01-04T19:13:41.668397+00:00] VideoclubLogger.INFO: Socio incluido: Socio 9 {"cliente":10,"nombre":"Socio 9","username":"user9"} []
[2026-01-04T19:13:41.669663+00:00] VideoclubLogger.INFO: Socio incluido: Juan {"cliente":1,"nombre":"Juan","username":""} []
[2026-01-04T19:13:41.669887+00:00] VideoclubLogger.INFO: Socio incluido: Maria {"cliente":2,"nombre":"Maria","username":""} []
[2026-01-04T19:13:41.671119+00:00] VideoclubLogger.INFO: Producto incluido: Avatar {"producto":1,"titulo":"Avatar","precio":3.5} []
[2026-01-04T19:13:41.671356+00:00] VideoclubLogger.INFO: Socio incluido: Juan {"cliente":1,"nombre":"Juan","username":""} []
[2026-01-04T19:13:41.671471+00:00] VideoclubLogger.INFO: Soporte no alquilado: Avatar {"soporte":1} []
[2026-01-04T19:13:41.671654+00:00] VideoclubLogger.INFO: Alquiler realizado {"cliente":1,"producto":1,"titulo":"Avatar"} []
[2026-01-04T19:13:41.671764+00:00] VideoclubLogger.INFO: Devolución realizada {"cliente":1,"producto":1,"titulo":"Avatar"} []
[2026-01-04T19:13:41.673112+00:00] VideoclubLogger.INFO: Producto incluido: Avatar {"producto":1,"titulo":"Avatar","precio":3.5} []
[2026-01-04T19:13:41.673320+00:00] VideoclubLogger.INFO: Producto incluido: Titanic {"producto":2,"titulo":"Titanic","precio":2.5} []
[2026-01-04T19:13:41.674562+00:00] VideoclubLogger.INFO: Socio incluido: Juan {"cliente":1,"nombre":"Juan","username":""} []
[2026-01-04T19:13:41.674785+00:00] VideoclubLogger.INFO: Socio incluido: Maria {"cliente":2,"nombre":"Maria","username":""} []
[2026-01-04T19:13:41.674886+00:00] VideoclubLogger.INFO: Socio listado {"cliente":1,"nombre":"Juan","alquileres":0,"maximo":2} []
[2026-01-04T19:13:41.674971+00:00] VideoclubLogger.INFO: Socio listado {"cliente":2,"nombre":"Maria","alquileres":0,"maximo":3} []
[2026-01-04T19:13:41.678338+00:00] VideoclubLogger.INFO: Soporte no alquilado: Película 0 {"soporte":200} []
[2026-01-04T19:13:41.678573+00:00] VideoclubLogger.INFO: Soporte no alquilado: Película Extra 1 {"soporte":301} []
[2026-01-04T19:13:41.678658+00:00] VideoclubLogger.WARNING: Cupo superado al intentar alquilar: max 1 {"cliente":98} []
[2026-01-04T19:13:41.680704+00:00] VideoclubLogger.INFO: Soporte no alquilado: Película 0 {"soporte":200} []
[2026-01-04T19:13:41.680911+00:00] VideoclubLogger.INFO: Soporte no alquilado: Película 1 {"soporte":201} []
[2026-01-04T19:13:41.681087+00:00] VideoclubLogger.INFO: Soporte no alquilado: Película Extra 2 {"soporte":302} []
[2026-01-04T19:13:41.681168+00:00] VideoclubLogger.WARNING: Cupo superado al intentar alquilar: max 2 {"cliente":98} []
[2026-01-04T19:13:41.682517+00:00] VideoclubLogger.INFO: Soporte no alquilado: Película 0 {"soporte":200} []
[2026-01-04T19:13:41.682721+00:00] VideoclubLogger.INFO: Soporte no alquilado: Película 1 {"soporte":201} []
[2026-01-04T19:13:41.682820+00:00] VideoclubLogger.INFO: Soporte no alquilado: Película 2 {"soporte":202} []
[2026-01-04T19:13:41.682937+00:00] VideoclubLogger.INFO: Soporte no alquilado: Película Extra 3 {"soporte":303} []
[2026-01-04T19:13:41.683017+00:00] VideoclubLogger.WARNING: Cupo superado al intentar alquilar: max 3 {"cliente":98} []
[2026-01-04T19:13:41.684419+00:00] VideoclubLogger.INFO: Soporte no alquilado: Avatar {"soporte":1} []
[2026-01-04T19:13:41.685902+00:00] VideoclubLogger.INFO: Soporte no alquilado: Avatar {"soporte":1} []
[2026-01-04T19:13:41.687346+00:00] VideoclubLogger.INFO: Soporte no alquilado: Avatar {"soporte":1} []
[2026-01-04T19:13:41.687562+00:00] VideoclubLogger.INFO: Soporte ya alquilado: Avatar {"soporte":1} []
[2026-01-04T19:13:41.688961+00:00] VideoclubLogger.INFO: Soporte no alquilado: Avatar {"soporte":50} []
[2026-01-04T19:13:41.689179+00:00] VideoclubLogger.INFO: Soporte ya alquilado: Avatar {"soporte":50} []
[2026-01-04T19:13:41.690559+00:00] VideoclubLogger.INFO: Soporte no alquilado: Inception {"soporte":51} []
[2026-01-04T19:13:41.690774+00:00] VideoclubLogger.INFO: Soporte ya alquilado: Inception {"soporte":51} []
[2026-01-04T19:13:41.692148+00:00] VideoclubLogger.INFO: Soporte no alquilado: Elden Ring {"soporte":52} []
[2026-01-04T19:13:41.692364+00:00] VideoclubLogger.INFO: Soporte ya alquilado: Elden Ring {"soporte":52} []
[2026-01-04T19:13:41.695092+00:00] VideoclubLogger.INFO: Soporte no alquilado: Película 0 {"soporte":100} []
[2026-01-04T19:13:41.696549+00:00] VideoclubLogger.INFO: Soporte no alquilado: Película 0 {"soporte":100} []
[2026-01-04T19:13:41.696755+00:00] VideoclubLogger.INFO: Soporte no alquilado: Película 1 {"soporte":101} []
[2026-01-04T19:13:41.698185+00:00] VideoclubLogger.INFO: Soporte no alquilado: Película 0 {"soporte":100} []
[2026-01-04T19:13:41.698395+00:00] VideoclubLogger.INFO: Soporte no alquilado: Película 1 {"soporte":101} []
[2026-01-04T19:13:41.698495+00:00] VideoclubLogger.INFO: Soporte no alquilado: Película 2 {"soporte":102} []
[2026-01-04T19:13:41.700310+00:00] VideoclubLogger.INFO: Soporte no alquilado: Película 0 {"soporte":100} []
[2026-01-04T19:13:41.700567+00:00] VideoclubLogger.INFO: Soporte no alquilado: Película 1 {"soporte":101} []
[2026-01-04T19:13:41.700693+00:00] VideoclubLogger.INFO: Soporte no alquilado: Película 2 {"soporte":102} []
[2026-01-04T19:13:41.700808+00:00] VideoclubLogger.INFO: Soporte no alquilado: Película 3 {"soporte":103} []
[2026-01-04T19:13:41.700917+00:00] VideoclubLogger.INFO: Soporte no alquilado: Película 4 {"soporte":104} []
[2026-01-04T19:13:41.702727+00:00] VideoclubLogger.INFO: Soporte no alquilado: Película 0 {"soporte":100} []
[2026-01-04T19:13:41.703064+00:00] VideoclubLogger.INFO: Soporte no alquilado: Película 1 {"soporte":101} []
[2026-01-04T19:13:41.703171+00:00] VideoclubLogger.INFO: Soporte no alquilado: Película 2 {"soporte":102} []
[2026-01-04T19:13:41.703281+00:00] VideoclubLogger.INFO: Soporte no alquilado: Película 3 {"soporte":103} []
[2026-01-04T19:13:41.703377+00:00] VideoclubLogger.INFO: Soporte no alquilado: Película 4 {"soporte":104} []
[2026-01-04T19:13:41.703467+00:00] VideoclubLogger.INFO: Soporte no alquilado: Película 5 {"soporte":105} []
[2026-01-04T19:13:41.703566+00:00] VideoclubLogger.INFO: Soporte no alquilado: Película 6 {"soporte":106} []
[2026-01-04T19:13:41.703836+00:00] VideoclubLogger.INFO: Soporte no alquilado: Película 7 {"soporte":107} []
[2026-01-04T19:13:41.703933+00:00] VideoclubLogger.INFO: Soporte no alquilado: Película 8 {"soporte":108} []
[2026-01-04T19:13:41.704122+00:00] VideoclubLogger.INFO: Soporte no alquilado: Película 9 {"soporte":109} []
[2026-01-04T19:13:41.705564+00:00] VideoclubLogger.INFO: Soporte no alquilado: Avatar {"soporte":1} []
[2026-01-04T19:13:41.705806+00:00] VideoclubLogger.INFO: Soporte no alquilado: Avatar {"soporte":1} []
[2026-01-04T19:13:41.707316+00:00] VideoclubLogger.WARNING: Intento de devolver soporte no alquilado: 1 {"cliente":1} []
[2026-01-04T19:13:41.708960+00:00] VideoclubLogger.INFO: Soporte no alquilado: Avatar {"soporte":1} []
[2026-01-04T19:13:41.709187+00:00] VideoclubLogger.WARNING: Intento de devolver soporte no alquilado: 999 {"cliente":1} []
[2026-01-04T19:13:41.710548+00:00] VideoclubLogger.INFO: Soporte no alquilado: Avatar {"soporte":1} []
[2026-01-04T19:13:41.710754+00:00] VideoclubLogger.INFO: Soporte ya alquilado: Avatar {"soporte":1} []
[2026-01-04T19:13:41.710840+00:00] VideoclubLogger.WARNING: Intento de alquiler de soporte ya alquilado: Avatar {"soporte":1,"cliente":1} []
[2026-01-04T19:13:41.712239+00:00] VideoclubLogger.INFO: Soporte no alquilado: Avatar {"soporte":1} []
[2026-01-04T19:13:41.712433+00:00] VideoclubLogger.INFO: Soporte ya alquilado: Avatar {"soporte":1} []
[2026-01-04T19:13:41.712538+00:00] VideoclubLogger.INFO: Soporte no alquilado: Avatar {"soporte":1} []
[2026-01-04T19:13:41.713987+00:00] VideoclubLogger.INFO: Soporte no alquilado: Avatar {"soporte":1} []
[2026-01-04T19:13:41.714207+00:00] VideoclubLogger.INFO: Soporte no alquilado: Inception {"soporte":4} []
[2026-01-04T19:13:41.714310+00:00] VideoclubLogger.INFO: Soporte no alquilado: Elden Ring {"soporte":7} []
[2026-01-04T19:13:41.714385+00:00] VideoclubLogger.WARNING: Cupo superado al intentar alquilar: max 2 {"cliente":1} []
[2026-01-04T19:13:41.715998+00:00] VideoclubLogger.INFO: Soporte no alquilado: Avatar {"soporte":1} []
[2026-01-04T19:13:41.717530+00:00] VideoclubLogger.INFO: Soporte no alquilado: Avatar {"soporte":1} []
[2026-01-04T19:13:41.717725+00:00] VideoclubLogger.INFO: Soporte no alquilado: Inception {"soporte":4} []
[2026-01-04T19:13:41.717817+00:00] VideoclubLogger.INFO: Soporte no alquilado: Elden Ring {"soporte":7} []
[2026-01-04T19:13:41.717942+00:00] VideoclubLogger.INFO: Soporte no alquilado: Avatar {"soporte":1} []
[2026-01-04T19:13:41.718054+00:00] VideoclubLogger.INFO: Soporte no alquilado: Inception {"soporte":4} []
[2026-01-04T19:13:41.718141+00:00] VideoclubLogger.INFO: Soporte no alquilado: Titanic {"soporte":2} []
[2026-01-04T19:13:41.718220+00:00] VideoclubLogger.INFO: Soporte no alquilado: Interstellar {"soporte":5} []
[2026-01-04T19:13:41.719581+00:00] VideoclubLogger.INFO: Alquileres actuales: 0 {"cliente":1} []
[2026-01-04T19:13:41.719765+00:00] VideoclubLogger.INFO: No hay alquileres registrados para el cliente. {"cliente":1} []
[2026-01-04T19:13:41.721124+00:00] VideoclubLogger.INFO: Soporte no alquilado: Avatar {"soporte":1} []
[2026-01-04T19:13:41.721322+00:00] VideoclubLogger.INFO: Soporte no alquilado: Inception {"soporte":4} []
[2026-01-04T19:13:41.721410+00:00] VideoclubLogger.INFO: Alquileres actuales: 2 {"cliente":1} []
[2026-01-04T19:13:41.721516+00:00] VideoclubLogger.INFO: Soporte alquilado: Avatar {"soporte":1,"precio":3.5} []
[2026-01-04T19:13:41.721604+00:00] VideoclubLogger.INFO: Soporte alquilado: Inception {"soporte":4,"precio":4.5} []
[2026-01-04T19:13:41.724515+00:00] VideoclubLogger.INFO: Soporte no alquilado: Avatar {"soporte":1} []
[2026-01-04T19:13:41.724717+00:00] VideoclubLogger.INFO: Soporte no alquilado: Inception {"soporte":4} []
[2026-01-04T19:13:41.726131+00:00] VideoclubLogger.INFO: Soporte no alquilado: Avatar {"soporte":1} []
[2026-01-04T19:13:41.726330+00:00] VideoclubLogger.INFO: Soporte no alquilado: Inception {"soporte":4} []
[2026-01-04T19:13:50.760054+00:00] VideoclubLogger.INFO: Socio incluido: Cliente {"cliente":1,"nombre":"Cliente","username":""} []
[2026-01-04T19:13:50.761346+00:00] VideoclubLogger.INFO: Producto incluido: Elden Ring {"producto":1,"titulo":"Elden Ring","precio":59.99} []
[2026-01-04T19:13:50.761466+00:00] VideoclubLogger.INFO: Soporte no alquilado: Elden Ring {"soporte":1} []
[2026-01-04T19:13:50.761703+00:00] VideoclubLogger.INFO: Alquiler realizado {"cliente":1,"producto":1,"titulo":"Elden Ring"} []
[2026-01-04T19:13:50.800300+00:00] VideoclubLogger.INFO: Socio incluido: Cliente {"cliente":1,"nombre":"Cliente","username":""} []
[2026-01-04T19:13:50.800597+00:00] VideoclubLogger.INFO: Producto incluido: Inception {"producto":1,"titulo":"Inception","precio":4.5} []
[2026-01-04T19:13:50.800722+00:00] VideoclubLogger.INFO: Soporte no alquilado: Inception {"soporte":1} []
[2026-01-04T19:13:50.800908+00:00] VideoclubLogger.INFO: Alquiler realizado {"cliente":1,"producto":1,"titulo":"Inception"} []
[2026-01-04T19:13:50.802371+00:00] VideoclubLogger.INFO: Socio incluido: Cliente {"cliente":1,"nombre":"Cliente","username":""} []
[2026-01-04T19:13:50.802645+00:00] VideoclubLogger.INFO: Producto incluido: Avatar {"producto":1,"titulo":"Avatar","precio":3.5} []
[2026-01-04T19:13:50.802768+00:00] VideoclubLogger.INFO: Soporte no alquilado: Avatar {"soporte":1} []
[2026-01-04T19:13:50.802951+00:00] VideoclubLogger.INFO: Alquiler realizado {"cliente":1,"producto":1,"titulo":"Avatar"} []
[2026-01-04T19:13:50.803074+00:00] VideoclubLogger.INFO: Producto incluido: Inception {"producto":2,"titulo":"Inception","precio":4.5} []
[2026-01-04T19:13:50.803179+00:00] VideoclubLogger.INFO: Soporte no alquilado: Inception {"soporte":2} []
[2026-01-04T19:13:50.803259+00:00] VideoclubLogger.INFO: Alquiler realizado {"cliente":1,"producto":2,"titulo":"Inception"} []
[2026-01-04T19:13:50.804756+00:00] VideoclubLogger.INFO: Socio incluido: Cliente {"cliente":1,"nombre":"Cliente","username":""} []
[2026-01-04T19:13:50.804993+00:00] VideoclubLogger.INFO: Producto incluido: Avatar {"producto":1,"titulo":"Avatar","precio":3.5} []
[2026-01-04T19:13:50.805131+00:00] VideoclubLogger.INFO: Soporte no alquilado: Avatar {"soporte":1} []
[2026-01-04T19:13:50.805317+00:00] VideoclubLogger.INFO: Alquiler realizado {"cliente":1,"producto":1,"titulo":"Avatar"} []
[2026-01-04T19:13:50.806771+00:00] VideoclubLogger.INFO: Producto incluido: Avatar {"producto":1,"titulo":"Avatar","precio":3.5} []
[2026-01-04T19:13:50.806991+00:00] VideoclubLogger.INFO: Producto incluido: Titanic {"producto":2,"titulo":"Titanic","precio":2.5} []
[2026-01-04T19:13:50.807109+00:00] VideoclubLogger.INFO: Producto incluido: Jaws {"producto":3,"titulo":"Jaws","precio":2.0} []
[2026-01-04T19:13:50.807235+00:00] VideoclubLogger.INFO: Socio incluido: Juan {"cliente":1,"nombre":"Juan","username":""} []
[2026-01-04T19:13:50.807373+00:00] VideoclubLogger.INFO: Soporte no alquilado: Avatar {"soporte":1} []
[2026-01-04T19:13:50.807560+00:00] VideoclubLogger.INFO: Soporte no alquilado: Titanic {"soporte":2} []
[2026-01-04T19:13:50.807652+00:00] VideoclubLogger.INFO: Soporte no alquilado: Jaws {"soporte":3} []
[2026-01-04T19:13:50.807729+00:00] VideoclubLogger.INFO: Alquileres realizados {"cliente":1,"cantidad":3,"productos":[1,2,3]} []
[2026-01-04T19:13:50.809374+00:00] VideoclubLogger.INFO: Producto incluido: Avatar {"producto":1,"titulo":"Avatar","precio":3.5} []
[2026-01-04T19:13:50.809587+00:00] VideoclubLogger.INFO: Producto incluido: Titanic {"producto":2,"titulo":"Titanic","precio":2.5} []
[2026-01-04T19:13:50.809692+00:00] VideoclubLogger.INFO: Producto incluido: Jaws {"producto":3,"titulo":"Jaws","precio":2.0} []
[2026-01-04T19:13:50.809787+00:00] VideoclubLogger.INFO: Producto incluido: The Ring {"producto":4,"titulo":"The Ring","precio":1.5} []
[2026-01-04T19:13:50.809910+00:00] VideoclubLogger.INFO: Socio incluido: Juan {"cliente":1,"nombre":"Juan","username":""} []
[2026-01-04T19:13:50.810037+00:00] VideoclubLogger.WARNING: Cupo superado al intentar alquilar varios productos {"cliente":1,"intentados":3,"maximo":2} []
[2026-01-04T19:13:50.810534+00:00] VideoclubLogger.WARNING: Cupo superado al alquilar varios productos {"cliente":1,"cantidad_solicitada":3,"error":"No se pueden alquilar todos los productos: se superaría el máximo de alquileres."} []
[2026-01-04T19:13:50.812581+00:00] VideoclubLogger.INFO: Producto incluido: Avatar {"producto":1,"titulo":"Avatar","precio":3.5} []
[2026-01-04T19:13:50.812834+00:00] VideoclubLogger.INFO: Producto incluido: Titanic {"producto":2,"titulo":"Titanic","precio":2.5} []
[2026-01-04T19:13:50.812941+00:00] VideoclubLogger.INFO: Producto incluido: Jaws {"producto":3,"titulo":"Jaws","precio":2.0} []
[2026-01-04T19:13:50.813078+00:00] VideoclubLogger.INFO: Socio incluido: Juan {"cliente":1,"nombre":"Juan","username":""} []
[2026-01-04T19:13:50.813208+00:00] VideoclubLogger.INFO: Soporte no alquilado: Avatar {"soporte":1} []
[2026-01-04T19:13:50.813396+00:00] VideoclubLogger.INFO: Soporte no alquilado: Titanic {"soporte":2} []
[2026-01-04T19:13:50.813482+00:00] VideoclubLogger.INFO: Alquileres realizados {"cliente":1,"cantidad":2,"productos":[1,2]} []
[2026-01-04T19:13:50.813608+00:00] VideoclubLogger.INFO: Soporte ya alquilado: Avatar {"soporte":1} []
[2026-01-04T19:13:50.813692+00:00] VideoclubLogger.INFO: Soporte ya alquilado: Titanic {"soporte":2} []
[2026-01-04T19:13:50.813776+00:00] VideoclubLogger.INFO: Soporte no alquilado: Jaws {"soporte":3} []
[2026-01-04T19:13:50.813849+00:00] VideoclubLogger.WARNING: Intento de devolver soporte no alquilado por socio {"producto":3,"titulo":"Jaws","cliente":1} []
[2026-01-04T19:13:50.814161+00:00] VideoclubLogger.WARNING: Error soporte no encontrado al devolver varios {"soportes":[1,2,3],"cliente":1,"error":"El soporte Jaws no está alquilado por este socio."} []
[2026-01-04T19:13:50.815880+00:00] VideoclubLogger.INFO: Producto incluido: Avatar {"producto":1,"titulo":"Avatar","precio":3.5} []
[2026-01-04T19:13:50.816100+00:00] VideoclubLogger.INFO: Producto incluido: Titanic {"producto":2,"titulo":"Titanic","precio":2.5} []
[2026-01-04T19:13:50.816206+00:00] VideoclubLogger.INFO: Producto incluido: Jaws {"producto":3,"titulo":"Jaws","precio":2.0} []
[2026-01-04T19:13:50.816333+00:00] VideoclubLogger.INFO: Socio incluido: Juan {"cliente":1,"nombre":"Juan","username":""} []
[2026-01-04T19:13:50.816470+00:00] VideoclubLogger.INFO: Soporte no alquilado: Avatar {"soporte":1} []
[2026-01-04T19:13:50.816655+00:00] VideoclubLogger.INFO: Soporte no alquilado: Titanic {"soporte":2} []
[2026-01-04T19:13:50.816746+00:00] VideoclubLogger.INFO: Soporte no alquilado: Jaws {"soporte":3} []
[2026-01-04T19:13:50.816822+00:00] VideoclubLogger.INFO: Alquileres realizados {"cliente":1,"cantidad":3,"productos":[1,2,3]} []
[2026-01-04T19:13:50.816945+00:00] VideoclubLogger.INFO: Soporte ya alquilado: Avatar {"soporte":1} []
[2026-01-04T19:13:50.817027+00:00] VideoclubLogger.INFO: Soporte ya alquilado: Titanic {"soporte":2} []
[2026-01-04T19:13:50.817137+00:00] VideoclubLogger.INFO: Devoluciones realizadas {"cliente":1,"cantidad":2,"productos":[1,2]} []
[2026-01-04T19:13:50.818442+00:00] VideoclubLogger.INFO: Producto incluido: Avatar {"producto":1,"titulo":"Avatar","precio":3.5} []
[2026-01-04T19:13:50.818656+00:00] VideoclubLogger.INFO: Producto incluido: Inception {"producto":2,"titulo":"Inception","precio":4.5} []
[2026-01-04T19:13:50.818767+00:00] VideoclubLogger.INFO: Producto incluido: Elden Ring {"producto":3,"titulo":"Elden Ring","precio":59.99} []
[2026-01-04T19:13:50.818890+00:00] VideoclubLogger.INFO: Socio incluido: Juan {"cliente":1,"nombre":"Juan","username":""} []
[2026-01-04T19:13:50.819021+00:00] VideoclubLogger.INFO: Soporte no alquilado: Avatar {"soporte":1} []
[2026-01-04T19:13:50.819213+00:00] VideoclubLogger.INFO: Soporte no alquilado: Inception {"soporte":2} []
[2026-01-04T19:13:50.819302+00:00] VideoclubLogger.INFO: Soporte no alquilado: Elden Ring {"soporte":3} []
[2026-01-04T19:13:50.819378+00:00] VideoclubLogger.INFO: Alquileres realizados {"cliente":1,"cantidad":3,"productos":[1,2,3]} []
[2026-01-04T19:13:50.819505+00:00] VideoclubLogger.INFO: Soporte ya alquilado: Avatar {"soporte":1} []
[2026-01-04T19:13:50.819590+00:00] VideoclubLogger.INFO: Soporte ya alquilado: Inception {"soporte":2} []
[2026-01-04T19:13:50.819682+00:00] VideoclubLogger.INFO: Devoluciones realizadas {"cliente":1,"cantidad":2,"productos":[1,2]} []
[2026-01-04T19:13:50.819837+00:00] VideoclubLogger.INFO: Soporte no alquilado: Avatar {"soporte":1} []
[2026-01-04T19:13:50.819918+00:00] VideoclubLogger.INFO: Alquiler realizado {"cliente":1,"producto":1,"titulo":"Avatar"} []
[2026-01-04T19:13:50.820019+00:00] VideoclubLogger.INFO: Soporte ya alquilado: Avatar {"soporte":1} []
[2026-01-04T19:13:50.820127+00:00] VideoclubLogger.INFO: Soporte ya alquilado: Elden Ring {"soporte":3} []
[2026-01-04T19:13:50.820226+00:00] VideoclubLogger.INFO: Devoluciones realizadas {"cliente":1,"cantidad":2,"productos":[1,3]} []
[2026-01-04T19:13:50.822951+00:00] VideoclubLogger.INFO: Socio incluido: Juan {"cliente":1,"nombre":"Juan","username":""} []
[2026-01-04T19:13:50.823169+00:00] VideoclubLogger.WARNING: Producto no encontrado {"producto":999} []
[2026-01-04T19:13:50.823261+00:00] VideoclubLogger.INFO: Error soporte no encontrado al alquilar {"soporte":999,"error":"Producto con número 999 no encontrado."} []
[2026-01-04T19:13:50.824677+00:00] VideoclubLogger.INFO: Producto incluido: Avatar {"producto":1,"titulo":"Avatar","precio":3.5} []
[2026-01-04T19:13:50.824916+00:00] VideoclubLogger.INFO: Socio incluido: Juan {"cliente":1,"nombre":"Juan","username":""} []
[2026-01-04T19:13:50.825037+00:00] VideoclubLogger.INFO: Socio incluido: Maria {"cliente":2,"nombre":"Maria","username":""} []
[2026-01-04T19:13:50.825160+00:00] VideoclubLogger.INFO: Soporte no alquilado: Avatar {"soporte":1} []
[2026-01-04T19:13:50.825345+00:00] VideoclubLogger.INFO: Alquiler realizado {"cliente":1,"producto":1,"titulo":"Avatar"} []
[2026-01-04T19:13:50.825468+00:00] VideoclubLogger.INFO: Soporte no alquilado: Avatar {"soporte":1} []
[2026-01-04T19:13:50.825645+00:00] VideoclubLogger.INFO: Alquiler realizado {"cliente":2,"producto":1,"titulo":"Avatar"} []
[2026-01-04T19:13:50.826926+00:00] VideoclubLogger.INFO: Producto incluido: Avatar {"producto":1,"titulo":"Avatar","precio":3.5} []
[2026-01-04T19:13:50.827142+00:00] VideoclubLogger.INFO: Producto incluido: Titanic {"producto":2,"titulo":"Titanic","precio":2.5} []
[2026-01-04T19:13:50.827246+00:00] VideoclubLogger.INFO: Producto incluido: Inception {"producto":3,"titulo":"Inception","precio":4.5} []
[2026-01-04T19:13:50.827374+00:00] VideoclubLogger.INFO: Socio incluido: Juan {"cliente":1,"nombre":"Juan","username":""} []
[2026-01-04T19:13:50.827483+00:00] VideoclubLogger.INFO: Soporte no alquilado: Avatar {"soporte":1} []
[2026-01-04T19:13:50.827660+00:00] VideoclubLogger.INFO: Alquiler realizado {"cliente":1,"producto":1,"titulo":"Avatar"} []
[2026-01-04T19:13:50.827762+00:00] VideoclubLogger.INFO: Soporte no alquilado: Titanic {"soporte":2} []
[2026-01-04T19:13:50.827839+00:00] VideoclubLogger.INFO: Alquiler realizado {"cliente":1,"producto":2,"titulo":"Titanic"} []
[2026-01-04T19:13:50.827954+00:00] VideoclubLogger.INFO: Soporte no alquilado: Inception {"soporte":3} []
[2026-01-04T19:13:50.828024+00:00] VideoclubLogger.WARNING: Cupo superado al intentar alquilar: max 2 {"cliente":1} []
[2026-01-04T19:13:50.828113+00:00] VideoclubLogger.INFO: Cupo superado al intentar alquilar {"cliente":1,"error":"No se puede alquilar: se ha superado el maximo de 2 alquileres."} []
[2026-01-04T19:13:50.829374+00:00] VideoclubLogger.INFO: Producto incluido: Avatar {"producto":1,"titulo":"Avatar","precio":3.5} []
[2026-01-04T19:13:50.829579+00:00] VideoclubLogger.INFO: Producto incluido: Titanic {"producto":2,"titulo":"Titanic","precio":2.5} []
[2026-01-04T19:13:50.829681+00:00] VideoclubLogger.WARNING: Socio no encontrado {"cliente":999} []
[2026-01-04T19:13:50.829955+00:00] VideoclubLogger.WARNING: Error cliente no encontrado al alquilar varios {"cliente":999,"error":"Socio con número 999 no encontrado."} []
[2026-01-04T19:13:50.831556+00:00] VideoclubLogger.INFO: Producto incluido: Avatar {"producto":1,"titulo":"Avatar","precio":3.5} []
[2026-01-04T19:13:50.831796+00:00] VideoclubLogger.INFO: Socio incluido: Juan {"cliente":1,"nombre":"Juan","username":""} []
[2026-01-04T19:13:50.831910+00:00] VideoclubLogger.WARNING: Producto no encontrado {"producto":999} []
[2026-01-04T19:13:50.831989+00:00] VideoclubLogger.WARNING: Error soporte no encontrado al alquilar varios {"soportes":[1,999],"cliente":1,"error":"Producto con número 999 no encontrado."} []
[2026-01-04T19:13:50.833319+00:00] VideoclubLogger.INFO: Producto incluido: Avatar {"producto":1,"titulo":"Avatar","precio":3.5} []
[2026-01-04T19:13:50.833522+00:00] VideoclubLogger.INFO: Producto incluido: Titanic {"producto":2,"titulo":"Titanic","precio":2.5} []
[2026-01-04T19:13:50.833654+00:00] VideoclubLogger.INFO: Socio incluido: Juan {"cliente":1,"nombre":"Juan","username":""} []
[2026-01-04T19:13:50.833765+00:00] VideoclubLogger.INFO: Socio incluido: Maria {"cliente":2,"nombre":"Maria","username":""} []
[2026-01-04T19:13:50.833870+00:00] VideoclubLogger.INFO: Soporte no alquilado: Avatar {"soporte":1} []
[2026-01-04T19:13:50.834045+00:00] VideoclubLogger.INFO: Alquiler realizado {"cliente":1,"producto":1,"titulo":"Avatar"} []
[2026-01-04T19:13:50.834164+00:00] VideoclubLogger.WARNING: Intento de alquiler de soporte ya alquilado {"soporte":1,"titulo":"Avatar","cliente":2} []
[2026-01-04T19:13:50.834448+00:00] VideoclubLogger.WARNING: Soporte ya alquilado al intentar alquilar varios {"soportes":[1,2],"cliente":2,"error":"El soporte Avatar ya está alquilado."} []
[2026-01-04T19:13:50.836140+00:00] VideoclubLogger.INFO: Producto incluido: Avatar {"producto":1,"titulo":"Avatar","precio":3.5} []
[2026-01-04T19:13:50.836351+00:00] VideoclubLogger.INFO: Producto incluido: Titanic {"producto":2,"titulo":"Titanic","precio":2.5} []
[2026-01-04T19:13:50.836454+00:00] VideoclubLogger.INFO: Producto incluido: Inception {"producto":3,"titulo":"Inception","precio":4.5} []
[2026-01-04T19:13:50.836549+00:00] VideoclubLogger.INFO: Producto incluido: The Matrix {"producto":4,"titulo":"The Matrix","precio":3.0} []
[2026-01-04T19:13:50.836675+00:00] VideoclubLogger.INFO: Socio incluido: Juan {"cliente":1,"nombre":"Juan","username":""} []
[2026-01-04T19:13:50.836802+00:00] VideoclubLogger.WARNING: Cupo superado al intentar alquilar varios productos {"cliente":1,"intentados":3,"maximo":2} []
[2026-01-04T19:13:50.836885+00:00] VideoclubLogger.WARNING: Cupo superado al alquilar varios productos {"cliente":1,"cantidad_solicitada":3,"error":"No se pueden alquilar todos los productos: se superaría el máximo de alquileres."} []
[2026-01-04T19:13:50.838152+00:00] VideoclubLogger.INFO: Producto incluido: Avatar {"producto":1,"titulo":"Avatar","precio":3.5} []
[2026-01-04T19:13:50.838352+00:00] VideoclubLogger.WARNING: Socio no encontrado {"cliente":999} []
[2026-01-04T19:13:50.838438+00:00] VideoclubLogger.INFO: Error cliente no encontrado al devolver {"cliente":999,"error":"Socio con número 999 no encontrado."} []
[2026-01-04T19:13:50.839643+00:00] VideoclubLogger.INFO: Socio incluido: Juan {"cliente":1,"nombre":"Juan","username":""} []
[2026-01-04T19:13:50.839843+00:00] VideoclubLogger.WARNING: Producto no encontrado {"producto":999} []
[2026-01-04T19:13:50.839928+00:00] VideoclubLogger.INFO: Error soporte no encontrado al devolver {"soporte":999,"error":"Producto con número 999 no encontrado."} []
[2026-01-04T19:13:50.841127+00:00] VideoclubLogger.INFO: Producto incluido: Avatar {"producto":1,"titulo":"Avatar","precio":3.5} []
[2026-01-04T19:13:50.841333+00:00] VideoclubLogger.INFO: Producto incluido: Titanic {"producto":2,"titulo":"Titanic","precio":2.5} []
[2026-01-04T19:13:50.841430+00:00] VideoclubLogger.WARNING: Socio no encontrado {"cliente":999} []
[2026-01-04T19:13:50.841510+00:00] VideoclubLogger.WARNING: Error cliente no encontrado al devolver varios {"cliente":999,"error":"Socio con número 999 no encontrado."} []
[2026-01-04T19:13:50.842706+00:00] VideoclubLogger.INFO: Producto incluido: Avatar {"producto":1,"titulo":"Avatar","precio":3.5} []
[2026-01-04T19:13:50.842909+00:00] VideoclubLogger.INFO: Producto incluido: Titanic {"producto":2,"titulo":"Titanic","precio":2.5} []
[2026-01-04T19:13:50.843039+00:00] VideoclubLogger.INFO: Socio incluido: Juan {"cliente":1,"nombre":"Juan","username":""} []
[2026-01-04T19:13:50.843161+00:00] VideoclubLogger.INFO: Soporte no alquilado: Avatar {"soporte":1} []
[2026-01-04T19:13:50.843375+00:00] VideoclubLogger.WARNING: Intento de devolver soporte no alquilado por socio {"producto":1,"titulo":"Avatar","cliente":1} []
[2026-01-04T19:13:50.843467+00:00] VideoclubLogger.WARNING: Error soporte no encontrado al devolver varios {"soportes":[1,2],"cliente":1,"error":"El soporte Avatar no está alquilado por este socio."} []
[2026-01-04T19:13:50.844712+00:00] VideoclubLogger.INFO: No hay productos registrados {"videoclub":"Test Videoclub"} []
[2026-01-04T19:13:50.845956+00:00] VideoclubLogger.INFO: Producto incluido: Avatar {"producto":1,"titulo":"Avatar","precio":3.5} []
[2026-01-04T19:13:50.846177+00:00] VideoclubLogger.INFO: Producto incluido: Inception {"producto":2,"titulo":"Inception","precio":4.5} []
[2026-01-04T19:13:50.846277+00:00] VideoclubLogger.INFO: Producto listado {"producto":1,"titulo":"Avatar","precio":3.5,"alquilado":false} []
[2026-01-04T19:13:50.846363+00:00] VideoclubLogger.INFO: Producto listado {"producto":2,"titulo":"Inception","precio":4.5,"alquilado":false} []
[2026-01-04T19:13:50.847552+00:00] VideoclubLogger.INFO: No hay socios registrados {"videoclub":"Test Videoclub"} []
[2026-01-04T19:13:50.848795+00:00] VideoclubLogger.INFO: Producto incluido: Avatar {"producto":1,"titulo":"Avatar","precio":3.5} []
[2026-01-04T19:13:50.848995+00:00] VideoclubLogger.WARNING: Socio no encontrado {"cliente":999} []
[2026-01-04T19:13:50.849092+00:00] VideoclubLogger.INFO: Error cliente no encontrado al alquilar {"cliente":999,"error":"Socio con número 999 no encontrado."} []
[2026-01-04T19:13:50.850329+00:00] VideoclubLogger.INFO: Producto incluido: Avatar {"producto":1,"titulo":"Avatar","precio":3.5} []
[2026-01-04T19:13:50.850536+00:00] VideoclubLogger.INFO: Producto incluido: Titanic {"producto":2,"titulo":"Titanic","precio":2.5} []
[2026-01-04T19:13:50.850642+00:00] VideoclubLogger.INFO: Producto incluido: Jaws {"producto":3,"titulo":"Jaws","precio":2.0} []
[2026-01-04T19:13:50.850767+00:00] VideoclubLogger.INFO: Socio incluido: Juan {"cliente":1,"nombre":"Juan","username":""} []
[2026-01-04T19:13:50.850878+00:00] VideoclubLogger.INFO: Socio incluido: Maria {"cliente":2,"nombre":"Maria","username":""} []
[2026-01-04T19:13:50.850984+00:00] VideoclubLogger.INFO: Soporte no alquilado: Avatar {"soporte":1} []
[2026-01-04T19:13:50.851190+00:00] VideoclubLogger.INFO: Alquiler realizado {"cliente":2,"producto":1,"titulo":"Avatar"} []
[2026-01-04T19:13:50.851300+00:00] VideoclubLogger.WARNING: Intento de alquiler de soporte ya alquilado {"soporte":1,"titulo":"Avatar","cliente":1} []
[2026-01-04T19:13:50.851385+00:00] VideoclubLogger.WARNING: Soporte ya alquilado al intentar alquilar varios {"soportes":[1,2,3],"cliente":1,"error":"El soporte Avatar ya está alquilado."} []
[2026-01-04T19:13:50.852702+00:00] VideoclubLogger.INFO: Producto incluido: Avatar {"producto":1,"titulo":"Avatar","precio":3.5} []
[2026-01-04T19:13:50.852900+00:00] VideoclubLogger.WARNING: Socio no encontrado {"cliente":999} []
[2026-01-04T19:13:50.852985+00:00] VideoclubLogger.INFO: Error cliente no encontrado al devolver {"cliente":999,"error":"Socio con número 999 no encontrado."} []
[2026-01-04T19:13:50.854481+00:00] VideoclubLogger.INFO: Socio incluido: Juan {"cliente":1,"nombre":"Juan","username":""} []
[2026-01-04T19:13:50.854689+00:00] VideoclubLogger.WARNING: Producto no encontrado {"producto":999} []
[2026-01-04T19:13:50.854776+00:00] VideoclubLogger.INFO: Error soporte no encontrado al alquilar {"soporte":999,"error":"Producto con número 999 no encontrado."} []
[2026-01-04T19:13:50.855983+00:00] VideoclubLogger.INFO: Producto incluido: Inception {"producto":1,"titulo":"Inception","precio":4.5} []
[2026-01-04T19:13:50.856202+00:00] VideoclubLogger.INFO: Producto incluido: The Matrix {"producto":2,"titulo":"The Matrix","precio":3.0} []
[2026-01-04T19:13:50.857425+00:00] VideoclubLogger.INFO: Producto incluido: Elden Ring {"producto":1,"titulo":"Elden Ring","precio":59.99} []
[2026-01-04T19:13:50.857631+00:00] VideoclubLogger.INFO: Producto incluido: God of War {"producto":2,"titulo":"God of War","precio":49.99} []
[2026-01-04T19:13:50.858912+00:00] VideoclubLogger.INFO: Socio incluido: Juan {"cliente":1,"nombre":"Juan","username":"juan"} []
[2026-01-04T19:13:50.859155+00:00] VideoclubLogger.INFO: Socio incluido: Maria {"cliente":2,"nombre":"Maria","username":"maria"} []
[2026-01-04T19:13:50.860380+00:00] VideoclubLogger.INFO: Socio incluido: Test {"cliente":1,"nombre":"Test","username":""} []
[2026-01-04T19:13:50.861681+00:00] VideoclubLogger.INFO: Producto incluido: Avatar {"producto":1,"titulo":"Avatar","precio":3.5} []
[2026-01-04T19:13:50.861918+00:00] VideoclubLogger.INFO: Socio incluido: Juan {"cliente":1,"nombre":"Juan","username":""} []
[2026-01-04T19:13:50.862035+00:00] VideoclubLogger.INFO: Soporte no alquilado: Avatar {"soporte":1} []
[2026-01-04T19:13:50.862230+00:00] VideoclubLogger.INFO: Alquiler realizado {"cliente":1,"producto":1,"titulo":"Avatar"} []
[2026-01-04T19:13:50.863536+00:00] VideoclubLogger.INFO: Producto incluido: Avatar {"producto":1,"titulo":"Avatar","precio":3.5} []
[2026-01-04T19:13:50.863736+00:00] VideoclubLogger.WARNING: Socio no encontrado {"cliente":999} []
[2026-01-04T19:13:50.863820+00:00] VideoclubLogger.INFO: Error cliente no encontrado al alquilar {"cliente":999,"error":"Socio con número 999 no encontrado."} []
[2026-01-04T19:13:50.865034+00:00] VideoclubLogger.INFO: Producto incluido: Avatar {"producto":1,"titulo":"Avatar","precio":3.5} []
[2026-01-04T19:13:50.865312+00:00] VideoclubLogger.INFO: Socio incluido: Juan {"cliente":1,"nombre":"Juan","username":""} []
[2026-01-04T19:13:50.865427+00:00] VideoclubLogger.INFO: Soporte no alquilado: Avatar {"soporte":1} []
[2026-01-04T19:13:50.865605+00:00] VideoclubLogger.INFO: Alquiler realizado {"cliente":1,"producto":1,"titulo":"Avatar"} []
[2026-01-04T19:13:50.865739+00:00] VideoclubLogger.INFO: Devolución realizada {"cliente":1,"producto":1,"titulo":"Avatar"} []
[2026-01-04T19:13:50.867037+00:00] VideoclubLogger.INFO: Producto incluido: Avatar {"producto":1,"titulo":"Avatar","precio":3.5} []
[2026-01-04T19:13:50.867247+00:00] VideoclubLogger.WARNING: Socio no encontrado {"cliente":999} []
[2026-01-04T19:13:50.867332+00:00] VideoclubLogger.INFO: Error cliente no encontrado al alquilar {"cliente":999,"error":"Socio con número 999 no encontrado."} []
[2026-01-04T19:13:50.868541+00:00] VideoclubLogger.INFO: Producto incluido: Avatar {"producto":1,"titulo":"Avatar","precio":3.5} []
[2026-01-04T19:13:50.868745+00:00] VideoclubLogger.INFO: Producto incluido: Titanic {"producto":2,"titulo":"Titanic","precio":2.5} []
[2026-01-04T19:13:50.868848+00:00] VideoclubLogger.INFO: Producto incluido: Jaws {"producto":3,"titulo":"Jaws","precio":2.0} []
[2026-01-04T19:13:50.868972+00:00] VideoclubLogger.INFO: Socio incluido: Juan {"cliente":1,"nombre":"Juan","username":""} []
[2026-01-04T19:13:50.869094+00:00] VideoclubLogger.INFO: Socio incluido: Maria {"cliente":2,"nombre":"Maria","username":""} []
[2026-01-04T19:13:50.869213+00:00] VideoclubLogger.INFO: Soporte no alquilado: Avatar {"soporte":1} []
[2026-01-04T19:13:50.869394+00:00] VideoclubLogger.INFO: Alquiler realizado {"cliente":2,"producto":1,"titulo":"Avatar"} []
[2026-01-04T19:13:50.869500+00:00] VideoclubLogger.WARNING: Intento de alquiler de soporte ya alquilado {"soporte":1,"titulo":"Avatar","cliente":1} []
[2026-01-04T19:13:50.869583+00:00] VideoclubLogger.WARNING: Soporte ya alquilado al intentar alquilar varios {"soportes":[1,2,3],"cliente":1,"error":"El soporte Avatar ya está alquilado."} []
[2026-01-04T19:13:50.870955+00:00] VideoclubLogger.INFO: Producto incluido: Película 0 {"producto":1,"titulo":"Película 0","precio":2.5} []
[2026-01-04T19:13:50.871173+00:00] VideoclubLogger.INFO: Producto incluido: Película 1 {"producto":2,"titulo":"Película 1","precio":3.0} []
[2026-01-04T19:13:50.871280+00:00] VideoclubLogger.INFO: Producto incluido: Película 2 {"producto":3,"titulo":"Película 2","precio":3.5} []
[2026-01-04T19:13:50.871377+00:00] VideoclubLogger.INFO: Producto incluido: Película 3 {"producto":4,"titulo":"Película 3","precio":4.0} []
[2026-01-04T19:13:50.871517+00:00] VideoclubLogger.INFO: Producto incluido: Película 4 {"producto":5,"titulo":"Película 4","precio":4.5} []
[2026-01-04T19:13:50.872773+00:00] VideoclubLogger.INFO: Producto incluido: Película 0 {"producto":1,"titulo":"Película 0","precio":2.5} []
[2026-01-04T19:13:50.872982+00:00] VideoclubLogger.INFO: Producto incluido: Película 1 {"producto":2,"titulo":"Película 1","precio":3.0} []
[2026-01-04T19:13:50.873098+00:00] VideoclubLogger.INFO: Producto incluido: Película 2 {"producto":3,"titulo":"Película 2","precio":3.5} []
[2026-01-04T19:13:50.873195+00:00] VideoclubLogger.INFO: Producto incluido: Película 3 {"producto":4,"titulo":"Película 3","precio":4.0} []
[2026-01-04T19:13:50.873287+00:00] VideoclubLogger.INFO: Producto incluido: Película 4 {"producto":5,"titulo":"Película 4","precio":4.5} []
[2026-01-04T19:13:50.873378+00:00] VideoclubLogger.INFO: Producto incluido: Película 5 {"producto":6,"titulo":"Película 5","precio":5.0} []
[2026-01-04T19:13:50.873470+00:00] VideoclubLogger.INFO: Producto incluido: Película 6 {"producto":7,"titulo":"Película 6","precio":5.5} []
[2026-01-04T19:13:50.873560+00:00] VideoclubLogger.INFO: Producto incluido: Película 7 {"producto":8,"titulo":"Película 7","precio":6.0} []
[2026-01-04T19:13:50.873649+00:00] VideoclubLogger.INFO: Producto incluido: Película 8 {"producto":9,"titulo":"Película 8","precio":6.5} []
[2026-01-04T19:13:50.873739+00:00] VideoclubLogger.INFO: Producto incluido: Película 9 {"producto":10,"titulo":"Película 9","precio":7.0} []
[2026-01-04T19:13:50.874951+00:00] VideoclubLogger.INFO: Producto incluido: Película 0 {"producto":1,"titulo":"Película 0","precio":2.5} []
[2026-01-04T19:13:50.875176+00:00] VideoclubLogger.INFO: Producto incluido: Película 1 {"producto":2,"titulo":"Película 1","precio":3.0} []
[2026-01-04T19:13:50.875288+00:00] VideoclubLogger.INFO: Producto incluido: Película 2 {"producto":3,"titulo":"Película 2","precio":3.5} []
[2026-01-04T19:13:50.875385+00:00] VideoclubLogger.INFO: Producto incluido: Película 3 {"producto":4,"titulo":"Película 3","precio":4.0} []
[2026-01-04T19:13:50.875477+00:00] VideoclubLogger.INFO: Producto incluido: Película 4 {"producto":5,"titulo":"Película 4","precio":4.5} []
[2026-01-04T19:13:50.875569+00:00] VideoclubLogger.INFO: Producto incluido: Película 5 {"producto":6,"titulo":"Película 5","precio":5.0} []
[2026-01-04T19:13:50.875660+00:00] VideoclubLogger.INFO: Producto incluido: Película 6 {"producto":7,"titulo":"Película 6","precio":5.5} []
[2026-01-04T19:13:50.875751+00:00] VideoclubLogger.INFO: Producto incluido: Película 7 {"producto":8,"titulo":"Película 7","precio":6.0} []
[2026-01-04T19:13:50.875842+00:00] VideoclubLogger.INFO: Producto incluido: Película 8 {"producto":9,"titulo":"Película 8","precio":6.5} []
[2026-01-04T19:13:50.875931+00:00] VideoclubLogger.INFO: Producto incluido: Película 9 {"producto":10,"titulo":"Película 9","precio":7.0} []
[2026-01-04T19:13:50.876020+00:00] VideoclubLogger.INFO: Producto incluido: Película 10 {"producto":11,"titulo":"Película 10","precio":7.5} []
[2026-01-04T19:13:50.876125+00:00] VideoclubLogger.INFO: Producto incluido: Película 11 {"producto":12,"titulo":"Película 11","precio":8.0} []
[2026-01-04T19:13:50.876217+00:00] VideoclubLogger.INFO: Producto incluido: Película 12 {"producto":13,"titulo":"Película 12","precio":8.5} []
[2026-01-04T19:13:50.876307+00:00] VideoclubLogger.INFO: Producto incluido: Película 13 {"producto":14,"titulo":"Película 13","precio":9.0} []
[2026-01-04T19:13:50.876396+00:00] VideoclubLogger.INFO: Producto incluido: Película 14 {"producto":15,"titulo":"Película 14","precio":9.5} []
[2026-01-04T19:13:50.877609+00:00] VideoclubLogger.INFO: Producto incluido: Película 0 {"producto":1,"titulo":"Película 0","precio":2.5} []
[2026-01-04T19:13:50.877818+00:00] VideoclubLogger.INFO: Producto incluido: Película 1 {"producto":2,"titulo":"Película 1","precio":3.0} []
[2026-01-04T19:13:50.877925+00:00] VideoclubLogger.INFO: Producto incluido: Película 2 {"producto":3,"titulo":"Película 2","precio":3.5} []
[2026-01-04T19:13:50.878076+00:00] VideoclubLogger.INFO: Producto incluido: Película 3 {"producto":4,"titulo":"Película 3","precio":4.0} []
[2026-01-04T19:13:50.878178+00:00] VideoclubLogger.INFO: Producto incluido: Película 4 {"producto":5,"titulo":"Película 4","precio":4.5} []
[2026-01-04T19:13:50.878272+00:00] VideoclubLogger.INFO: Producto incluido: Película 5 {"producto":6,"titulo":"Película 5","precio":5.0} []
[2026-01-04T19:13:50.878364+00:00] VideoclubLogger.INFO: Producto incluido: Película 6 {"producto":7,"titulo":"Película 6","precio":5.5} []
[2026-01-04T19:13:50.878455+00:00] VideoclubLogger.INFO: Producto incluido: Película 7 {"producto":8,"titulo":"Película 7","precio":6.0} []
[2026-01-04T19:13:50.878546+00:00] VideoclubLogger.INFO: Producto incluido: Película 8 {"producto":9,"titulo":"Película 8","precio":6.5} []
[2026-01-04T19:13:50.878638+00:00] VideoclubLogger.INFO: Producto incluido: Película 9 {"producto":10,"titulo":"Película 9","precio":7.0} []
[2026-01-04T19:13:50.878728+00:00] VideoclubLogger.INFO: Producto incluido: Película 10 {"producto":11,"titulo":"Película 10","precio":7.5} []
[2026-01-04T19:13:50.878821+00:00] VideoclubLogger.INFO: Producto incluido: Película 11 {"producto":12,"titulo":"Película 11","precio":8.0} []
[2026-01-04T19:13:50.878913+00:00] VideoclubLogger.INFO: Producto incluido: Película 12 {"producto":13,"titulo":"Película 12","precio":8.5} []
[2026-01-04T19:13:50.879015+00:00] VideoclubLogger.INFO: Producto incluido: Película 13 {"producto":14,"titulo":"Película 13","precio":9.0} []
[2026-01-04T19:13:50.879115+00:00] VideoclubLogger.INFO: Producto incluido: Película 14 {"producto":15,"titulo":"Película 14","precio":9.5} []
[2026-01-04T19:13:50.879208+00:00] VideoclubLogger.INFO: Producto incluido: Película 15 {"producto":16,"titulo":"Película 15","precio":10.0} []
[2026-01-04T19:13:50.879298+00:00] VideoclubLogger.INFO: Producto incluido: Película 16 {"producto":17,"titulo":"Película 16","precio":10.5} []
[2026-01-04T19:13:50.879388+00:00] VideoclubLogger.INFO: Producto incluido: Película 17 {"producto":18,"titulo":"Película 17","precio":11.0} []
[2026-01-04T19:13:50.879479+00:00] VideoclubLogger.INFO: Producto incluido: Película 18 {"producto":19,"titulo":"Película 18","precio":11.5} []
[2026-01-04T19:13:50.879570+00:00] VideoclubLogger.INFO: Producto incluido: Película 19 {"producto":20,"titulo":"Película 19","precio":12.0} []
[2026-01-04T19:13:50.880920+00:00] VideoclubLogger.INFO: Socio incluido: Socio 0 {"cliente":1,"nombre":"Socio 0","username":"user0"} []
[2026-01-04T19:13:50.881183+00:00] VideoclubLogger.INFO: Socio incluido: Socio 1 {"cliente":2,"nombre":"Socio 1","username":"user1"} []
[2026-01-04T19:13:50.881311+00:00] VideoclubLogger.INFO: Socio incluido: Socio 2 {"cliente":3,"nombre":"Socio 2","username":"user2"} []
[2026-01-04T19:13:50.882555+00:00] VideoclubLogger.INFO: Socio incluido: Socio 0 {"cliente":1,"nombre":"Socio 0","username":"user0"} []
[2026-01-04T19:13:50.882813+00:00] VideoclubLogger.INFO: Socio incluido: Socio 1 {"cliente":2,"nombre":"Socio 1","username":"user1"} []
[2026-01-04T19:13:50.882934+00:00] VideoclubLogger.INFO: Socio incluido: Socio 2 {"cliente":3,"nombre":"Socio 2","username":"user2"} []
[2026-01-04T19:13:50.883046+00:00] VideoclubLogger.INFO: Socio incluido: Socio 3 {"cliente":4,"nombre":"Socio 3","username":"user3"} []
[2026-01-04T19:13:50.883172+00:00] VideoclubLogger.INFO: Socio incluido: Socio 4 {"cliente":5,"nombre":"Socio 4","username":"user4"} []
[2026-01-04T19:13:50.884393+00:00] VideoclubLogger.INFO: Socio incluido: Socio 0 {"cliente":1,"nombre":"Socio 0","username":"user0"} []
[2026-01-04T19:13:50.884621+00:00] VideoclubLogger.INFO: Socio incluido: Socio 1 {"cliente":2,"nombre":"Socio 1","username":"user1"} []
[2026-01-04T19:13:50.884740+00:00] VideoclubLogger.INFO: Socio incluido: Socio 2 {"cliente":3,"nombre":"Socio 2","username":"user2"} []
[2026-01-04T19:13:50.884849+00:00] VideoclubLogger.INFO: Socio incluido: Socio 3 {"cliente":4,"nombre":"Socio 3","username":"user3"} []
[2026-01-04T19:13:50.885004+00:00] VideoclubLogger.INFO: Socio incluido: Socio 4 {"cliente":5,"nombre":"Socio 4","username":"user4"} []
[2026-01-04T19:13:50.885133+00:00] VideoclubLogger.INFO: Socio incluido: Socio 5 {"cliente":6,"nombre":"Socio 5","username":"user5"} []
[2026-01-04T19:13:50.885242+00:00] VideoclubLogger.INFO: Socio incluido: Socio 6 {"cliente":7,"nombre":"Socio 6","username":"user6"} []
[2026-01-04T19:13:50.885348+00:00] VideoclubLogger.INFO: Socio incluido: Socio 7 {"cliente":8,"nombre":"Socio 7","username":"user7"} []
[2026-01-04T19:13:50.885453+00:00] VideoclubLogger.INFO: Socio incluido: Socio 8 {"cliente":9,"nombre":"Socio 8","username":"user8"} []
[2026-01-04T19:13:50.885558+00:00] VideoclubLogger.INFO: Socio incluido: Socio 9 {"cliente":10,"nombre":"Socio 9","username":"user9"} []
[2026-01-04T19:13:50.886861+00:00] VideoclubLogger.INFO: Socio incluido: Juan {"cliente":1,"nombre":"Juan","username":""} []
[2026-01-04T19:13:50.887099+00:00] VideoclubLogger.INFO: Socio incluido: Maria {"cliente":2,"nombre":"Maria","username":""} []
[2026-01-04T19:13:50.888369+00:00] VideoclubLogger.INFO: Producto incluido: Avatar {"producto":1,"titulo":"Avatar","precio":3.5} []
[2026-01-04T19:13:50.888606+00:00] VideoclubLogger.INFO: Socio incluido: Juan {"cliente":1,"nombre":"Juan","username":""} []
[2026-01-04T19:13:50.888721+00:00] VideoclubLogger.INFO: Soporte no alquilado: Avatar {"soporte":1} []
[2026-01-04T19:13:50.888904+00:00] VideoclubLogger.INFO: Alquiler realizado {"cliente":1,"producto":1,"titulo":"Avatar"} []
[2026-01-04T19:13:50.889018+00:00] VideoclubLogger.INFO: Devolución realizada {"cliente":1,"producto":1,"titulo":"Avatar"} []
[2026-01-04T19:13:50.890335+00:00] VideoclubLogger.INFO: Producto incluido: Avatar {"producto":1,"titulo":"Avatar","precio":3.5} []
[2026-01-04T19:13:50.890542+00:00] VideoclubLogger.INFO: Producto incluido: Titanic {"producto":2,"titulo":"Titanic","precio":2.5} []
[2026-01-04T19:13:50.891786+00:00] VideoclubLogger.INFO: Socio incluido: Juan {"cliente":1,"nombre":"Juan","username":""} []
[2026-01-04T19:13:50.892012+00:00] VideoclubLogger.INFO: Socio incluido: Maria {"cliente":2,"nombre":"Maria","username":""} []
[2026-01-04T19:13:50.892127+00:00] VideoclubLogger.INFO: Socio listado {"cliente":1,"nombre":"Juan","alquileres":0,"maximo":2} []
[2026-01-04T19:13:50.892215+00:00] VideoclubLogger.INFO: Socio listado {"cliente":2,"nombre":"Maria","alquileres":0,"maximo":3} []
[2026-01-04T19:13:50.894305+00:00] VideoclubLogger.INFO: Soporte no alquilado: Avatar {"soporte":50} []
[2026-01-04T19:13:50.894520+00:00] VideoclubLogger.INFO: Soporte ya alquilado: Avatar {"soporte":50} []
[2026-01-04T19:13:50.895928+00:00] VideoclubLogger.INFO: Soporte no alquilado: Inception {"soporte":51} []
[2026-01-04T19:13:50.896182+00:00] VideoclubLogger.INFO: Soporte ya alquilado: Inception {"soporte":51} []
[2026-01-04T19:13:50.897547+00:00] VideoclubLogger.INFO: Soporte no alquilado: Elden Ring {"soporte":52} []
[2026-01-04T19:13:50.897759+00:00] VideoclubLogger.INFO: Soporte ya alquilado: Elden Ring {"soporte":52} []
[2026-01-04T19:13:50.899266+00:00] VideoclubLogger.INFO: Soporte no alquilado: Película 0 {"soporte":100} []
[2026-01-04T19:13:50.900729+00:00] VideoclubLogger.INFO: Soporte no alquilado: Película 0 {"soporte":100} []
[2026-01-04T19:13:50.900949+00:00] VideoclubLogger.INFO: Soporte no alquilado: Película 1 {"soporte":101} []
[2026-01-04T19:13:50.902312+00:00] VideoclubLogger.INFO: Soporte no alquilado: Película 0 {"soporte":100} []
[2026-01-04T19:13:50.902518+00:00] VideoclubLogger.INFO: Soporte no alquilado: Película 1 {"soporte":101} []
[2026-01-04T19:13:50.902618+00:00] VideoclubLogger.INFO: Soporte no alquilado: Película 2 {"soporte":102} []
[2026-01-04T19:13:50.903961+00:00] VideoclubLogger.INFO: Soporte no alquilado: Película 0 {"soporte":100} []
[2026-01-04T19:13:50.904165+00:00] VideoclubLogger.INFO: Soporte no alquilado: Película 1 {"soporte":101} []
[2026-01-04T19:13:50.904265+00:00] VideoclubLogger.INFO: Soporte no alquilado: Película 2 {"soporte":102} []
[2026-01-04T19:13:50.904401+00:00] VideoclubLogger.INFO: Soporte no alquilado: Película 3 {"soporte":103} []
[2026-01-04T19:13:50.904493+00:00] VideoclubLogger.INFO: Soporte no alquilado: Película 4 {"soporte":104} []
[2026-01-04T19:13:50.905850+00:00] VideoclubLogger.INFO: Soporte no alquilado: Película 0 {"soporte":100} []
[2026-01-04T19:13:50.906052+00:00] VideoclubLogger.INFO: Soporte no alquilado: Película 1 {"soporte":101} []
[2026-01-04T19:13:50.906155+00:00] VideoclubLogger.INFO: Soporte no alquilado: Película 2 {"soporte":102} []
[2026-01-04T19:13:50.906244+00:00] VideoclubLogger.INFO: Soporte no alquilado: Película 3 {"soporte":103} []
[2026-01-04T19:13:50.906330+00:00] VideoclubLogger.INFO: Soporte no alquilado: Película 4 {"soporte":104} []
[2026-01-04T19:13:50.906415+00:00] VideoclubLogger.INFO: Soporte no alquilado: Película 5 {"soporte":105} []
[2026-01-04T19:13:50.906500+00:00] VideoclubLogger.INFO: Soporte no alquilado: Película 6 {"soporte":106} []
[2026-01-04T19:13:50.906585+00:00] VideoclubLogger.INFO: Soporte no alquilado: Película 7 {"soporte":107} []
[2026-01-04T19:13:50.906669+00:00] VideoclubLogger.INFO: Soporte no alquilado: Película 8 {"soporte":108} []
[2026-01-04T19:13:50.906755+00:00] VideoclubLogger.INFO: Soporte no alquilado: Película 9 {"soporte":109} []
[2026-01-04T19:13:50.908195+00:00] VideoclubLogger.INFO: Soporte no alquilado: Película 0 {"soporte":200} []
[2026-01-04T19:13:50.908397+00:00] VideoclubLogger.INFO: Soporte no alquilado: Película 1 {"soporte":201} []
[2026-01-04T19:13:50.908494+00:00] VideoclubLogger.INFO: Soporte no alquilado: Película 2 {"soporte":202} []
[2026-01-04T19:13:50.908615+00:00] VideoclubLogger.INFO: Soporte no alquilado: Película Extra 3 {"soporte":303} []
[2026-01-04T19:13:50.908688+00:00] VideoclubLogger.WARNING: Cupo superado al intentar alquilar: max 3 {"cliente":98} []
[2026-01-04T19:13:50.910643+00:00] VideoclubLogger.INFO: Soporte no alquilado: Película 0 {"soporte":200} []
[2026-01-04T19:13:50.910847+00:00] VideoclubLogger.INFO: Soporte no alquilado: Película 1 {"soporte":201} []
[2026-01-04T19:13:50.910972+00:00] VideoclubLogger.INFO: Soporte no alquilado: Película Extra 2 {"soporte":302} []
[2026-01-04T19:13:50.911047+00:00] VideoclubLogger.WARNING: Cupo superado al intentar alquilar: max 2 {"cliente":98} []
[2026-01-04T19:13:50.912970+00:00] VideoclubLogger.INFO: Soporte no alquilado: Película 0 {"soporte":200} []
[2026-01-04T19:13:50.913332+00:00] VideoclubLogger.INFO: Soporte no alquilado: Película Extra 1 {"soporte":301} []
[2026-01-04T19:13:50.913465+00:00] VideoclubLogger.WARNING: Cupo superado al intentar alquilar: max 1 {"cliente":98} []
[2026-01-04T19:13:50.917765+00:00] VideoclubLogger.INFO: Soporte no alquilado: Avatar {"soporte":1} []
[2026-01-04T19:13:50.918072+00:00] VideoclubLogger.INFO: Soporte ya alquilado: Avatar {"soporte":1} []
[2026-01-04T19:13:50.918243+00:00] VideoclubLogger.INFO: Soporte no alquilado: Avatar {"soporte":1} []
[2026-01-04T19:13:50.920012+00:00] VideoclubLogger.INFO: Soporte no alquilado: Avatar {"soporte":1} []
[2026-01-04T19:13:50.921457+00:00] VideoclubLogger.INFO: Soporte no alquilado: Avatar {"soporte":1} []
[2026-01-04T19:13:50.922876+00:00] VideoclubLogger.INFO: Soporte no alquilado: Avatar {"soporte":1} []
[2026-01-04T19:13:50.923093+00:00] VideoclubLogger.INFO: Soporte ya alquilado: Avatar {"soporte":1} []
[2026-01-04T19:13:50.924647+00:00] VideoclubLogger.INFO: Soporte no alquilado: Avatar {"soporte":1} []
[2026-01-04T19:13:50.927449+00:00] VideoclubLogger.INFO: Soporte no alquilado: Avatar {"soporte":1} []
[2026-01-04T19:13:50.927645+00:00] VideoclubLogger.INFO: Soporte no alquilado: Inception {"soporte":4} []
[2026-01-04T19:13:50.927738+00:00] VideoclubLogger.INFO: Soporte no alquilado: Elden Ring {"soporte":7} []
[2026-01-04T19:13:50.927860+00:00] VideoclubLogger.INFO: Soporte no alquilado: Avatar {"soporte":1} []
[2026-01-04T19:13:50.927968+00:00] VideoclubLogger.INFO: Soporte no alquilado: Inception {"soporte":4} []
[2026-01-04T19:13:50.928058+00:00] VideoclubLogger.INFO: Soporte no alquilado: Titanic {"soporte":2} []
[2026-01-04T19:13:50.928201+00:00] VideoclubLogger.INFO: Soporte no alquilado: Interstellar {"soporte":5} []
[2026-01-04T19:13:50.929550+00:00] VideoclubLogger.INFO: Soporte no alquilado: Avatar {"soporte":1} []
[2026-01-04T19:13:50.929756+00:00] VideoclubLogger.WARNING: Intento de devolver soporte no alquilado: 999 {"cliente":1} []
[2026-01-04T19:13:50.931099+00:00] VideoclubLogger.WARNING: Intento de devolver soporte no alquilado: 1 {"cliente":1} []
[2026-01-04T19:13:50.932757+00:00] VideoclubLogger.INFO: Soporte no alquilado: Avatar {"soporte":1} []
[2026-01-04T19:13:50.932994+00:00] VideoclubLogger.INFO: Soporte no alquilado: Avatar {"soporte":1} []
[2026-01-04T19:13:50.934297+00:00] VideoclubLogger.INFO: Soporte no alquilado: Avatar {"soporte":1} []
[2026-01-04T19:13:50.934491+00:00] VideoclubLogger.INFO: Soporte no alquilado: Inception {"soporte":4} []
[2026-01-04T19:13:50.934592+00:00] VideoclubLogger.INFO: Soporte no alquilado: Elden Ring {"soporte":7} []
[2026-01-04T19:13:50.934666+00:00] VideoclubLogger.WARNING: Cupo superado al intentar alquilar: max 2 {"cliente":1} []
[2026-01-04T19:13:50.936009+00:00] VideoclubLogger.INFO: Soporte no alquilado: Avatar {"soporte":1} []
[2026-01-04T19:13:50.936226+00:00] VideoclubLogger.INFO: Soporte ya alquilado: Avatar {"soporte":1} []
[2026-01-04T19:13:50.936310+00:00] VideoclubLogger.WARNING: Intento de alquiler de soporte ya alquilado: Avatar {"soporte":1,"cliente":1} []
[2026-01-04T19:13:50.937648+00:00] VideoclubLogger.INFO: Alquileres actuales: 0 {"cliente":1} []
[2026-01-04T19:13:50.937828+00:00] VideoclubLogger.INFO: No hay alquileres registrados para el cliente. {"cliente":1} []
[2026-01-04T19:13:50.939181+00:00] VideoclubLogger.INFO: Soporte no alquilado: Avatar {"soporte":1} []
[2026-01-04T19:13:50.939376+00:00] VideoclubLogger.INFO: Soporte no alquilado: Inception {"soporte":4} []
[2026-01-04T19:13:50.939462+00:00] VideoclubLogger.INFO: Alquileres actuales: 2 {"cliente":1} []
[2026-01-04T19:13:50.939542+00:00] VideoclubLogger.INFO: Soporte alquilado: Avatar {"soporte":1,"precio":3.5} []
[2026-01-04T19:13:50.939622+00:00] VideoclubLogger.INFO: Soporte alquilado: Inception {"soporte":4,"precio":4.5} []
[2026-01-04T19:13:50.942598+00:00] VideoclubLogger.INFO: Soporte no alquilado: Avatar {"soporte":1} []
[2026-01-04T19:13:50.942800+00:00] VideoclubLogger.INFO: Soporte no alquilado: Inception {"soporte":4} []
[2026-01-04T19:13:50.944205+00:00] VideoclubLogger.INFO: Soporte no alquilado: Avatar {"soporte":1} []
[2026-01-04T19:13:50.944405+00:00] VideoclubLogger.INFO: Soporte no alquilado: Inception {"soporte":4} []
